ISO-10303-21;
HEADER;
/* Generated by software containing ST-Developer
 * from STEP Tools, Inc. (www.steptools.com) 
 */
/* OPTION: using custom renumber hook */

FILE_DESCRIPTION(
/* description */ ('STEP AP242 Edition 2',
'CAx-IF Rec.Pracs.---Representation and Presentation of Product Manufa
cturing Information (PMI)---4.0---2014-10-13',
'CAx-IF Rec.Pracs.---3D Tessellated Geometry---0.4---2014-09-14','2;1',
'CAx-IF Rec.Pracs.---User Defined Attributes---1.5---2016-08-15'),
/* implementation_level */ '2;1');

FILE_NAME(
/* name */ 'v0 board mount - NH36_1.4_MainMount (1) (1)-1__Body1',
/* time_stamp */ '2026-07-18T04:09:15Z',
/* author */ (''),
/* organization */ (''),
/* preprocessor_version */ 'ST-DEVELOPER v20',
/* originating_system */ 'ONSHAPE BY PTC INC, 1.218',
/* authorisation */ '  ');

FILE_SCHEMA (('AP242_MANAGED_MODEL_BASED_3D_ENGINEERING_MIM_LF { 1 0 10303 442 3 1 4 }'));
ENDSEC;

DATA;
#10=SHAPE_REPRESENTATION_RELATIONSHIP('','',#4103,#11);
#11=ADVANCED_BREP_SHAPE_REPRESENTATION('',(#4101),#7123);
#12=TOROIDAL_SURFACE('',#4539,0.35,0.1);
#13=TOROIDAL_SURFACE('',#4546,0.35,0.1);
#14=TOROIDAL_SURFACE('',#4551,0.31,0.06);
#15=TOROIDAL_SURFACE('',#4556,0.35,0.1);
#16=CONICAL_SURFACE('',#4272,1.72,0.785398163388721);
#17=CONICAL_SURFACE('',#4274,0.209999999999544,0.78539816340939);
#18=CONICAL_SURFACE('',#4277,0.259999999999559,0.785398163394379);
#19=CONICAL_SURFACE('',#4280,0.359999999999561,0.785398163395265);
#20=CONICAL_SURFACE('',#4287,0.134999999999986,0.785398163386392);
#21=CONICAL_SURFACE('',#4290,0.259999999999874,0.785396545089197);
#22=CONICAL_SURFACE('',#4293,0.135000000000032,0.785398163380376);
#23=CONICAL_SURFACE('',#4296,0.20999999999987,0.785396545111875);
#24=CONICAL_SURFACE('',#4298,1.61279999999987,0.785396545093539);
#25=CONICAL_SURFACE('',#4300,0.169999999999997,0.785398163408245);
#26=CONICAL_SURFACE('',#4302,0.58,0.785398163397458);
#27=CONICAL_SURFACE('',#4304,0.17,0.785398163397425);
#28=CONICAL_SURFACE('',#4307,0.17,0.785398163396542);
#29=CONICAL_SURFACE('',#4309,0.259999999999871,0.785396545089917);
#30=CONICAL_SURFACE('',#4311,0.546827479682143,0.785396545096759);
#31=CONICAL_SURFACE('',#4313,0.309999999999904,0.785396545089918);
#32=CONICAL_SURFACE('',#4315,6.40000000000012,0.785396545021874);
#33=CONICAL_SURFACE('',#4317,0.509999999999881,0.785396545087977);
#34=CONICAL_SURFACE('',#4320,0.259999999999879,0.785396545084486);
#35=CONICAL_SURFACE('',#4323,0.25999999999987,0.785396545089386);
#36=CONICAL_SURFACE('',#4326,0.17,0.785398163397452);
#37=CONICAL_SURFACE('',#4328,0.58,0.785398163397457);
#38=CONICAL_SURFACE('',#4330,0.17,0.785398163397073);
#39=CONICAL_SURFACE('',#4332,2.11999999999989,0.785396545107877);
#40=CONICAL_SURFACE('',#4334,0.259999999999905,0.785396545103487);
#41=CONICAL_SURFACE('',#4336,0.546827479682109,0.785396545094038);
#42=CONICAL_SURFACE('',#4338,0.259999999999924,0.785396545099769);
#43=CONICAL_SURFACE('',#4341,0.170000000000021,0.78539816335575);
#44=CONICAL_SURFACE('',#4343,0.32,0.785398163397437);
#45=CONICAL_SURFACE('',#4450,0.16,0.785398163397437);
#46=CONICAL_SURFACE('',#4459,0.135,0.785398163397376);
#47=CONICAL_SURFACE('',#4494,0.0399999999999989,0.785398163371422);
#48=CONICAL_SURFACE('',#4495,0.0399999999999989,0.785398163371278);
#49=CONICAL_SURFACE('',#4497,0.119999999999993,0.785398163389486);
#50=CONICAL_SURFACE('',#4498,6.22,0.785398163325847);
#51=CONICAL_SURFACE('',#4499,0.306827479682031,0.785398163399375);
#52=CONICAL_SURFACE('',#4501,0.12,0.785398163397454);
#53=CONICAL_SURFACE('',#4502,0.38,0.785398163397349);
#54=CONICAL_SURFACE('',#4503,0.12,0.785398163397452);
#55=CONICAL_SURFACE('',#4505,0.0800000000000012,0.785398163397464);
#56=CONICAL_SURFACE('',#4507,0.38,0.785398163397502);
#57=CONICAL_SURFACE('',#4509,0.08,0.785398163397485);
#58=CONICAL_SURFACE('',#4512,0.08,0.785398163397332);
#59=CONICAL_SURFACE('',#4513,0.08,0.785398163397163);
#60=CONICAL_SURFACE('',#4515,0.0799999999999991,0.785398163397404);
#61=CONICAL_SURFACE('',#4518,0.306827479682024,0.785398163397374);
#62=CONICAL_SURFACE('',#4520,0.17,0.785398163397431);
#63=CONICAL_SURFACE('',#4521,0.48,0.785398163397378);
#64=CONICAL_SURFACE('',#4522,0.12,0.785398163397427);
#65=CONICAL_SURFACE('',#4524,0.12,0.785398163397151);
#66=CONICAL_SURFACE('',#4527,1.62,0.785398163363939);
#67=CONICAL_SURFACE('',#4528,19.13,0.785398163562366);
#68=CONICAL_SURFACE('',#4529,0.119999999999993,0.785398163380833);
#69=CONICAL_SURFACE('',#4533,0.32,0.785398163397258);
#70=CONICAL_SURFACE('',#4536,0.32,0.785398163397489);
#71=B_SPLINE_CURVE_WITH_KNOTS('',3,(#6379,#6380,#6381,#6382),
 .UNSPECIFIED.,.F.,.F.,(4,4),(3.99393474713687E-16,0.00222032012505709),
 .UNSPECIFIED.);
#72=B_SPLINE_CURVE_WITH_KNOTS('',3,(#6404,#6405,#6406,#6407),
 .UNSPECIFIED.,.F.,.F.,(4,4),(0.,0.00140993544152821),.UNSPECIFIED.);
#73=B_SPLINE_CURVE_WITH_KNOTS('',3,(#6519,#6520,#6521,#6522),
 .UNSPECIFIED.,.F.,.F.,(4,4),(1.45100606870924,1.50585545446068),
 .UNSPECIFIED.);
#74=B_SPLINE_CURVE_WITH_KNOTS('',3,(#6559,#6560,#6561,#6562,#6563),
 .UNSPECIFIED.,.F.,.F.,(4,1,4),(0.,0.000400317820356904,0.000800635640713808),
 .UNSPECIFIED.);
#75=B_SPLINE_CURVE_WITH_KNOTS('',3,(#6575,#6576,#6577,#6578,#6579),
 .UNSPECIFIED.,.F.,.F.,(4,1,4),(1.7457904046571E-16,0.000398605756499748,
0.000797211512999321),.UNSPECIFIED.);
#76=B_SPLINE_CURVE_WITH_KNOTS('',3,(#6680,#6681,#6682,#6683,#6684),
 .UNSPECIFIED.,.F.,.F.,(4,1,4),(0.,0.000400317820357368,0.000800635640714736),
 .UNSPECIFIED.);
#77=B_SPLINE_CURVE_WITH_KNOTS('',3,(#6704,#6705,#6706,#6707,#6708),
 .UNSPECIFIED.,.F.,.F.,(4,1,4),(3.92523114670944E-17,0.000398605756499658,
0.000797211512999277),.UNSPECIFIED.);
#78=B_SPLINE_CURVE_WITH_KNOTS('',3,(#6715,#6716,#6717,#6718,#6719),
 .UNSPECIFIED.,.F.,.F.,(4,1,4),(0.,0.000400317820357049,0.000800635640714099),
 .UNSPECIFIED.);
#79=B_SPLINE_CURVE_WITH_KNOTS('',3,(#6738,#6739,#6740,#6741,#6742),
 .UNSPECIFIED.,.F.,.F.,(4,1,4),(0.,0.000398605756499754,0.000797211512999509),
 .UNSPECIFIED.);
#80=B_SPLINE_CURVE_WITH_KNOTS('',3,(#6751,#6752,#6753,#6754,#6755),
 .UNSPECIFIED.,.F.,.F.,(4,1,4),(0.,0.000400317820356801,0.000800635640713602),
 .UNSPECIFIED.);
#81=B_SPLINE_CURVE_WITH_KNOTS('',3,(#6765,#6766,#6767,#6768,#6769),
 .UNSPECIFIED.,.F.,.F.,(4,1,4),(3.92523114670944E-17,0.000398605756499801,
0.000797211512999562),.UNSPECIFIED.);
#82=B_SPLINE_CURVE_WITH_KNOTS('',3,(#6916,#6917,#6918,#6919),
 .UNSPECIFIED.,.F.,.F.,(4,4),(2.38863296892745E-16,0.00143200628268292),
 .UNSPECIFIED.);
#83=B_SPLINE_CURVE_WITH_KNOTS('',3,(#6923,#6924,#6925,#6926),
 .UNSPECIFIED.,.F.,.F.,(4,4),(1.02107043930599E-14,0.00284757783635425),
 .UNSPECIFIED.);
#84=B_SPLINE_CURVE_WITH_KNOTS('',3,(#6930,#6931,#6932,#6933),
 .UNSPECIFIED.,.F.,.F.,(4,4),(0.,0.00147245832005109),.UNSPECIFIED.);
#85=B_SPLINE_CURVE_WITH_KNOTS('',3,(#6942,#6943,#6944,#6945),
 .UNSPECIFIED.,.F.,.F.,(4,4),(0.20143266239317,0.216439317020261),
 .UNSPECIFIED.);
#86=B_SPLINE_CURVE_WITH_KNOTS('',3,(#6949,#6950,#6951,#6952,#6953),
 .UNSPECIFIED.,.F.,.F.,(4,1,4),(0.,0.000732360716998673,0.00146472143399735),
 .UNSPECIFIED.);
#87=B_SPLINE_CURVE_WITH_KNOTS('',3,(#6971,#6972,#6973,#6974),
 .UNSPECIFIED.,.F.,.F.,(4,4),(5.7219584981528E-16,0.00113701777965419),
 .UNSPECIFIED.);
#88=B_SPLINE_CURVE_WITH_KNOTS('',3,(#6984,#6985,#6986,#6987,#6988,#6989,
#6990,#6991,#6992),.UNSPECIFIED.,.F.,.F.,(4,1,1,1,1,1,4),(6.16898498142861E-16,
0.000834374814760809,0.00125156222214091,0.001668749629521,0.0020859370369011,
0.00250312444428119,0.00333749925904139),.UNSPECIFIED.);
#89=B_SPLINE_CURVE_WITH_KNOTS('',3,(#7004,#7005,#7006,#7007,#7008),
 .UNSPECIFIED.,.F.,.F.,(4,1,4),(1.94412898642553E-16,0.00144154414879179,
0.00288308829758339),.UNSPECIFIED.);
#90=B_SPLINE_CURVE_WITH_KNOTS('',3,(#7009,#7010,#7011,#7012,#7013),
 .UNSPECIFIED.,.F.,.F.,(4,1,4),(0.,0.00103371530719178,0.00206743061438357),
 .UNSPECIFIED.);
#91=B_SPLINE_CURVE_WITH_KNOTS('',3,(#7016,#7017,#7018,#7019),
 .UNSPECIFIED.,.F.,.F.,(4,4),(-1.77470050236705,-1.70694459834004),
 .UNSPECIFIED.);
#92=B_SPLINE_CURVE_WITH_KNOTS('',3,(#7050,#7051,#7052,#7053,#7054,#7055,
#7056),.UNSPECIFIED.,.F.,.F.,(4,1,1,1,4),(5.3676728633583E-16,0.00027860815338511,
0.000557216306769683,0.000835824460154256,0.00111443261353883),
 .UNSPECIFIED.);
#93=B_SPLINE_CURVE_WITH_KNOTS('',3,(#7058,#7059,#7060,#7061,#7062,#7063,
#7064),.UNSPECIFIED.,.F.,.F.,(4,1,1,1,4),(0.,0.000277323260810073,0.000554646521620146,
0.000831969782430219,0.00110929304324029),.UNSPECIFIED.);
#94=B_SPLINE_CURVE_WITH_KNOTS('',3,(#7066,#7067,#7068,#7069,#7070,#7071,
#7072),.UNSPECIFIED.,.F.,.F.,(4,1,1,1,4),(3.10316769155909E-17,0.000930618240866247,
0.00186123648173246,0.00279185472259868,0.00372247296346489),
 .UNSPECIFIED.);
#95=B_SPLINE_CURVE_WITH_KNOTS('',3,(#7098,#7099,#7100,#7101,#7102,#7103,
#7104),.UNSPECIFIED.,.F.,.F.,(4,1,1,1,4),(5.63761109932659E-16,0.000801253929050512,
0.00160250785810046,0.00240376178715041,0.00320501571620036),
 .UNSPECIFIED.);
#96=PLANE('',#4108);
#97=PLANE('',#4109);
#98=PLANE('',#4168);
#99=PLANE('',#4232);
#100=PLANE('',#4233);
#101=PLANE('',#4235);
#102=PLANE('',#4238);
#103=PLANE('',#4240);
#104=PLANE('',#4241);
#105=PLANE('',#4242);
#106=PLANE('',#4243);
#107=PLANE('',#4244);
#108=PLANE('',#4245);
#109=PLANE('',#4252);
#110=PLANE('',#4259);
#111=PLANE('',#4266);
#112=PLANE('',#4270);
#113=PLANE('',#4276);
#114=PLANE('',#4279);
#115=PLANE('',#4284);
#116=PLANE('',#4286);
#117=PLANE('',#4289);
#118=PLANE('',#4292);
#119=PLANE('',#4295);
#120=PLANE('',#4306);
#121=PLANE('',#4319);
#122=PLANE('',#4322);
#123=PLANE('',#4325);
#124=PLANE('',#4340);
#125=PLANE('',#4346);
#126=PLANE('',#4355);
#127=PLANE('',#4357);
#128=PLANE('',#4364);
#129=PLANE('',#4366);
#130=PLANE('',#4368);
#131=PLANE('',#4375);
#132=PLANE('',#4377);
#133=PLANE('',#4379);
#134=PLANE('',#4385);
#135=PLANE('',#4391);
#136=PLANE('',#4393);
#137=PLANE('',#4405);
#138=PLANE('',#4415);
#139=PLANE('',#4426);
#140=PLANE('',#4429);
#141=PLANE('',#4431);
#142=PLANE('',#4436);
#143=PLANE('',#4439);
#144=PLANE('',#4441);
#145=PLANE('',#4444);
#146=PLANE('',#4445);
#147=PLANE('',#4446);
#148=PLANE('',#4448);
#149=PLANE('',#4451);
#150=PLANE('',#4452);
#151=PLANE('',#4453);
#152=PLANE('',#4454);
#153=PLANE('',#4461);
#154=PLANE('',#4466);
#155=PLANE('',#4469);
#156=PLANE('',#4472);
#157=PLANE('',#4475);
#158=PLANE('',#4482);
#159=PLANE('',#4485);
#160=PLANE('',#4488);
#161=PLANE('',#4493);
#162=PLANE('',#4496);
#163=PLANE('',#4500);
#164=PLANE('',#4504);
#165=PLANE('',#4511);
#166=PLANE('',#4514);
#167=PLANE('',#4517);
#168=PLANE('',#4519);
#169=PLANE('',#4523);
#170=PLANE('',#4525);
#171=PLANE('',#4526);
#172=PLANE('',#4530);
#173=PLANE('',#4542);
#174=PLANE('',#4547);
#175=PLANE('',#4552);
#176=PLANE('',#4558);
#177=PLANE('',#4559);
#178=PLANE('',#4560);
#179=PLANE('',#4561);
#180=PLANE('',#4563);
#181=PLANE('',#4565);
#182=PLANE('',#4566);
#183=PLANE('',#4567);
#184=PLANE('',#4568);
#185=PLANE('',#4569);
#186=PLANE('',#4570);
#187=CIRCLE('',#4106,0.3);
#188=CIRCLE('',#4107,0.3);
#189=CIRCLE('',#4110,0.9);
#190=CIRCLE('',#4111,1.74000021113416);
#191=CIRCLE('',#4112,0.230000211133673);
#192=CIRCLE('',#4113,0.280000211133787);
#193=CIRCLE('',#4114,0.380000211133824);
#194=CIRCLE('',#4115,0.566827479682025);
#195=CIRCLE('',#4116,0.19);
#196=CIRCLE('',#4117,0.14);
#197=CIRCLE('',#4118,0.155000211134585);
#198=CIRCLE('',#4119,0.280000211133637);
#199=CIRCLE('',#4120,0.15500021113471);
#200=CIRCLE('',#4121,0.23000021113364);
#201=CIRCLE('',#4122,1.63280021113325);
#202=CIRCLE('',#4123,0.1900002111346);
#203=CIRCLE('',#4124,0.559999788865379);
#204=CIRCLE('',#4125,0.190000211134619);
#205=CIRCLE('',#4126,0.190000211134624);
#206=CIRCLE('',#4127,0.280000211133622);
#207=CIRCLE('',#4128,0.526827268548179);
#208=CIRCLE('',#4129,0.330000211133755);
#209=CIRCLE('',#4130,6.37999978886759);
#210=CIRCLE('',#4131,0.530000211133834);
#211=CIRCLE('',#4132,0.280000211133743);
#212=CIRCLE('',#4133,0.28000021113364);
#213=CIRCLE('',#4134,0.190000211134621);
#214=CIRCLE('',#4135,0.559999788865379);
#215=CIRCLE('',#4136,0.190000211134616);
#216=CIRCLE('',#4137,2.14000021113365);
#217=CIRCLE('',#4138,0.280000211133759);
#218=CIRCLE('',#4139,0.526827268548403);
#219=CIRCLE('',#4140,0.280000211133839);
#220=CIRCLE('',#4141,0.190000211134744);
#221=CIRCLE('',#4142,0.34000021113462);
#222=CIRCLE('',#4143,0.34);
#223=CIRCLE('',#4144,0.0599999999999983);
#224=CIRCLE('',#4145,0.309999999999984);
#225=CIRCLE('',#4146,0.340000000000025);
#226=CIRCLE('',#4147,0.309999999999994);
#227=CIRCLE('',#4148,0.139999999999996);
#228=CIRCLE('',#4149,0.359999999999992);
#229=CIRCLE('',#4150,0.14);
#230=CIRCLE('',#4151,0.35);
#231=CIRCLE('',#4152,6.23999999999933);
#232=CIRCLE('',#4153,0.139999999999965);
#233=CIRCLE('',#4154,0.139999999999968);
#234=CIRCLE('',#4155,19.1099999999983);
#235=CIRCLE('',#4156,1.63999999998077);
#236=CIRCLE('',#4157,0.139999999999998);
#237=CIRCLE('',#4158,0.139999999999998);
#238=CIRCLE('',#4159,0.459999999999985);
#239=CIRCLE('',#4160,0.189999999999983);
#240=CIRCLE('',#4161,0.286827479682026);
#241=CIRCLE('',#4162,0.35);
#242=CIRCLE('',#4163,0.350000000000023);
#243=CIRCLE('',#4164,0.3);
#244=CIRCLE('',#4165,0.349999999999993);
#245=CIRCLE('',#4166,0.06);
#246=CIRCLE('',#4167,0.3);
#247=CIRCLE('',#4169,0.17);
#248=CIRCLE('',#4170,0.17);
#249=CIRCLE('',#4171,0.14);
#250=CIRCLE('',#4172,0.15);
#251=CIRCLE('',#4173,0.15);
#252=CIRCLE('',#4174,0.6);
#253=CIRCLE('',#4175,0.15);
#254=CIRCLE('',#4176,1.5928);
#255=CIRCLE('',#4177,0.19);
#256=CIRCLE('',#4178,0.6);
#257=CIRCLE('',#4179,0.15);
#258=CIRCLE('',#4180,0.15);
#259=CIRCLE('',#4181,0.24);
#260=CIRCLE('',#4182,0.566827479682026);
#261=CIRCLE('',#4183,0.24);
#262=CIRCLE('',#4184,2.1);
#263=CIRCLE('',#4185,0.15);
#264=CIRCLE('',#4186,0.235);
#265=CIRCLE('',#4187,0.115);
#266=CIRCLE('',#4188,0.115);
#267=CIRCLE('',#4189,0.24);
#268=CIRCLE('',#4190,0.24);
#269=CIRCLE('',#4191,0.24);
#270=CIRCLE('',#4192,0.49);
#271=CIRCLE('',#4193,6.42);
#272=CIRCLE('',#4194,0.29);
#273=CIRCLE('',#4195,0.566827479682025);
#274=CIRCLE('',#4196,0.24);
#275=CIRCLE('',#4197,0.235);
#276=CIRCLE('',#4198,0.17);
#277=CIRCLE('',#4199,0.19);
#278=CIRCLE('',#4200,0.566827479682025);
#279=CIRCLE('',#4201,0.34);
#280=CIRCLE('',#4202,0.24);
#281=CIRCLE('',#4203,0.19);
#282=CIRCLE('',#4204,1.7);
#283=CIRCLE('',#4205,0.9);
#284=CIRCLE('',#4206,0.14);
#285=CIRCLE('',#4207,0.17);
#286=CIRCLE('',#4208,0.17);
#287=CIRCLE('',#4209,0.17);
#288=CIRCLE('',#4210,0.1);
#289=CIRCLE('',#4211,0.1);
#290=CIRCLE('',#4212,0.326827479682024);
#291=CIRCLE('',#4213,0.15);
#292=CIRCLE('',#4214,0.5);
#293=CIRCLE('',#4215,0.1);
#294=CIRCLE('',#4216,0.1);
#295=CIRCLE('',#4217,0.04);
#296=CIRCLE('',#4218,0.04);
#297=CIRCLE('',#4219,1.6);
#298=CIRCLE('',#4220,19.15);
#299=CIRCLE('',#4221,0.1);
#300=CIRCLE('',#4222,0.1);
#301=CIRCLE('',#4223,6.2);
#302=CIRCLE('',#4224,0.326827479682025);
#303=CIRCLE('',#4225,0.1);
#304=CIRCLE('',#4226,0.4);
#305=CIRCLE('',#4227,0.1);
#306=CIRCLE('',#4228,0.1);
#307=CIRCLE('',#4229,0.4);
#308=CIRCLE('',#4230,0.1);
#309=CIRCLE('',#4231,0.1);
#310=CIRCLE('',#4234,0.17);
#311=CIRCLE('',#4237,0.3);
#312=CIRCLE('',#4239,0.17);
#313=CIRCLE('',#4247,0.0999999999999912);
#314=CIRCLE('',#4249,0.4);
#315=CIRCLE('',#4251,0.0999999999999968);
#316=CIRCLE('',#4254,0.1);
#317=CIRCLE('',#4256,0.399999999999985);
#318=CIRCLE('',#4258,0.0999999999999861);
#319=CIRCLE('',#4261,0.326827479682063);
#320=CIRCLE('',#4263,6.20000000000145);
#321=CIRCLE('',#4265,1.60000000000219);
#322=CIRCLE('',#4268,0.0399999999994713);
#323=CIRCLE('',#4269,0.04);
#324=CIRCLE('',#4273,1.70000000000011);
#325=CIRCLE('',#4275,0.189999999999934);
#326=CIRCLE('',#4278,0.24000000000005);
#327=CIRCLE('',#4281,0.340000000000049);
#328=CIRCLE('',#4288,0.115000000000007);
#329=CIRCLE('',#4291,0.240000000000023);
#330=CIRCLE('',#4294,0.114999984190061);
#331=CIRCLE('',#4297,0.190000000000017);
#332=CIRCLE('',#4299,1.5928000000001);
#333=CIRCLE('',#4301,0.149999983444097);
#334=CIRCLE('',#4303,0.599999999999993);
#335=CIRCLE('',#4305,0.15);
#336=CIRCLE('',#4308,0.150000000000003);
#337=CIRCLE('',#4310,0.240000000000015);
#338=CIRCLE('',#4312,0.566827479682122);
#339=CIRCLE('',#4314,0.289999999999993);
#340=CIRCLE('',#4316,6.4199999999987);
#341=CIRCLE('',#4318,0.489999999999941);
#342=CIRCLE('',#4321,0.239999999999972);
#343=CIRCLE('',#4324,0.240000000000022);
#344=CIRCLE('',#4327,0.149999999995793);
#345=CIRCLE('',#4329,0.6);
#346=CIRCLE('',#4331,0.150000000000015);
#347=CIRCLE('',#4333,2.10000001655585);
#348=CIRCLE('',#4335,0.240000000000137);
#349=CIRCLE('',#4337,0.566827479681837);
#350=CIRCLE('',#4339,0.23999999999997);
#351=CIRCLE('',#4342,0.149999983444633);
#352=CIRCLE('',#4344,0.3);
#353=CIRCLE('',#4347,0.5);
#354=CIRCLE('',#4348,0.5);
#355=CIRCLE('',#4351,0.17);
#356=CIRCLE('',#4353,0.17);
#357=CIRCLE('',#4361,0.17);
#358=CIRCLE('',#4363,0.235);
#359=CIRCLE('',#4381,0.235);
#360=CIRCLE('',#4400,0.14);
#361=CIRCLE('',#4402,0.5);
#362=CIRCLE('',#4404,0.04);
#363=CIRCLE('',#4406,0.04);
#364=CIRCLE('',#4407,0.04);
#365=CIRCLE('',#4408,0.04);
#366=CIRCLE('',#4411,0.5);
#367=CIRCLE('',#4412,0.5);
#368=CIRCLE('',#4414,0.04);
#369=CIRCLE('',#4416,0.04);
#370=CIRCLE('',#4417,0.04);
#371=CIRCLE('',#4420,0.5);
#372=CIRCLE('',#4421,0.5);
#373=CIRCLE('',#4425,0.5);
#374=CIRCLE('',#4427,0.25);
#375=CIRCLE('',#4428,0.18);
#376=CIRCLE('',#4430,0.3);
#377=CIRCLE('',#4432,0.25);
#378=CIRCLE('',#4433,0.155);
#379=CIRCLE('',#4435,0.3);
#380=CIRCLE('',#4437,0.25);
#381=CIRCLE('',#4438,0.17);
#382=CIRCLE('',#4440,0.3);
#383=CIRCLE('',#4442,0.25);
#384=CIRCLE('',#4443,0.17);
#385=CIRCLE('',#4447,0.17);
#386=CIRCLE('',#4449,0.17);
#387=CIRCLE('',#4456,0.154999999999997);
#388=CIRCLE('',#4460,0.114999999999996);
#389=CIRCLE('',#4463,19.1500000000036);
#390=CIRCLE('',#4465,0.100000000000349);
#391=CIRCLE('',#4468,0.0999999999993843);
#392=CIRCLE('',#4471,0.0399999999994675);
#393=CIRCLE('',#4474,0.100000000000002);
#394=CIRCLE('',#4477,0.100000000000008);
#395=CIRCLE('',#4479,0.5);
#396=CIRCLE('',#4481,0.149999999999983);
#397=CIRCLE('',#4484,0.326827479682015);
#398=CIRCLE('',#4487,0.1);
#399=CIRCLE('',#4490,0.0999999999999961);
#400=CIRCLE('',#4492,0.0999999999999941);
#401=CIRCLE('',#4506,0.0600000000000011);
#402=CIRCLE('',#4508,0.36);
#403=CIRCLE('',#4510,0.0599999999999838);
#404=CIRCLE('',#4516,0.0600000000000139);
#405=CIRCLE('',#4532,0.3);
#406=CIRCLE('',#4535,0.29999999999999);
#407=CIRCLE('',#4538,0.25);
#408=CIRCLE('',#4541,0.25);
#409=CIRCLE('',#4543,0.349999999999989);
#410=CIRCLE('',#4545,0.25);
#411=CIRCLE('',#4548,0.310000000000025);
#412=CIRCLE('',#4550,0.25);
#413=CIRCLE('',#4553,0.3);
#414=CIRCLE('',#4554,0.17);
#415=ORIENTED_EDGE('',*,*,#1569,.T.);
#416=ORIENTED_EDGE('',*,*,#1570,.T.);
#417=ORIENTED_EDGE('',*,*,#1571,.F.);
#418=ORIENTED_EDGE('',*,*,#1572,.F.);
#419=ORIENTED_EDGE('',*,*,#1573,.T.);
#420=ORIENTED_EDGE('',*,*,#1574,.T.);
#421=ORIENTED_EDGE('',*,*,#1575,.F.);
#422=ORIENTED_EDGE('',*,*,#1576,.F.);
#423=ORIENTED_EDGE('',*,*,#1577,.F.);
#424=ORIENTED_EDGE('',*,*,#1578,.T.);
#425=ORIENTED_EDGE('',*,*,#1579,.T.);
#426=ORIENTED_EDGE('',*,*,#1580,.F.);
#427=ORIENTED_EDGE('',*,*,#1581,.F.);
#428=ORIENTED_EDGE('',*,*,#1582,.F.);
#429=ORIENTED_EDGE('',*,*,#1583,.F.);
#430=ORIENTED_EDGE('',*,*,#1584,.F.);
#431=ORIENTED_EDGE('',*,*,#1585,.F.);
#432=ORIENTED_EDGE('',*,*,#1586,.F.);
#433=ORIENTED_EDGE('',*,*,#1587,.T.);
#434=ORIENTED_EDGE('',*,*,#1588,.F.);
#435=ORIENTED_EDGE('',*,*,#1589,.T.);
#436=ORIENTED_EDGE('',*,*,#1590,.F.);
#437=ORIENTED_EDGE('',*,*,#1591,.F.);
#438=ORIENTED_EDGE('',*,*,#1592,.F.);
#439=ORIENTED_EDGE('',*,*,#1593,.F.);
#440=ORIENTED_EDGE('',*,*,#1594,.F.);
#441=ORIENTED_EDGE('',*,*,#1595,.F.);
#442=ORIENTED_EDGE('',*,*,#1596,.F.);
#443=ORIENTED_EDGE('',*,*,#1597,.F.);
#444=ORIENTED_EDGE('',*,*,#1598,.F.);
#445=ORIENTED_EDGE('',*,*,#1599,.F.);
#446=ORIENTED_EDGE('',*,*,#1600,.F.);
#447=ORIENTED_EDGE('',*,*,#1601,.F.);
#448=ORIENTED_EDGE('',*,*,#1602,.F.);
#449=ORIENTED_EDGE('',*,*,#1603,.F.);
#450=ORIENTED_EDGE('',*,*,#1604,.F.);
#451=ORIENTED_EDGE('',*,*,#1605,.F.);
#452=ORIENTED_EDGE('',*,*,#1606,.F.);
#453=ORIENTED_EDGE('',*,*,#1607,.F.);
#454=ORIENTED_EDGE('',*,*,#1608,.F.);
#455=ORIENTED_EDGE('',*,*,#1609,.F.);
#456=ORIENTED_EDGE('',*,*,#1610,.F.);
#457=ORIENTED_EDGE('',*,*,#1611,.F.);
#458=ORIENTED_EDGE('',*,*,#1612,.F.);
#459=ORIENTED_EDGE('',*,*,#1613,.F.);
#460=ORIENTED_EDGE('',*,*,#1614,.F.);
#461=ORIENTED_EDGE('',*,*,#1615,.F.);
#462=ORIENTED_EDGE('',*,*,#1616,.F.);
#463=ORIENTED_EDGE('',*,*,#1617,.F.);
#464=ORIENTED_EDGE('',*,*,#1618,.F.);
#465=ORIENTED_EDGE('',*,*,#1619,.F.);
#466=ORIENTED_EDGE('',*,*,#1620,.F.);
#467=ORIENTED_EDGE('',*,*,#1621,.F.);
#468=ORIENTED_EDGE('',*,*,#1622,.F.);
#469=ORIENTED_EDGE('',*,*,#1623,.F.);
#470=ORIENTED_EDGE('',*,*,#1624,.F.);
#471=ORIENTED_EDGE('',*,*,#1625,.F.);
#472=ORIENTED_EDGE('',*,*,#1626,.F.);
#473=ORIENTED_EDGE('',*,*,#1572,.T.);
#474=ORIENTED_EDGE('',*,*,#1627,.T.);
#475=ORIENTED_EDGE('',*,*,#1628,.T.);
#476=ORIENTED_EDGE('',*,*,#1629,.T.);
#477=ORIENTED_EDGE('',*,*,#1630,.F.);
#478=ORIENTED_EDGE('',*,*,#1631,.T.);
#479=ORIENTED_EDGE('',*,*,#1632,.F.);
#480=ORIENTED_EDGE('',*,*,#1633,.F.);
#481=ORIENTED_EDGE('',*,*,#1634,.F.);
#482=ORIENTED_EDGE('',*,*,#1635,.F.);
#483=ORIENTED_EDGE('',*,*,#1636,.F.);
#484=ORIENTED_EDGE('',*,*,#1637,.F.);
#485=ORIENTED_EDGE('',*,*,#1638,.F.);
#486=ORIENTED_EDGE('',*,*,#1639,.F.);
#487=ORIENTED_EDGE('',*,*,#1640,.F.);
#488=ORIENTED_EDGE('',*,*,#1641,.F.);
#489=ORIENTED_EDGE('',*,*,#1642,.F.);
#490=ORIENTED_EDGE('',*,*,#1643,.F.);
#491=ORIENTED_EDGE('',*,*,#1644,.F.);
#492=ORIENTED_EDGE('',*,*,#1645,.F.);
#493=ORIENTED_EDGE('',*,*,#1646,.F.);
#494=ORIENTED_EDGE('',*,*,#1647,.F.);
#495=ORIENTED_EDGE('',*,*,#1648,.F.);
#496=ORIENTED_EDGE('',*,*,#1649,.F.);
#497=ORIENTED_EDGE('',*,*,#1650,.F.);
#498=ORIENTED_EDGE('',*,*,#1651,.F.);
#499=ORIENTED_EDGE('',*,*,#1652,.F.);
#500=ORIENTED_EDGE('',*,*,#1653,.F.);
#501=ORIENTED_EDGE('',*,*,#1654,.F.);
#502=ORIENTED_EDGE('',*,*,#1655,.F.);
#503=ORIENTED_EDGE('',*,*,#1656,.F.);
#504=ORIENTED_EDGE('',*,*,#1657,.F.);
#505=ORIENTED_EDGE('',*,*,#1658,.F.);
#506=ORIENTED_EDGE('',*,*,#1659,.F.);
#507=ORIENTED_EDGE('',*,*,#1660,.F.);
#508=ORIENTED_EDGE('',*,*,#1661,.F.);
#509=ORIENTED_EDGE('',*,*,#1662,.T.);
#510=ORIENTED_EDGE('',*,*,#1663,.F.);
#511=ORIENTED_EDGE('',*,*,#1664,.F.);
#512=ORIENTED_EDGE('',*,*,#1665,.F.);
#513=ORIENTED_EDGE('',*,*,#1666,.F.);
#514=ORIENTED_EDGE('',*,*,#1667,.T.);
#515=ORIENTED_EDGE('',*,*,#1575,.T.);
#516=ORIENTED_EDGE('',*,*,#1668,.F.);
#517=ORIENTED_EDGE('',*,*,#1669,.T.);
#518=ORIENTED_EDGE('',*,*,#1670,.T.);
#519=ORIENTED_EDGE('',*,*,#1671,.T.);
#520=ORIENTED_EDGE('',*,*,#1672,.T.);
#521=ORIENTED_EDGE('',*,*,#1673,.F.);
#522=ORIENTED_EDGE('',*,*,#1674,.T.);
#523=ORIENTED_EDGE('',*,*,#1675,.F.);
#524=ORIENTED_EDGE('',*,*,#1676,.T.);
#525=ORIENTED_EDGE('',*,*,#1677,.T.);
#526=ORIENTED_EDGE('',*,*,#1678,.T.);
#527=ORIENTED_EDGE('',*,*,#1679,.T.);
#528=ORIENTED_EDGE('',*,*,#1680,.T.);
#529=ORIENTED_EDGE('',*,*,#1681,.T.);
#530=ORIENTED_EDGE('',*,*,#1682,.F.);
#531=ORIENTED_EDGE('',*,*,#1683,.T.);
#532=ORIENTED_EDGE('',*,*,#1684,.T.);
#533=ORIENTED_EDGE('',*,*,#1685,.T.);
#534=ORIENTED_EDGE('',*,*,#1686,.F.);
#535=ORIENTED_EDGE('',*,*,#1687,.T.);
#536=ORIENTED_EDGE('',*,*,#1688,.T.);
#537=ORIENTED_EDGE('',*,*,#1689,.T.);
#538=ORIENTED_EDGE('',*,*,#1690,.T.);
#539=ORIENTED_EDGE('',*,*,#1691,.T.);
#540=ORIENTED_EDGE('',*,*,#1692,.T.);
#541=ORIENTED_EDGE('',*,*,#1693,.T.);
#542=ORIENTED_EDGE('',*,*,#1694,.T.);
#543=ORIENTED_EDGE('',*,*,#1695,.T.);
#544=ORIENTED_EDGE('',*,*,#1696,.T.);
#545=ORIENTED_EDGE('',*,*,#1697,.T.);
#546=ORIENTED_EDGE('',*,*,#1698,.T.);
#547=ORIENTED_EDGE('',*,*,#1699,.T.);
#548=ORIENTED_EDGE('',*,*,#1700,.T.);
#549=ORIENTED_EDGE('',*,*,#1701,.T.);
#550=ORIENTED_EDGE('',*,*,#1702,.T.);
#551=ORIENTED_EDGE('',*,*,#1703,.T.);
#552=ORIENTED_EDGE('',*,*,#1704,.T.);
#553=ORIENTED_EDGE('',*,*,#1705,.T.);
#554=ORIENTED_EDGE('',*,*,#1706,.T.);
#555=ORIENTED_EDGE('',*,*,#1707,.T.);
#556=ORIENTED_EDGE('',*,*,#1708,.T.);
#557=ORIENTED_EDGE('',*,*,#1709,.T.);
#558=ORIENTED_EDGE('',*,*,#1710,.T.);
#559=ORIENTED_EDGE('',*,*,#1711,.T.);
#560=ORIENTED_EDGE('',*,*,#1712,.T.);
#561=ORIENTED_EDGE('',*,*,#1713,.T.);
#562=ORIENTED_EDGE('',*,*,#1714,.T.);
#563=ORIENTED_EDGE('',*,*,#1715,.T.);
#564=ORIENTED_EDGE('',*,*,#1716,.T.);
#565=ORIENTED_EDGE('',*,*,#1717,.T.);
#566=ORIENTED_EDGE('',*,*,#1718,.F.);
#567=ORIENTED_EDGE('',*,*,#1719,.T.);
#568=ORIENTED_EDGE('',*,*,#1720,.T.);
#569=ORIENTED_EDGE('',*,*,#1721,.T.);
#570=ORIENTED_EDGE('',*,*,#1722,.T.);
#571=ORIENTED_EDGE('',*,*,#1723,.T.);
#572=ORIENTED_EDGE('',*,*,#1724,.F.);
#573=ORIENTED_EDGE('',*,*,#1725,.T.);
#574=ORIENTED_EDGE('',*,*,#1726,.F.);
#575=ORIENTED_EDGE('',*,*,#1727,.T.);
#576=ORIENTED_EDGE('',*,*,#1728,.F.);
#577=ORIENTED_EDGE('',*,*,#1729,.T.);
#578=ORIENTED_EDGE('',*,*,#1730,.T.);
#579=ORIENTED_EDGE('',*,*,#1731,.T.);
#580=ORIENTED_EDGE('',*,*,#1732,.F.);
#581=ORIENTED_EDGE('',*,*,#1577,.T.);
#582=ORIENTED_EDGE('',*,*,#1733,.T.);
#583=ORIENTED_EDGE('',*,*,#1734,.F.);
#584=ORIENTED_EDGE('',*,*,#1735,.F.);
#585=ORIENTED_EDGE('',*,*,#1736,.F.);
#586=ORIENTED_EDGE('',*,*,#1737,.F.);
#587=ORIENTED_EDGE('',*,*,#1738,.T.);
#588=ORIENTED_EDGE('',*,*,#1739,.T.);
#589=ORIENTED_EDGE('',*,*,#1740,.F.);
#590=ORIENTED_EDGE('',*,*,#1741,.F.);
#591=ORIENTED_EDGE('',*,*,#1742,.T.);
#592=ORIENTED_EDGE('',*,*,#1743,.F.);
#593=ORIENTED_EDGE('',*,*,#1744,.F.);
#594=ORIENTED_EDGE('',*,*,#1745,.F.);
#595=ORIENTED_EDGE('',*,*,#1746,.F.);
#596=ORIENTED_EDGE('',*,*,#1747,.F.);
#597=ORIENTED_EDGE('',*,*,#1748,.T.);
#598=ORIENTED_EDGE('',*,*,#1749,.F.);
#599=ORIENTED_EDGE('',*,*,#1750,.T.);
#600=ORIENTED_EDGE('',*,*,#1751,.T.);
#601=ORIENTED_EDGE('',*,*,#1752,.T.);
#602=ORIENTED_EDGE('',*,*,#1753,.F.);
#603=ORIENTED_EDGE('',*,*,#1754,.T.);
#604=ORIENTED_EDGE('',*,*,#1755,.F.);
#605=ORIENTED_EDGE('',*,*,#1756,.T.);
#606=ORIENTED_EDGE('',*,*,#1757,.T.);
#607=ORIENTED_EDGE('',*,*,#1758,.T.);
#608=ORIENTED_EDGE('',*,*,#1759,.F.);
#609=ORIENTED_EDGE('',*,*,#1760,.T.);
#610=ORIENTED_EDGE('',*,*,#1761,.F.);
#611=ORIENTED_EDGE('',*,*,#1762,.T.);
#612=ORIENTED_EDGE('',*,*,#1763,.F.);
#613=ORIENTED_EDGE('',*,*,#1764,.T.);
#614=ORIENTED_EDGE('',*,*,#1765,.F.);
#615=ORIENTED_EDGE('',*,*,#1766,.T.);
#616=ORIENTED_EDGE('',*,*,#1767,.F.);
#617=ORIENTED_EDGE('',*,*,#1768,.F.);
#618=ORIENTED_EDGE('',*,*,#1769,.T.);
#619=ORIENTED_EDGE('',*,*,#1770,.T.);
#620=ORIENTED_EDGE('',*,*,#1771,.F.);
#621=ORIENTED_EDGE('',*,*,#1772,.T.);
#622=ORIENTED_EDGE('',*,*,#1773,.F.);
#623=ORIENTED_EDGE('',*,*,#1774,.T.);
#624=ORIENTED_EDGE('',*,*,#1772,.F.);
#625=ORIENTED_EDGE('',*,*,#1775,.T.);
#626=ORIENTED_EDGE('',*,*,#1676,.F.);
#627=ORIENTED_EDGE('',*,*,#1776,.F.);
#628=ORIENTED_EDGE('',*,*,#1777,.F.);
#629=ORIENTED_EDGE('',*,*,#1778,.F.);
#630=ORIENTED_EDGE('',*,*,#1570,.F.);
#631=ORIENTED_EDGE('',*,*,#1779,.T.);
#632=ORIENTED_EDGE('',*,*,#1780,.T.);
#633=ORIENTED_EDGE('',*,*,#1781,.F.);
#634=ORIENTED_EDGE('',*,*,#1782,.F.);
#635=ORIENTED_EDGE('',*,*,#1783,.F.);
#636=ORIENTED_EDGE('',*,*,#1781,.T.);
#637=ORIENTED_EDGE('',*,*,#1784,.T.);
#638=ORIENTED_EDGE('',*,*,#1770,.F.);
#639=ORIENTED_EDGE('',*,*,#1785,.T.);
#640=ORIENTED_EDGE('',*,*,#1628,.F.);
#641=ORIENTED_EDGE('',*,*,#1786,.T.);
#642=ORIENTED_EDGE('',*,*,#1787,.F.);
#643=ORIENTED_EDGE('',*,*,#1669,.F.);
#644=ORIENTED_EDGE('',*,*,#1788,.T.);
#645=ORIENTED_EDGE('',*,*,#1789,.F.);
#646=ORIENTED_EDGE('',*,*,#1786,.F.);
#647=ORIENTED_EDGE('',*,*,#1790,.T.);
#648=ORIENTED_EDGE('',*,*,#1573,.F.);
#649=ORIENTED_EDGE('',*,*,#1791,.T.);
#650=ORIENTED_EDGE('',*,*,#1792,.F.);
#651=ORIENTED_EDGE('',*,*,#1672,.F.);
#652=ORIENTED_EDGE('',*,*,#1793,.T.);
#653=ORIENTED_EDGE('',*,*,#1774,.F.);
#654=ORIENTED_EDGE('',*,*,#1794,.F.);
#655=ORIENTED_EDGE('',*,*,#1795,.F.);
#656=ORIENTED_EDGE('',*,*,#1796,.F.);
#657=ORIENTED_EDGE('',*,*,#1674,.F.);
#658=ORIENTED_EDGE('',*,*,#1777,.T.);
#659=ORIENTED_EDGE('',*,*,#1797,.F.);
#660=ORIENTED_EDGE('',*,*,#1795,.T.);
#661=ORIENTED_EDGE('',*,*,#1673,.T.);
#662=ORIENTED_EDGE('',*,*,#1794,.T.);
#663=ORIENTED_EDGE('',*,*,#1773,.T.);
#664=ORIENTED_EDGE('',*,*,#1798,.F.);
#665=ORIENTED_EDGE('',*,*,#1799,.F.);
#666=ORIENTED_EDGE('',*,*,#1631,.F.);
#667=ORIENTED_EDGE('',*,*,#1630,.T.);
#668=ORIENTED_EDGE('',*,*,#1800,.T.);
#669=ORIENTED_EDGE('',*,*,#1768,.T.);
#670=ORIENTED_EDGE('',*,*,#1801,.F.);
#671=ORIENTED_EDGE('',*,*,#1802,.F.);
#672=ORIENTED_EDGE('',*,*,#1798,.T.);
#673=ORIENTED_EDGE('',*,*,#1803,.T.);
#674=ORIENTED_EDGE('',*,*,#1804,.F.);
#675=ORIENTED_EDGE('',*,*,#1805,.F.);
#676=ORIENTED_EDGE('',*,*,#1734,.T.);
#677=ORIENTED_EDGE('',*,*,#1806,.F.);
#678=ORIENTED_EDGE('',*,*,#1807,.T.);
#679=ORIENTED_EDGE('',*,*,#1765,.T.);
#680=ORIENTED_EDGE('',*,*,#1808,.T.);
#681=ORIENTED_EDGE('',*,*,#1809,.F.);
#682=ORIENTED_EDGE('',*,*,#1808,.F.);
#683=ORIENTED_EDGE('',*,*,#1764,.F.);
#684=ORIENTED_EDGE('',*,*,#1810,.T.);
#685=ORIENTED_EDGE('',*,*,#1811,.F.);
#686=ORIENTED_EDGE('',*,*,#1810,.F.);
#687=ORIENTED_EDGE('',*,*,#1763,.T.);
#688=ORIENTED_EDGE('',*,*,#1812,.T.);
#689=ORIENTED_EDGE('',*,*,#1813,.F.);
#690=ORIENTED_EDGE('',*,*,#1812,.F.);
#691=ORIENTED_EDGE('',*,*,#1762,.F.);
#692=ORIENTED_EDGE('',*,*,#1814,.F.);
#693=ORIENTED_EDGE('',*,*,#1815,.F.);
#694=ORIENTED_EDGE('',*,*,#1814,.T.);
#695=ORIENTED_EDGE('',*,*,#1761,.T.);
#696=ORIENTED_EDGE('',*,*,#1816,.F.);
#697=ORIENTED_EDGE('',*,*,#1817,.F.);
#698=ORIENTED_EDGE('',*,*,#1816,.T.);
#699=ORIENTED_EDGE('',*,*,#1760,.F.);
#700=ORIENTED_EDGE('',*,*,#1818,.F.);
#701=ORIENTED_EDGE('',*,*,#1819,.F.);
#702=ORIENTED_EDGE('',*,*,#1818,.T.);
#703=ORIENTED_EDGE('',*,*,#1759,.T.);
#704=ORIENTED_EDGE('',*,*,#1820,.T.);
#705=ORIENTED_EDGE('',*,*,#1821,.F.);
#706=ORIENTED_EDGE('',*,*,#1820,.F.);
#707=ORIENTED_EDGE('',*,*,#1758,.F.);
#708=ORIENTED_EDGE('',*,*,#1822,.F.);
#709=ORIENTED_EDGE('',*,*,#1823,.F.);
#710=ORIENTED_EDGE('',*,*,#1822,.T.);
#711=ORIENTED_EDGE('',*,*,#1757,.F.);
#712=ORIENTED_EDGE('',*,*,#1824,.T.);
#713=ORIENTED_EDGE('',*,*,#1825,.F.);
#714=ORIENTED_EDGE('',*,*,#1824,.F.);
#715=ORIENTED_EDGE('',*,*,#1756,.F.);
#716=ORIENTED_EDGE('',*,*,#1826,.F.);
#717=ORIENTED_EDGE('',*,*,#1827,.F.);
#718=ORIENTED_EDGE('',*,*,#1828,.F.);
#719=ORIENTED_EDGE('',*,*,#1751,.F.);
#720=ORIENTED_EDGE('',*,*,#1829,.F.);
#721=ORIENTED_EDGE('',*,*,#1830,.F.);
#722=ORIENTED_EDGE('',*,*,#1829,.T.);
#723=ORIENTED_EDGE('',*,*,#1750,.F.);
#724=ORIENTED_EDGE('',*,*,#1831,.F.);
#725=ORIENTED_EDGE('',*,*,#1832,.T.);
#726=ORIENTED_EDGE('',*,*,#1833,.F.);
#727=ORIENTED_EDGE('',*,*,#1834,.T.);
#728=ORIENTED_EDGE('',*,*,#1835,.F.);
#729=ORIENTED_EDGE('',*,*,#1836,.T.);
#730=ORIENTED_EDGE('',*,*,#1837,.F.);
#731=ORIENTED_EDGE('',*,*,#1838,.T.);
#732=ORIENTED_EDGE('',*,*,#1839,.F.);
#733=ORIENTED_EDGE('',*,*,#1840,.F.);
#734=ORIENTED_EDGE('',*,*,#1839,.T.);
#735=ORIENTED_EDGE('',*,*,#1841,.T.);
#736=ORIENTED_EDGE('',*,*,#1842,.T.);
#737=ORIENTED_EDGE('',*,*,#1843,.F.);
#738=ORIENTED_EDGE('',*,*,#1727,.F.);
#739=ORIENTED_EDGE('',*,*,#1844,.F.);
#740=ORIENTED_EDGE('',*,*,#1579,.F.);
#741=ORIENTED_EDGE('',*,*,#1580,.T.);
#742=ORIENTED_EDGE('',*,*,#1844,.T.);
#743=ORIENTED_EDGE('',*,*,#1726,.T.);
#744=ORIENTED_EDGE('',*,*,#1845,.T.);
#745=ORIENTED_EDGE('',*,*,#1846,.T.);
#746=ORIENTED_EDGE('',*,*,#1581,.T.);
#747=ORIENTED_EDGE('',*,*,#1846,.F.);
#748=ORIENTED_EDGE('',*,*,#1847,.T.);
#749=ORIENTED_EDGE('',*,*,#1848,.F.);
#750=ORIENTED_EDGE('',*,*,#1848,.T.);
#751=ORIENTED_EDGE('',*,*,#1849,.T.);
#752=ORIENTED_EDGE('',*,*,#1850,.T.);
#753=ORIENTED_EDGE('',*,*,#1582,.T.);
#754=ORIENTED_EDGE('',*,*,#1851,.T.);
#755=ORIENTED_EDGE('',*,*,#1583,.T.);
#756=ORIENTED_EDGE('',*,*,#1850,.F.);
#757=ORIENTED_EDGE('',*,*,#1852,.T.);
#758=ORIENTED_EDGE('',*,*,#1853,.T.);
#759=ORIENTED_EDGE('',*,*,#1584,.T.);
#760=ORIENTED_EDGE('',*,*,#1851,.F.);
#761=ORIENTED_EDGE('',*,*,#1854,.T.);
#762=ORIENTED_EDGE('',*,*,#1855,.T.);
#763=ORIENTED_EDGE('',*,*,#1585,.T.);
#764=ORIENTED_EDGE('',*,*,#1853,.F.);
#765=ORIENTED_EDGE('',*,*,#1856,.T.);
#766=ORIENTED_EDGE('',*,*,#1857,.F.);
#767=ORIENTED_EDGE('',*,*,#1586,.T.);
#768=ORIENTED_EDGE('',*,*,#1855,.F.);
#769=ORIENTED_EDGE('',*,*,#1858,.T.);
#770=ORIENTED_EDGE('',*,*,#1859,.F.);
#771=ORIENTED_EDGE('',*,*,#1587,.F.);
#772=ORIENTED_EDGE('',*,*,#1857,.T.);
#773=ORIENTED_EDGE('',*,*,#1860,.F.);
#774=ORIENTED_EDGE('',*,*,#1719,.F.);
#775=ORIENTED_EDGE('',*,*,#1588,.T.);
#776=ORIENTED_EDGE('',*,*,#1859,.T.);
#777=ORIENTED_EDGE('',*,*,#1718,.T.);
#778=ORIENTED_EDGE('',*,*,#1861,.T.);
#779=ORIENTED_EDGE('',*,*,#1862,.F.);
#780=ORIENTED_EDGE('',*,*,#1589,.F.);
#781=ORIENTED_EDGE('',*,*,#1861,.F.);
#782=ORIENTED_EDGE('',*,*,#1717,.F.);
#783=ORIENTED_EDGE('',*,*,#1590,.T.);
#784=ORIENTED_EDGE('',*,*,#1862,.T.);
#785=ORIENTED_EDGE('',*,*,#1728,.T.);
#786=ORIENTED_EDGE('',*,*,#1843,.T.);
#787=ORIENTED_EDGE('',*,*,#1863,.T.);
#788=ORIENTED_EDGE('',*,*,#1864,.T.);
#789=ORIENTED_EDGE('',*,*,#1865,.F.);
#790=ORIENTED_EDGE('',*,*,#1591,.T.);
#791=ORIENTED_EDGE('',*,*,#1865,.T.);
#792=ORIENTED_EDGE('',*,*,#1866,.T.);
#793=ORIENTED_EDGE('',*,*,#1867,.F.);
#794=ORIENTED_EDGE('',*,*,#1592,.T.);
#795=ORIENTED_EDGE('',*,*,#1867,.T.);
#796=ORIENTED_EDGE('',*,*,#1868,.T.);
#797=ORIENTED_EDGE('',*,*,#1869,.F.);
#798=ORIENTED_EDGE('',*,*,#1593,.T.);
#799=ORIENTED_EDGE('',*,*,#1869,.T.);
#800=ORIENTED_EDGE('',*,*,#1870,.T.);
#801=ORIENTED_EDGE('',*,*,#1871,.T.);
#802=ORIENTED_EDGE('',*,*,#1594,.T.);
#803=ORIENTED_EDGE('',*,*,#1871,.F.);
#804=ORIENTED_EDGE('',*,*,#1872,.T.);
#805=ORIENTED_EDGE('',*,*,#1873,.F.);
#806=ORIENTED_EDGE('',*,*,#1595,.T.);
#807=ORIENTED_EDGE('',*,*,#1873,.T.);
#808=ORIENTED_EDGE('',*,*,#1874,.T.);
#809=ORIENTED_EDGE('',*,*,#1863,.F.);
#810=ORIENTED_EDGE('',*,*,#1596,.T.);
#811=ORIENTED_EDGE('',*,*,#1875,.T.);
#812=ORIENTED_EDGE('',*,*,#1876,.T.);
#813=ORIENTED_EDGE('',*,*,#1877,.F.);
#814=ORIENTED_EDGE('',*,*,#1597,.T.);
#815=ORIENTED_EDGE('',*,*,#1877,.T.);
#816=ORIENTED_EDGE('',*,*,#1878,.T.);
#817=ORIENTED_EDGE('',*,*,#1879,.F.);
#818=ORIENTED_EDGE('',*,*,#1598,.T.);
#819=ORIENTED_EDGE('',*,*,#1879,.T.);
#820=ORIENTED_EDGE('',*,*,#1880,.T.);
#821=ORIENTED_EDGE('',*,*,#1881,.T.);
#822=ORIENTED_EDGE('',*,*,#1599,.T.);
#823=ORIENTED_EDGE('',*,*,#1881,.F.);
#824=ORIENTED_EDGE('',*,*,#1882,.T.);
#825=ORIENTED_EDGE('',*,*,#1883,.F.);
#826=ORIENTED_EDGE('',*,*,#1600,.T.);
#827=ORIENTED_EDGE('',*,*,#1884,.F.);
#828=ORIENTED_EDGE('',*,*,#1601,.T.);
#829=ORIENTED_EDGE('',*,*,#1883,.T.);
#830=ORIENTED_EDGE('',*,*,#1885,.T.);
#831=ORIENTED_EDGE('',*,*,#1884,.T.);
#832=ORIENTED_EDGE('',*,*,#1886,.T.);
#833=ORIENTED_EDGE('',*,*,#1887,.F.);
#834=ORIENTED_EDGE('',*,*,#1602,.T.);
#835=ORIENTED_EDGE('',*,*,#1888,.F.);
#836=ORIENTED_EDGE('',*,*,#1603,.T.);
#837=ORIENTED_EDGE('',*,*,#1887,.T.);
#838=ORIENTED_EDGE('',*,*,#1889,.T.);
#839=ORIENTED_EDGE('',*,*,#1875,.F.);
#840=ORIENTED_EDGE('',*,*,#1604,.T.);
#841=ORIENTED_EDGE('',*,*,#1888,.T.);
#842=ORIENTED_EDGE('',*,*,#1890,.T.);
#843=ORIENTED_EDGE('',*,*,#1891,.T.);
#844=ORIENTED_EDGE('',*,*,#1892,.T.);
#845=ORIENTED_EDGE('',*,*,#1893,.T.);
#846=ORIENTED_EDGE('',*,*,#1605,.T.);
#847=ORIENTED_EDGE('',*,*,#1893,.F.);
#848=ORIENTED_EDGE('',*,*,#1894,.T.);
#849=ORIENTED_EDGE('',*,*,#1895,.F.);
#850=ORIENTED_EDGE('',*,*,#1606,.T.);
#851=ORIENTED_EDGE('',*,*,#1895,.T.);
#852=ORIENTED_EDGE('',*,*,#1896,.T.);
#853=ORIENTED_EDGE('',*,*,#1897,.F.);
#854=ORIENTED_EDGE('',*,*,#1607,.T.);
#855=ORIENTED_EDGE('',*,*,#1897,.T.);
#856=ORIENTED_EDGE('',*,*,#1898,.T.);
#857=ORIENTED_EDGE('',*,*,#1899,.F.);
#858=ORIENTED_EDGE('',*,*,#1608,.T.);
#859=ORIENTED_EDGE('',*,*,#1899,.T.);
#860=ORIENTED_EDGE('',*,*,#1900,.T.);
#861=ORIENTED_EDGE('',*,*,#1901,.F.);
#862=ORIENTED_EDGE('',*,*,#1609,.T.);
#863=ORIENTED_EDGE('',*,*,#1901,.T.);
#864=ORIENTED_EDGE('',*,*,#1902,.T.);
#865=ORIENTED_EDGE('',*,*,#1903,.F.);
#866=ORIENTED_EDGE('',*,*,#1610,.T.);
#867=ORIENTED_EDGE('',*,*,#1903,.T.);
#868=ORIENTED_EDGE('',*,*,#1904,.T.);
#869=ORIENTED_EDGE('',*,*,#1905,.F.);
#870=ORIENTED_EDGE('',*,*,#1611,.T.);
#871=ORIENTED_EDGE('',*,*,#1905,.T.);
#872=ORIENTED_EDGE('',*,*,#1906,.T.);
#873=ORIENTED_EDGE('',*,*,#1907,.F.);
#874=ORIENTED_EDGE('',*,*,#1612,.T.);
#875=ORIENTED_EDGE('',*,*,#1907,.T.);
#876=ORIENTED_EDGE('',*,*,#1908,.T.);
#877=ORIENTED_EDGE('',*,*,#1909,.F.);
#878=ORIENTED_EDGE('',*,*,#1613,.T.);
#879=ORIENTED_EDGE('',*,*,#1909,.T.);
#880=ORIENTED_EDGE('',*,*,#1910,.T.);
#881=ORIENTED_EDGE('',*,*,#1891,.F.);
#882=ORIENTED_EDGE('',*,*,#1614,.T.);
#883=ORIENTED_EDGE('',*,*,#1911,.T.);
#884=ORIENTED_EDGE('',*,*,#1912,.T.);
#885=ORIENTED_EDGE('',*,*,#1615,.T.);
#886=ORIENTED_EDGE('',*,*,#1913,.T.);
#887=ORIENTED_EDGE('',*,*,#1914,.T.);
#888=ORIENTED_EDGE('',*,*,#1616,.T.);
#889=ORIENTED_EDGE('',*,*,#1912,.F.);
#890=ORIENTED_EDGE('',*,*,#1915,.T.);
#891=ORIENTED_EDGE('',*,*,#1916,.T.);
#892=ORIENTED_EDGE('',*,*,#1617,.T.);
#893=ORIENTED_EDGE('',*,*,#1914,.F.);
#894=ORIENTED_EDGE('',*,*,#1917,.T.);
#895=ORIENTED_EDGE('',*,*,#1916,.F.);
#896=ORIENTED_EDGE('',*,*,#1918,.T.);
#897=ORIENTED_EDGE('',*,*,#1919,.T.);
#898=ORIENTED_EDGE('',*,*,#1618,.T.);
#899=ORIENTED_EDGE('',*,*,#1919,.F.);
#900=ORIENTED_EDGE('',*,*,#1920,.T.);
#901=ORIENTED_EDGE('',*,*,#1921,.T.);
#902=ORIENTED_EDGE('',*,*,#1619,.T.);
#903=ORIENTED_EDGE('',*,*,#1921,.F.);
#904=ORIENTED_EDGE('',*,*,#1922,.T.);
#905=ORIENTED_EDGE('',*,*,#1923,.T.);
#906=ORIENTED_EDGE('',*,*,#1620,.T.);
#907=ORIENTED_EDGE('',*,*,#1923,.F.);
#908=ORIENTED_EDGE('',*,*,#1924,.T.);
#909=ORIENTED_EDGE('',*,*,#1925,.T.);
#910=ORIENTED_EDGE('',*,*,#1621,.T.);
#911=ORIENTED_EDGE('',*,*,#1925,.F.);
#912=ORIENTED_EDGE('',*,*,#1926,.T.);
#913=ORIENTED_EDGE('',*,*,#1927,.T.);
#914=ORIENTED_EDGE('',*,*,#1622,.T.);
#915=ORIENTED_EDGE('',*,*,#1623,.T.);
#916=ORIENTED_EDGE('',*,*,#1927,.F.);
#917=ORIENTED_EDGE('',*,*,#1928,.T.);
#918=ORIENTED_EDGE('',*,*,#1913,.F.);
#919=ORIENTED_EDGE('',*,*,#1624,.T.);
#920=ORIENTED_EDGE('',*,*,#1929,.T.);
#921=ORIENTED_EDGE('',*,*,#1747,.T.);
#922=ORIENTED_EDGE('',*,*,#1930,.T.);
#923=ORIENTED_EDGE('',*,*,#1931,.T.);
#924=ORIENTED_EDGE('',*,*,#1932,.T.);
#925=ORIENTED_EDGE('',*,*,#1932,.F.);
#926=ORIENTED_EDGE('',*,*,#1933,.T.);
#927=ORIENTED_EDGE('',*,*,#1934,.F.);
#928=ORIENTED_EDGE('',*,*,#1935,.F.);
#929=ORIENTED_EDGE('',*,*,#1936,.F.);
#930=ORIENTED_EDGE('',*,*,#1748,.F.);
#931=ORIENTED_EDGE('',*,*,#1749,.T.);
#932=ORIENTED_EDGE('',*,*,#1936,.T.);
#933=ORIENTED_EDGE('',*,*,#1937,.T.);
#934=ORIENTED_EDGE('',*,*,#1831,.T.);
#935=ORIENTED_EDGE('',*,*,#1730,.F.);
#936=ORIENTED_EDGE('',*,*,#1938,.T.);
#937=ORIENTED_EDGE('',*,*,#1729,.F.);
#938=ORIENTED_EDGE('',*,*,#1939,.T.);
#939=ORIENTED_EDGE('',*,*,#1858,.F.);
#940=ORIENTED_EDGE('',*,*,#1940,.T.);
#941=ORIENTED_EDGE('',*,*,#1720,.F.);
#942=ORIENTED_EDGE('',*,*,#1860,.T.);
#943=ORIENTED_EDGE('',*,*,#1856,.F.);
#944=ORIENTED_EDGE('',*,*,#1941,.F.);
#945=ORIENTED_EDGE('',*,*,#1721,.F.);
#946=ORIENTED_EDGE('',*,*,#1940,.F.);
#947=ORIENTED_EDGE('',*,*,#1854,.F.);
#948=ORIENTED_EDGE('',*,*,#1942,.T.);
#949=ORIENTED_EDGE('',*,*,#1722,.F.);
#950=ORIENTED_EDGE('',*,*,#1941,.T.);
#951=ORIENTED_EDGE('',*,*,#1852,.F.);
#952=ORIENTED_EDGE('',*,*,#1943,.F.);
#953=ORIENTED_EDGE('',*,*,#1723,.F.);
#954=ORIENTED_EDGE('',*,*,#1942,.F.);
#955=ORIENTED_EDGE('',*,*,#1849,.F.);
#956=ORIENTED_EDGE('',*,*,#1944,.T.);
#957=ORIENTED_EDGE('',*,*,#1724,.T.);
#958=ORIENTED_EDGE('',*,*,#1943,.T.);
#959=ORIENTED_EDGE('',*,*,#1847,.F.);
#960=ORIENTED_EDGE('',*,*,#1845,.F.);
#961=ORIENTED_EDGE('',*,*,#1725,.F.);
#962=ORIENTED_EDGE('',*,*,#1944,.F.);
#963=ORIENTED_EDGE('',*,*,#1716,.F.);
#964=ORIENTED_EDGE('',*,*,#1945,.F.);
#965=ORIENTED_EDGE('',*,*,#1946,.T.);
#966=ORIENTED_EDGE('',*,*,#1715,.F.);
#967=ORIENTED_EDGE('',*,*,#1910,.F.);
#968=ORIENTED_EDGE('',*,*,#1947,.F.);
#969=ORIENTED_EDGE('',*,*,#1705,.F.);
#970=ORIENTED_EDGE('',*,*,#1948,.F.);
#971=ORIENTED_EDGE('',*,*,#1908,.F.);
#972=ORIENTED_EDGE('',*,*,#1949,.T.);
#973=ORIENTED_EDGE('',*,*,#1706,.F.);
#974=ORIENTED_EDGE('',*,*,#1947,.T.);
#975=ORIENTED_EDGE('',*,*,#1906,.F.);
#976=ORIENTED_EDGE('',*,*,#1950,.F.);
#977=ORIENTED_EDGE('',*,*,#1707,.F.);
#978=ORIENTED_EDGE('',*,*,#1949,.F.);
#979=ORIENTED_EDGE('',*,*,#1904,.F.);
#980=ORIENTED_EDGE('',*,*,#1951,.T.);
#981=ORIENTED_EDGE('',*,*,#1708,.F.);
#982=ORIENTED_EDGE('',*,*,#1950,.T.);
#983=ORIENTED_EDGE('',*,*,#1902,.F.);
#984=ORIENTED_EDGE('',*,*,#1952,.F.);
#985=ORIENTED_EDGE('',*,*,#1709,.F.);
#986=ORIENTED_EDGE('',*,*,#1951,.F.);
#987=ORIENTED_EDGE('',*,*,#1900,.F.);
#988=ORIENTED_EDGE('',*,*,#1953,.T.);
#989=ORIENTED_EDGE('',*,*,#1710,.F.);
#990=ORIENTED_EDGE('',*,*,#1952,.T.);
#991=ORIENTED_EDGE('',*,*,#1898,.F.);
#992=ORIENTED_EDGE('',*,*,#1954,.F.);
#993=ORIENTED_EDGE('',*,*,#1711,.F.);
#994=ORIENTED_EDGE('',*,*,#1953,.F.);
#995=ORIENTED_EDGE('',*,*,#1896,.F.);
#996=ORIENTED_EDGE('',*,*,#1955,.T.);
#997=ORIENTED_EDGE('',*,*,#1712,.F.);
#998=ORIENTED_EDGE('',*,*,#1954,.T.);
#999=ORIENTED_EDGE('',*,*,#1894,.F.);
#1000=ORIENTED_EDGE('',*,*,#1956,.F.);
#1001=ORIENTED_EDGE('',*,*,#1713,.F.);
#1002=ORIENTED_EDGE('',*,*,#1955,.F.);
#1003=ORIENTED_EDGE('',*,*,#1892,.F.);
#1004=ORIENTED_EDGE('',*,*,#1948,.T.);
#1005=ORIENTED_EDGE('',*,*,#1714,.F.);
#1006=ORIENTED_EDGE('',*,*,#1956,.T.);
#1007=ORIENTED_EDGE('',*,*,#1866,.F.);
#1008=ORIENTED_EDGE('',*,*,#1957,.T.);
#1009=ORIENTED_EDGE('',*,*,#1699,.F.);
#1010=ORIENTED_EDGE('',*,*,#1958,.T.);
#1011=ORIENTED_EDGE('',*,*,#1864,.F.);
#1012=ORIENTED_EDGE('',*,*,#1959,.F.);
#1013=ORIENTED_EDGE('',*,*,#1700,.F.);
#1014=ORIENTED_EDGE('',*,*,#1957,.F.);
#1015=ORIENTED_EDGE('',*,*,#1874,.F.);
#1016=ORIENTED_EDGE('',*,*,#1960,.T.);
#1017=ORIENTED_EDGE('',*,*,#1701,.F.);
#1018=ORIENTED_EDGE('',*,*,#1959,.T.);
#1019=ORIENTED_EDGE('',*,*,#1872,.F.);
#1020=ORIENTED_EDGE('',*,*,#1961,.T.);
#1021=ORIENTED_EDGE('',*,*,#1702,.F.);
#1022=ORIENTED_EDGE('',*,*,#1960,.F.);
#1023=ORIENTED_EDGE('',*,*,#1870,.F.);
#1024=ORIENTED_EDGE('',*,*,#1962,.T.);
#1025=ORIENTED_EDGE('',*,*,#1703,.F.);
#1026=ORIENTED_EDGE('',*,*,#1961,.F.);
#1027=ORIENTED_EDGE('',*,*,#1868,.F.);
#1028=ORIENTED_EDGE('',*,*,#1958,.F.);
#1029=ORIENTED_EDGE('',*,*,#1704,.F.);
#1030=ORIENTED_EDGE('',*,*,#1962,.F.);
#1031=ORIENTED_EDGE('',*,*,#1963,.T.);
#1032=ORIENTED_EDGE('',*,*,#1698,.F.);
#1033=ORIENTED_EDGE('',*,*,#1689,.F.);
#1034=ORIENTED_EDGE('',*,*,#1964,.F.);
#1035=ORIENTED_EDGE('',*,*,#1915,.F.);
#1036=ORIENTED_EDGE('',*,*,#1965,.F.);
#1037=ORIENTED_EDGE('',*,*,#1690,.F.);
#1038=ORIENTED_EDGE('',*,*,#1965,.T.);
#1039=ORIENTED_EDGE('',*,*,#1911,.F.);
#1040=ORIENTED_EDGE('',*,*,#1966,.F.);
#1041=ORIENTED_EDGE('',*,*,#1691,.F.);
#1042=ORIENTED_EDGE('',*,*,#1966,.T.);
#1043=ORIENTED_EDGE('',*,*,#1928,.F.);
#1044=ORIENTED_EDGE('',*,*,#1967,.T.);
#1045=ORIENTED_EDGE('',*,*,#1926,.F.);
#1046=ORIENTED_EDGE('',*,*,#1968,.F.);
#1047=ORIENTED_EDGE('',*,*,#1692,.F.);
#1048=ORIENTED_EDGE('',*,*,#1967,.F.);
#1049=ORIENTED_EDGE('',*,*,#1924,.F.);
#1050=ORIENTED_EDGE('',*,*,#1969,.T.);
#1051=ORIENTED_EDGE('',*,*,#1693,.F.);
#1052=ORIENTED_EDGE('',*,*,#1968,.T.);
#1053=ORIENTED_EDGE('',*,*,#1922,.F.);
#1054=ORIENTED_EDGE('',*,*,#1970,.T.);
#1055=ORIENTED_EDGE('',*,*,#1694,.F.);
#1056=ORIENTED_EDGE('',*,*,#1969,.F.);
#1057=ORIENTED_EDGE('',*,*,#1920,.F.);
#1058=ORIENTED_EDGE('',*,*,#1971,.T.);
#1059=ORIENTED_EDGE('',*,*,#1695,.F.);
#1060=ORIENTED_EDGE('',*,*,#1970,.F.);
#1061=ORIENTED_EDGE('',*,*,#1918,.F.);
#1062=ORIENTED_EDGE('',*,*,#1972,.F.);
#1063=ORIENTED_EDGE('',*,*,#1696,.F.);
#1064=ORIENTED_EDGE('',*,*,#1971,.F.);
#1065=ORIENTED_EDGE('',*,*,#1697,.F.);
#1066=ORIENTED_EDGE('',*,*,#1972,.T.);
#1067=ORIENTED_EDGE('',*,*,#1917,.F.);
#1068=ORIENTED_EDGE('',*,*,#1964,.T.);
#1069=ORIENTED_EDGE('',*,*,#1876,.F.);
#1070=ORIENTED_EDGE('',*,*,#1973,.F.);
#1071=ORIENTED_EDGE('',*,*,#1681,.F.);
#1072=ORIENTED_EDGE('',*,*,#1974,.F.);
#1073=ORIENTED_EDGE('',*,*,#1890,.F.);
#1074=ORIENTED_EDGE('',*,*,#1975,.T.);
#1075=ORIENTED_EDGE('',*,*,#1682,.T.);
#1076=ORIENTED_EDGE('',*,*,#1973,.T.);
#1077=ORIENTED_EDGE('',*,*,#1889,.F.);
#1078=ORIENTED_EDGE('',*,*,#1976,.F.);
#1079=ORIENTED_EDGE('',*,*,#1683,.F.);
#1080=ORIENTED_EDGE('',*,*,#1975,.F.);
#1081=ORIENTED_EDGE('',*,*,#1684,.F.);
#1082=ORIENTED_EDGE('',*,*,#1976,.T.);
#1083=ORIENTED_EDGE('',*,*,#1886,.F.);
#1084=ORIENTED_EDGE('',*,*,#1977,.T.);
#1085=ORIENTED_EDGE('',*,*,#1685,.F.);
#1086=ORIENTED_EDGE('',*,*,#1977,.F.);
#1087=ORIENTED_EDGE('',*,*,#1885,.F.);
#1088=ORIENTED_EDGE('',*,*,#1978,.F.);
#1089=ORIENTED_EDGE('',*,*,#1686,.T.);
#1090=ORIENTED_EDGE('',*,*,#1978,.T.);
#1091=ORIENTED_EDGE('',*,*,#1882,.F.);
#1092=ORIENTED_EDGE('',*,*,#1979,.T.);
#1093=ORIENTED_EDGE('',*,*,#1880,.F.);
#1094=ORIENTED_EDGE('',*,*,#1980,.F.);
#1095=ORIENTED_EDGE('',*,*,#1687,.F.);
#1096=ORIENTED_EDGE('',*,*,#1979,.F.);
#1097=ORIENTED_EDGE('',*,*,#1878,.F.);
#1098=ORIENTED_EDGE('',*,*,#1974,.T.);
#1099=ORIENTED_EDGE('',*,*,#1688,.F.);
#1100=ORIENTED_EDGE('',*,*,#1980,.T.);
#1101=ORIENTED_EDGE('',*,*,#1981,.F.);
#1102=ORIENTED_EDGE('',*,*,#1680,.F.);
#1103=ORIENTED_EDGE('',*,*,#1982,.T.);
#1104=ORIENTED_EDGE('',*,*,#1983,.T.);
#1105=ORIENTED_EDGE('',*,*,#1984,.F.);
#1106=ORIENTED_EDGE('',*,*,#1832,.F.);
#1107=ORIENTED_EDGE('',*,*,#1937,.F.);
#1108=ORIENTED_EDGE('',*,*,#1935,.T.);
#1109=ORIENTED_EDGE('',*,*,#1985,.T.);
#1110=ORIENTED_EDGE('',*,*,#1833,.T.);
#1111=ORIENTED_EDGE('',*,*,#1984,.T.);
#1112=ORIENTED_EDGE('',*,*,#1986,.T.);
#1113=ORIENTED_EDGE('',*,*,#1987,.F.);
#1114=ORIENTED_EDGE('',*,*,#1988,.T.);
#1115=ORIENTED_EDGE('',*,*,#1989,.F.);
#1116=ORIENTED_EDGE('',*,*,#1990,.T.);
#1117=ORIENTED_EDGE('',*,*,#1991,.F.);
#1118=ORIENTED_EDGE('',*,*,#1834,.F.);
#1119=ORIENTED_EDGE('',*,*,#1985,.F.);
#1120=ORIENTED_EDGE('',*,*,#1992,.T.);
#1121=ORIENTED_EDGE('',*,*,#1991,.T.);
#1122=ORIENTED_EDGE('',*,*,#1993,.T.);
#1123=ORIENTED_EDGE('',*,*,#1994,.T.);
#1124=ORIENTED_EDGE('',*,*,#1835,.T.);
#1125=ORIENTED_EDGE('',*,*,#1995,.T.);
#1126=ORIENTED_EDGE('',*,*,#1996,.T.);
#1127=ORIENTED_EDGE('',*,*,#1997,.F.);
#1128=ORIENTED_EDGE('',*,*,#1836,.F.);
#1129=ORIENTED_EDGE('',*,*,#1994,.F.);
#1130=ORIENTED_EDGE('',*,*,#1998,.T.);
#1131=ORIENTED_EDGE('',*,*,#1999,.T.);
#1132=ORIENTED_EDGE('',*,*,#1837,.T.);
#1133=ORIENTED_EDGE('',*,*,#1997,.T.);
#1134=ORIENTED_EDGE('',*,*,#2000,.T.);
#1135=ORIENTED_EDGE('',*,*,#2001,.F.);
#1136=ORIENTED_EDGE('',*,*,#2002,.T.);
#1137=ORIENTED_EDGE('',*,*,#2003,.F.);
#1138=ORIENTED_EDGE('',*,*,#2004,.T.);
#1139=ORIENTED_EDGE('',*,*,#1841,.F.);
#1140=ORIENTED_EDGE('',*,*,#1838,.F.);
#1141=ORIENTED_EDGE('',*,*,#1999,.F.);
#1142=ORIENTED_EDGE('',*,*,#2005,.T.);
#1143=ORIENTED_EDGE('',*,*,#2001,.T.);
#1144=ORIENTED_EDGE('',*,*,#2006,.T.);
#1145=ORIENTED_EDGE('',*,*,#2007,.T.);
#1146=ORIENTED_EDGE('',*,*,#2008,.T.);
#1147=ORIENTED_EDGE('',*,*,#2009,.T.);
#1148=ORIENTED_EDGE('',*,*,#2010,.F.);
#1149=ORIENTED_EDGE('',*,*,#2011,.F.);
#1150=ORIENTED_EDGE('',*,*,#2012,.T.);
#1151=ORIENTED_EDGE('',*,*,#2007,.F.);
#1152=ORIENTED_EDGE('',*,*,#2013,.F.);
#1153=ORIENTED_EDGE('',*,*,#1989,.T.);
#1154=ORIENTED_EDGE('',*,*,#2014,.T.);
#1155=ORIENTED_EDGE('',*,*,#2011,.T.);
#1156=ORIENTED_EDGE('',*,*,#2015,.T.);
#1157=ORIENTED_EDGE('',*,*,#1987,.T.);
#1158=ORIENTED_EDGE('',*,*,#2016,.T.);
#1159=ORIENTED_EDGE('',*,*,#2017,.T.);
#1160=ORIENTED_EDGE('',*,*,#2018,.T.);
#1161=ORIENTED_EDGE('',*,*,#2019,.T.);
#1162=ORIENTED_EDGE('',*,*,#1933,.F.);
#1163=ORIENTED_EDGE('',*,*,#1931,.F.);
#1164=ORIENTED_EDGE('',*,*,#2020,.T.);
#1165=ORIENTED_EDGE('',*,*,#2017,.F.);
#1166=ORIENTED_EDGE('',*,*,#2021,.F.);
#1167=ORIENTED_EDGE('',*,*,#2022,.T.);
#1168=ORIENTED_EDGE('',*,*,#2023,.F.);
#1169=ORIENTED_EDGE('',*,*,#2024,.F.);
#1170=ORIENTED_EDGE('',*,*,#1939,.F.);
#1171=ORIENTED_EDGE('',*,*,#2025,.T.);
#1172=ORIENTED_EDGE('',*,*,#2026,.F.);
#1173=ORIENTED_EDGE('',*,*,#2027,.T.);
#1174=ORIENTED_EDGE('',*,*,#1929,.F.);
#1175=ORIENTED_EDGE('',*,*,#2028,.T.);
#1176=ORIENTED_EDGE('',*,*,#2029,.T.);
#1177=ORIENTED_EDGE('',*,*,#2030,.F.);
#1178=ORIENTED_EDGE('',*,*,#1938,.F.);
#1179=ORIENTED_EDGE('',*,*,#2031,.T.);
#1180=ORIENTED_EDGE('',*,*,#2032,.T.);
#1181=ORIENTED_EDGE('',*,*,#2019,.F.);
#1182=ORIENTED_EDGE('',*,*,#2033,.F.);
#1183=ORIENTED_EDGE('',*,*,#1982,.F.);
#1184=ORIENTED_EDGE('',*,*,#1934,.T.);
#1185=ORIENTED_EDGE('',*,*,#2027,.F.);
#1186=ORIENTED_EDGE('',*,*,#1945,.T.);
#1187=ORIENTED_EDGE('',*,*,#1946,.F.);
#1188=ORIENTED_EDGE('',*,*,#2034,.T.);
#1189=ORIENTED_EDGE('',*,*,#1963,.F.);
#1190=ORIENTED_EDGE('',*,*,#2035,.T.);
#1191=ORIENTED_EDGE('',*,*,#2023,.T.);
#1192=ORIENTED_EDGE('',*,*,#1981,.T.);
#1193=ORIENTED_EDGE('',*,*,#2016,.F.);
#1194=ORIENTED_EDGE('',*,*,#1992,.F.);
#1195=ORIENTED_EDGE('',*,*,#1986,.F.);
#1196=ORIENTED_EDGE('',*,*,#1983,.F.);
#1197=ORIENTED_EDGE('',*,*,#2033,.T.);
#1198=ORIENTED_EDGE('',*,*,#2021,.T.);
#1199=ORIENTED_EDGE('',*,*,#2015,.F.);
#1200=ORIENTED_EDGE('',*,*,#2010,.T.);
#1201=ORIENTED_EDGE('',*,*,#2036,.F.);
#1202=ORIENTED_EDGE('',*,*,#1998,.F.);
#1203=ORIENTED_EDGE('',*,*,#1993,.F.);
#1204=ORIENTED_EDGE('',*,*,#1990,.F.);
#1205=ORIENTED_EDGE('',*,*,#2009,.F.);
#1206=ORIENTED_EDGE('',*,*,#2037,.F.);
#1207=ORIENTED_EDGE('',*,*,#1995,.F.);
#1208=ORIENTED_EDGE('',*,*,#2036,.T.);
#1209=ORIENTED_EDGE('',*,*,#2006,.F.);
#1210=ORIENTED_EDGE('',*,*,#2005,.F.);
#1211=ORIENTED_EDGE('',*,*,#2000,.F.);
#1212=ORIENTED_EDGE('',*,*,#1996,.F.);
#1213=ORIENTED_EDGE('',*,*,#2037,.T.);
#1214=ORIENTED_EDGE('',*,*,#2013,.T.);
#1215=ORIENTED_EDGE('',*,*,#2026,.T.);
#1216=ORIENTED_EDGE('',*,*,#2038,.F.);
#1217=ORIENTED_EDGE('',*,*,#2035,.F.);
#1218=ORIENTED_EDGE('',*,*,#2029,.F.);
#1219=ORIENTED_EDGE('',*,*,#2034,.F.);
#1220=ORIENTED_EDGE('',*,*,#2032,.F.);
#1221=ORIENTED_EDGE('',*,*,#2039,.T.);
#1222=ORIENTED_EDGE('',*,*,#2038,.T.);
#1223=ORIENTED_EDGE('',*,*,#2039,.F.);
#1224=ORIENTED_EDGE('',*,*,#2040,.F.);
#1225=ORIENTED_EDGE('',*,*,#2041,.F.);
#1226=ORIENTED_EDGE('',*,*,#1752,.F.);
#1227=ORIENTED_EDGE('',*,*,#1828,.T.);
#1228=ORIENTED_EDGE('',*,*,#2042,.F.);
#1229=ORIENTED_EDGE('',*,*,#2043,.T.);
#1230=ORIENTED_EDGE('',*,*,#1753,.T.);
#1231=ORIENTED_EDGE('',*,*,#2041,.T.);
#1232=ORIENTED_EDGE('',*,*,#2044,.F.);
#1233=ORIENTED_EDGE('',*,*,#2045,.F.);
#1234=ORIENTED_EDGE('',*,*,#1754,.F.);
#1235=ORIENTED_EDGE('',*,*,#2043,.F.);
#1236=ORIENTED_EDGE('',*,*,#2046,.F.);
#1237=ORIENTED_EDGE('',*,*,#1826,.T.);
#1238=ORIENTED_EDGE('',*,*,#1755,.T.);
#1239=ORIENTED_EDGE('',*,*,#2045,.T.);
#1240=ORIENTED_EDGE('',*,*,#2047,.F.);
#1241=ORIENTED_EDGE('',*,*,#1842,.F.);
#1242=ORIENTED_EDGE('',*,*,#2004,.F.);
#1243=ORIENTED_EDGE('',*,*,#2048,.F.);
#1244=ORIENTED_EDGE('',*,*,#2049,.F.);
#1245=ORIENTED_EDGE('',*,*,#2048,.T.);
#1246=ORIENTED_EDGE('',*,*,#2003,.T.);
#1247=ORIENTED_EDGE('',*,*,#2050,.T.);
#1248=ORIENTED_EDGE('',*,*,#2051,.F.);
#1249=ORIENTED_EDGE('',*,*,#2050,.F.);
#1250=ORIENTED_EDGE('',*,*,#2002,.F.);
#1251=ORIENTED_EDGE('',*,*,#2008,.F.);
#1252=ORIENTED_EDGE('',*,*,#2012,.F.);
#1253=ORIENTED_EDGE('',*,*,#2014,.F.);
#1254=ORIENTED_EDGE('',*,*,#1988,.F.);
#1255=ORIENTED_EDGE('',*,*,#2018,.F.);
#1256=ORIENTED_EDGE('',*,*,#2020,.F.);
#1257=ORIENTED_EDGE('',*,*,#1930,.F.);
#1258=ORIENTED_EDGE('',*,*,#1746,.T.);
#1259=ORIENTED_EDGE('',*,*,#2052,.F.);
#1260=ORIENTED_EDGE('',*,*,#2053,.F.);
#1261=ORIENTED_EDGE('',*,*,#2052,.T.);
#1262=ORIENTED_EDGE('',*,*,#1745,.T.);
#1263=ORIENTED_EDGE('',*,*,#2054,.T.);
#1264=ORIENTED_EDGE('',*,*,#2055,.F.);
#1265=ORIENTED_EDGE('',*,*,#2054,.F.);
#1266=ORIENTED_EDGE('',*,*,#1744,.T.);
#1267=ORIENTED_EDGE('',*,*,#2056,.F.);
#1268=ORIENTED_EDGE('',*,*,#2057,.F.);
#1269=ORIENTED_EDGE('',*,*,#2056,.T.);
#1270=ORIENTED_EDGE('',*,*,#1743,.T.);
#1271=ORIENTED_EDGE('',*,*,#2058,.T.);
#1272=ORIENTED_EDGE('',*,*,#2059,.F.);
#1273=ORIENTED_EDGE('',*,*,#2058,.F.);
#1274=ORIENTED_EDGE('',*,*,#1742,.F.);
#1275=ORIENTED_EDGE('',*,*,#2060,.F.);
#1276=ORIENTED_EDGE('',*,*,#2061,.F.);
#1277=ORIENTED_EDGE('',*,*,#2060,.T.);
#1278=ORIENTED_EDGE('',*,*,#1741,.T.);
#1279=ORIENTED_EDGE('',*,*,#2062,.T.);
#1280=ORIENTED_EDGE('',*,*,#2063,.F.);
#1281=ORIENTED_EDGE('',*,*,#2062,.F.);
#1282=ORIENTED_EDGE('',*,*,#1740,.T.);
#1283=ORIENTED_EDGE('',*,*,#2064,.F.);
#1284=ORIENTED_EDGE('',*,*,#2065,.F.);
#1285=ORIENTED_EDGE('',*,*,#2064,.T.);
#1286=ORIENTED_EDGE('',*,*,#1739,.F.);
#1287=ORIENTED_EDGE('',*,*,#2066,.T.);
#1288=ORIENTED_EDGE('',*,*,#2067,.F.);
#1289=ORIENTED_EDGE('',*,*,#2066,.F.);
#1290=ORIENTED_EDGE('',*,*,#1738,.F.);
#1291=ORIENTED_EDGE('',*,*,#2068,.F.);
#1292=ORIENTED_EDGE('',*,*,#2069,.F.);
#1293=ORIENTED_EDGE('',*,*,#2068,.T.);
#1294=ORIENTED_EDGE('',*,*,#1737,.T.);
#1295=ORIENTED_EDGE('',*,*,#2070,.T.);
#1296=ORIENTED_EDGE('',*,*,#2071,.F.);
#1297=ORIENTED_EDGE('',*,*,#2070,.F.);
#1298=ORIENTED_EDGE('',*,*,#1736,.T.);
#1299=ORIENTED_EDGE('',*,*,#2072,.F.);
#1300=ORIENTED_EDGE('',*,*,#2073,.F.);
#1301=ORIENTED_EDGE('',*,*,#2072,.T.);
#1302=ORIENTED_EDGE('',*,*,#1735,.T.);
#1303=ORIENTED_EDGE('',*,*,#1805,.T.);
#1304=ORIENTED_EDGE('',*,*,#2074,.F.);
#1305=ORIENTED_EDGE('',*,*,#1801,.T.);
#1306=ORIENTED_EDGE('',*,*,#1767,.T.);
#1307=ORIENTED_EDGE('',*,*,#2075,.T.);
#1308=ORIENTED_EDGE('',*,*,#2076,.F.);
#1309=ORIENTED_EDGE('',*,*,#2075,.F.);
#1310=ORIENTED_EDGE('',*,*,#1766,.F.);
#1311=ORIENTED_EDGE('',*,*,#1807,.F.);
#1312=ORIENTED_EDGE('',*,*,#2077,.F.);
#1313=ORIENTED_EDGE('',*,*,#2049,.T.);
#1314=ORIENTED_EDGE('',*,*,#2078,.F.);
#1315=ORIENTED_EDGE('',*,*,#2079,.F.);
#1316=ORIENTED_EDGE('',*,*,#2080,.F.);
#1317=ORIENTED_EDGE('',*,*,#1840,.T.);
#1318=ORIENTED_EDGE('',*,*,#2079,.T.);
#1319=ORIENTED_EDGE('',*,*,#2047,.T.);
#1320=ORIENTED_EDGE('',*,*,#2077,.T.);
#1321=ORIENTED_EDGE('',*,*,#1650,.T.);
#1322=ORIENTED_EDGE('',*,*,#2081,.F.);
#1323=ORIENTED_EDGE('',*,*,#2046,.T.);
#1324=ORIENTED_EDGE('',*,*,#2082,.F.);
#1325=ORIENTED_EDGE('',*,*,#1644,.T.);
#1326=ORIENTED_EDGE('',*,*,#2081,.T.);
#1327=ORIENTED_EDGE('',*,*,#1643,.T.);
#1328=ORIENTED_EDGE('',*,*,#2083,.T.);
#1329=ORIENTED_EDGE('',*,*,#2084,.T.);
#1330=ORIENTED_EDGE('',*,*,#1825,.T.);
#1331=ORIENTED_EDGE('',*,*,#2084,.F.);
#1332=ORIENTED_EDGE('',*,*,#2085,.F.);
#1333=ORIENTED_EDGE('',*,*,#2086,.F.);
#1334=ORIENTED_EDGE('',*,*,#1823,.T.);
#1335=ORIENTED_EDGE('',*,*,#2086,.T.);
#1336=ORIENTED_EDGE('',*,*,#2087,.F.);
#1337=ORIENTED_EDGE('',*,*,#1641,.T.);
#1338=ORIENTED_EDGE('',*,*,#2088,.F.);
#1339=ORIENTED_EDGE('',*,*,#1821,.T.);
#1340=ORIENTED_EDGE('',*,*,#2089,.F.);
#1341=ORIENTED_EDGE('',*,*,#1819,.T.);
#1342=ORIENTED_EDGE('',*,*,#2088,.T.);
#1343=ORIENTED_EDGE('',*,*,#1640,.T.);
#1344=ORIENTED_EDGE('',*,*,#2089,.T.);
#1345=ORIENTED_EDGE('',*,*,#1639,.T.);
#1346=ORIENTED_EDGE('',*,*,#2090,.F.);
#1347=ORIENTED_EDGE('',*,*,#1817,.T.);
#1348=ORIENTED_EDGE('',*,*,#2091,.T.);
#1349=ORIENTED_EDGE('',*,*,#1815,.T.);
#1350=ORIENTED_EDGE('',*,*,#2090,.T.);
#1351=ORIENTED_EDGE('',*,*,#1638,.T.);
#1352=ORIENTED_EDGE('',*,*,#2092,.T.);
#1353=ORIENTED_EDGE('',*,*,#2093,.F.);
#1354=ORIENTED_EDGE('',*,*,#1813,.T.);
#1355=ORIENTED_EDGE('',*,*,#2091,.F.);
#1356=ORIENTED_EDGE('',*,*,#2094,.T.);
#1357=ORIENTED_EDGE('',*,*,#2095,.T.);
#1358=ORIENTED_EDGE('',*,*,#2096,.F.);
#1359=ORIENTED_EDGE('',*,*,#1811,.T.);
#1360=ORIENTED_EDGE('',*,*,#2093,.T.);
#1361=ORIENTED_EDGE('',*,*,#2097,.T.);
#1362=ORIENTED_EDGE('',*,*,#2098,.F.);
#1363=ORIENTED_EDGE('',*,*,#1809,.T.);
#1364=ORIENTED_EDGE('',*,*,#2096,.T.);
#1365=ORIENTED_EDGE('',*,*,#2099,.T.);
#1366=ORIENTED_EDGE('',*,*,#2098,.T.);
#1367=ORIENTED_EDGE('',*,*,#2100,.T.);
#1368=ORIENTED_EDGE('',*,*,#2101,.F.);
#1369=ORIENTED_EDGE('',*,*,#1806,.T.);
#1370=ORIENTED_EDGE('',*,*,#2101,.T.);
#1371=ORIENTED_EDGE('',*,*,#2102,.T.);
#1372=ORIENTED_EDGE('',*,*,#2103,.T.);
#1373=ORIENTED_EDGE('',*,*,#1634,.T.);
#1374=ORIENTED_EDGE('',*,*,#2104,.F.);
#1375=ORIENTED_EDGE('',*,*,#2076,.T.);
#1376=ORIENTED_EDGE('',*,*,#2105,.F.);
#1377=ORIENTED_EDGE('',*,*,#2074,.T.);
#1378=ORIENTED_EDGE('',*,*,#2104,.T.);
#1379=ORIENTED_EDGE('',*,*,#1633,.T.);
#1380=ORIENTED_EDGE('',*,*,#2106,.F.);
#1381=ORIENTED_EDGE('',*,*,#2073,.T.);
#1382=ORIENTED_EDGE('',*,*,#2107,.T.);
#1383=ORIENTED_EDGE('',*,*,#1665,.T.);
#1384=ORIENTED_EDGE('',*,*,#2108,.F.);
#1385=ORIENTED_EDGE('',*,*,#2071,.T.);
#1386=ORIENTED_EDGE('',*,*,#2106,.T.);
#1387=ORIENTED_EDGE('',*,*,#1664,.T.);
#1388=ORIENTED_EDGE('',*,*,#2109,.T.);
#1389=ORIENTED_EDGE('',*,*,#2110,.T.);
#1390=ORIENTED_EDGE('',*,*,#2108,.T.);
#1391=ORIENTED_EDGE('',*,*,#2111,.T.);
#1392=ORIENTED_EDGE('',*,*,#2112,.F.);
#1393=ORIENTED_EDGE('',*,*,#2069,.T.);
#1394=ORIENTED_EDGE('',*,*,#2113,.T.);
#1395=ORIENTED_EDGE('',*,*,#2067,.T.);
#1396=ORIENTED_EDGE('',*,*,#2112,.T.);
#1397=ORIENTED_EDGE('',*,*,#2114,.T.);
#1398=ORIENTED_EDGE('',*,*,#2115,.T.);
#1399=ORIENTED_EDGE('',*,*,#1660,.T.);
#1400=ORIENTED_EDGE('',*,*,#2116,.T.);
#1401=ORIENTED_EDGE('',*,*,#2117,.F.);
#1402=ORIENTED_EDGE('',*,*,#2065,.T.);
#1403=ORIENTED_EDGE('',*,*,#2113,.F.);
#1404=ORIENTED_EDGE('',*,*,#2118,.T.);
#1405=ORIENTED_EDGE('',*,*,#1658,.T.);
#1406=ORIENTED_EDGE('',*,*,#2117,.T.);
#1407=ORIENTED_EDGE('',*,*,#1657,.T.);
#1408=ORIENTED_EDGE('',*,*,#2119,.F.);
#1409=ORIENTED_EDGE('',*,*,#2063,.T.);
#1410=ORIENTED_EDGE('',*,*,#2119,.T.);
#1411=ORIENTED_EDGE('',*,*,#1656,.T.);
#1412=ORIENTED_EDGE('',*,*,#2120,.F.);
#1413=ORIENTED_EDGE('',*,*,#2061,.T.);
#1414=ORIENTED_EDGE('',*,*,#2120,.T.);
#1415=ORIENTED_EDGE('',*,*,#1655,.T.);
#1416=ORIENTED_EDGE('',*,*,#2121,.F.);
#1417=ORIENTED_EDGE('',*,*,#2059,.T.);
#1418=ORIENTED_EDGE('',*,*,#2122,.F.);
#1419=ORIENTED_EDGE('',*,*,#2057,.T.);
#1420=ORIENTED_EDGE('',*,*,#2121,.T.);
#1421=ORIENTED_EDGE('',*,*,#1654,.T.);
#1422=ORIENTED_EDGE('',*,*,#2123,.F.);
#1423=ORIENTED_EDGE('',*,*,#2055,.T.);
#1424=ORIENTED_EDGE('',*,*,#2122,.T.);
#1425=ORIENTED_EDGE('',*,*,#1653,.T.);
#1426=ORIENTED_EDGE('',*,*,#2124,.F.);
#1427=ORIENTED_EDGE('',*,*,#2053,.T.);
#1428=ORIENTED_EDGE('',*,*,#2123,.T.);
#1429=ORIENTED_EDGE('',*,*,#1652,.T.);
#1430=ORIENTED_EDGE('',*,*,#2078,.T.);
#1431=ORIENTED_EDGE('',*,*,#2051,.T.);
#1432=ORIENTED_EDGE('',*,*,#2124,.T.);
#1433=ORIENTED_EDGE('',*,*,#1651,.T.);
#1434=ORIENTED_EDGE('',*,*,#2080,.T.);
#1435=ORIENTED_EDGE('',*,*,#1649,.T.);
#1436=ORIENTED_EDGE('',*,*,#2125,.F.);
#1437=ORIENTED_EDGE('',*,*,#1830,.T.);
#1438=ORIENTED_EDGE('',*,*,#2125,.T.);
#1439=ORIENTED_EDGE('',*,*,#1648,.T.);
#1440=ORIENTED_EDGE('',*,*,#2126,.F.);
#1441=ORIENTED_EDGE('',*,*,#1827,.T.);
#1442=ORIENTED_EDGE('',*,*,#2127,.F.);
#1443=ORIENTED_EDGE('',*,*,#2040,.T.);
#1444=ORIENTED_EDGE('',*,*,#2126,.T.);
#1445=ORIENTED_EDGE('',*,*,#1647,.T.);
#1446=ORIENTED_EDGE('',*,*,#2128,.F.);
#1447=ORIENTED_EDGE('',*,*,#2042,.T.);
#1448=ORIENTED_EDGE('',*,*,#2127,.T.);
#1449=ORIENTED_EDGE('',*,*,#1646,.T.);
#1450=ORIENTED_EDGE('',*,*,#2128,.T.);
#1451=ORIENTED_EDGE('',*,*,#1645,.T.);
#1452=ORIENTED_EDGE('',*,*,#2082,.T.);
#1453=ORIENTED_EDGE('',*,*,#2044,.T.);
#1454=ORIENTED_EDGE('',*,*,#2030,.T.);
#1455=ORIENTED_EDGE('',*,*,#2129,.F.);
#1456=ORIENTED_EDGE('',*,*,#1625,.T.);
#1457=ORIENTED_EDGE('',*,*,#2129,.T.);
#1458=ORIENTED_EDGE('',*,*,#2024,.T.);
#1459=ORIENTED_EDGE('',*,*,#2130,.F.);
#1460=ORIENTED_EDGE('',*,*,#2131,.F.);
#1461=ORIENTED_EDGE('',*,*,#1636,.T.);
#1462=ORIENTED_EDGE('',*,*,#2132,.F.);
#1463=ORIENTED_EDGE('',*,*,#2133,.F.);
#1464=ORIENTED_EDGE('',*,*,#2130,.T.);
#1465=ORIENTED_EDGE('',*,*,#2134,.F.);
#1466=ORIENTED_EDGE('',*,*,#2028,.F.);
#1467=ORIENTED_EDGE('',*,*,#2134,.T.);
#1468=ORIENTED_EDGE('',*,*,#2116,.F.);
#1469=ORIENTED_EDGE('',*,*,#1659,.T.);
#1470=ORIENTED_EDGE('',*,*,#2118,.F.);
#1471=ORIENTED_EDGE('',*,*,#2135,.F.);
#1472=ORIENTED_EDGE('',*,*,#2025,.F.);
#1473=ORIENTED_EDGE('',*,*,#2136,.F.);
#1474=ORIENTED_EDGE('',*,*,#2114,.F.);
#1475=ORIENTED_EDGE('',*,*,#2111,.F.);
#1476=ORIENTED_EDGE('',*,*,#2110,.F.);
#1477=ORIENTED_EDGE('',*,*,#2137,.F.);
#1478=ORIENTED_EDGE('',*,*,#2031,.F.);
#1479=ORIENTED_EDGE('',*,*,#2137,.T.);
#1480=ORIENTED_EDGE('',*,*,#2083,.F.);
#1481=ORIENTED_EDGE('',*,*,#1642,.T.);
#1482=ORIENTED_EDGE('',*,*,#2087,.T.);
#1483=ORIENTED_EDGE('',*,*,#2085,.T.);
#1484=ORIENTED_EDGE('',*,*,#2138,.F.);
#1485=ORIENTED_EDGE('',*,*,#2102,.F.);
#1486=ORIENTED_EDGE('',*,*,#2100,.F.);
#1487=ORIENTED_EDGE('',*,*,#2099,.F.);
#1488=ORIENTED_EDGE('',*,*,#2097,.F.);
#1489=ORIENTED_EDGE('',*,*,#2095,.F.);
#1490=ORIENTED_EDGE('',*,*,#2133,.T.);
#1491=ORIENTED_EDGE('',*,*,#2139,.F.);
#1492=ORIENTED_EDGE('',*,*,#2022,.F.);
#1493=ORIENTED_EDGE('',*,*,#2092,.F.);
#1494=ORIENTED_EDGE('',*,*,#1637,.T.);
#1495=ORIENTED_EDGE('',*,*,#2131,.T.);
#1496=ORIENTED_EDGE('',*,*,#2139,.T.);
#1497=ORIENTED_EDGE('',*,*,#2132,.T.);
#1498=ORIENTED_EDGE('',*,*,#1635,.T.);
#1499=ORIENTED_EDGE('',*,*,#2103,.F.);
#1500=ORIENTED_EDGE('',*,*,#2138,.T.);
#1501=ORIENTED_EDGE('',*,*,#2094,.F.);
#1502=ORIENTED_EDGE('',*,*,#2140,.F.);
#1503=ORIENTED_EDGE('',*,*,#2141,.F.);
#1504=ORIENTED_EDGE('',*,*,#1731,.F.);
#1505=ORIENTED_EDGE('',*,*,#2141,.T.);
#1506=ORIENTED_EDGE('',*,*,#2136,.T.);
#1507=ORIENTED_EDGE('',*,*,#2109,.F.);
#1508=ORIENTED_EDGE('',*,*,#1663,.T.);
#1509=ORIENTED_EDGE('',*,*,#2142,.T.);
#1510=ORIENTED_EDGE('',*,*,#1661,.T.);
#1511=ORIENTED_EDGE('',*,*,#2115,.F.);
#1512=ORIENTED_EDGE('',*,*,#2135,.T.);
#1513=ORIENTED_EDGE('',*,*,#2140,.T.);
#1514=ORIENTED_EDGE('',*,*,#2142,.F.);
#1515=ORIENTED_EDGE('',*,*,#1662,.F.);
#1516=ORIENTED_EDGE('',*,*,#1776,.T.);
#1517=ORIENTED_EDGE('',*,*,#1675,.T.);
#1518=ORIENTED_EDGE('',*,*,#1796,.T.);
#1519=ORIENTED_EDGE('',*,*,#1797,.T.);
#1520=ORIENTED_EDGE('',*,*,#1799,.T.);
#1521=ORIENTED_EDGE('',*,*,#1802,.T.);
#1522=ORIENTED_EDGE('',*,*,#2105,.T.);
#1523=ORIENTED_EDGE('',*,*,#1632,.T.);
#1524=ORIENTED_EDGE('',*,*,#2143,.T.);
#1525=ORIENTED_EDGE('',*,*,#1666,.T.);
#1526=ORIENTED_EDGE('',*,*,#2107,.F.);
#1527=ORIENTED_EDGE('',*,*,#1804,.T.);
#1528=ORIENTED_EDGE('',*,*,#1629,.F.);
#1529=ORIENTED_EDGE('',*,*,#1785,.F.);
#1530=ORIENTED_EDGE('',*,*,#1769,.F.);
#1531=ORIENTED_EDGE('',*,*,#1800,.F.);
#1532=ORIENTED_EDGE('',*,*,#1778,.T.);
#1533=ORIENTED_EDGE('',*,*,#1679,.F.);
#1534=ORIENTED_EDGE('',*,*,#1733,.F.);
#1535=ORIENTED_EDGE('',*,*,#1576,.T.);
#1536=ORIENTED_EDGE('',*,*,#1667,.F.);
#1537=ORIENTED_EDGE('',*,*,#2143,.F.);
#1538=ORIENTED_EDGE('',*,*,#1803,.F.);
#1539=ORIENTED_EDGE('',*,*,#1789,.T.);
#1540=ORIENTED_EDGE('',*,*,#1678,.F.);
#1541=ORIENTED_EDGE('',*,*,#1791,.F.);
#1542=ORIENTED_EDGE('',*,*,#1578,.F.);
#1543=ORIENTED_EDGE('',*,*,#1732,.T.);
#1544=ORIENTED_EDGE('',*,*,#1793,.F.);
#1545=ORIENTED_EDGE('',*,*,#1671,.F.);
#1546=ORIENTED_EDGE('',*,*,#2144,.T.);
#1547=ORIENTED_EDGE('',*,*,#1784,.F.);
#1548=ORIENTED_EDGE('',*,*,#1780,.F.);
#1549=ORIENTED_EDGE('',*,*,#2145,.F.);
#1550=ORIENTED_EDGE('',*,*,#1677,.F.);
#1551=ORIENTED_EDGE('',*,*,#1775,.F.);
#1552=ORIENTED_EDGE('',*,*,#1771,.T.);
#1553=ORIENTED_EDGE('',*,*,#1787,.T.);
#1554=ORIENTED_EDGE('',*,*,#1792,.T.);
#1555=ORIENTED_EDGE('',*,*,#2144,.F.);
#1556=ORIENTED_EDGE('',*,*,#1670,.F.);
#1557=ORIENTED_EDGE('',*,*,#1790,.F.);
#1558=ORIENTED_EDGE('',*,*,#1788,.F.);
#1559=ORIENTED_EDGE('',*,*,#1668,.T.);
#1560=ORIENTED_EDGE('',*,*,#1574,.F.);
#1561=ORIENTED_EDGE('',*,*,#1783,.T.);
#1562=ORIENTED_EDGE('',*,*,#1627,.F.);
#1563=ORIENTED_EDGE('',*,*,#1571,.T.);
#1564=ORIENTED_EDGE('',*,*,#1782,.T.);
#1565=ORIENTED_EDGE('',*,*,#1626,.T.);
#1566=ORIENTED_EDGE('',*,*,#2145,.T.);
#1567=ORIENTED_EDGE('',*,*,#1779,.F.);
#1568=ORIENTED_EDGE('',*,*,#1569,.F.);
#1569=EDGE_CURVE('',#2146,#2147,#2520,.T.);
#1570=EDGE_CURVE('',#2147,#2148,#187,.F.);
#1571=EDGE_CURVE('',#2149,#2148,#2521,.T.);
#1572=EDGE_CURVE('',#2146,#2149,#188,.T.);
#1573=EDGE_CURVE('',#2150,#2151,#2522,.T.);
#1574=EDGE_CURVE('',#2151,#2152,#2523,.T.);
#1575=EDGE_CURVE('',#2153,#2152,#2524,.T.);
#1576=EDGE_CURVE('',#2154,#2153,#2525,.T.);
#1577=EDGE_CURVE('',#2155,#2154,#2526,.T.);
#1578=EDGE_CURVE('',#2155,#2150,#2527,.T.);
#1579=EDGE_CURVE('',#2156,#2157,#2528,.T.);
#1580=EDGE_CURVE('',#2158,#2157,#189,.F.);
#1581=EDGE_CURVE('',#2159,#2158,#190,.F.);
#1582=EDGE_CURVE('',#2160,#2159,#191,.F.);
#1583=EDGE_CURVE('',#2161,#2160,#2529,.T.);
#1584=EDGE_CURVE('',#2162,#2161,#192,.F.);
#1585=EDGE_CURVE('',#2163,#2162,#2530,.T.);
#1586=EDGE_CURVE('',#2164,#2163,#193,.F.);
#1587=EDGE_CURVE('',#2164,#2165,#194,.T.);
#1588=EDGE_CURVE('',#2166,#2165,#195,.F.);
#1589=EDGE_CURVE('',#2166,#2167,#2531,.F.);
#1590=EDGE_CURVE('',#2156,#2167,#196,.F.);
#1591=EDGE_CURVE('',#2168,#2169,#2532,.T.);
#1592=EDGE_CURVE('',#2170,#2168,#197,.F.);
#1593=EDGE_CURVE('',#2171,#2170,#2533,.T.);
#1594=EDGE_CURVE('',#2172,#2171,#198,.F.);
#1595=EDGE_CURVE('',#2173,#2172,#2534,.T.);
#1596=EDGE_CURVE('',#2169,#2173,#199,.F.);
#1597=EDGE_CURVE('',#2174,#2175,#2535,.T.);
#1598=EDGE_CURVE('',#2176,#2174,#200,.F.);
#1599=EDGE_CURVE('',#2177,#2176,#201,.F.);
#1600=EDGE_CURVE('',#2178,#2177,#202,.F.);
#1601=EDGE_CURVE('',#2179,#2178,#203,.T.);
#1602=EDGE_CURVE('',#2180,#2179,#204,.F.);
#1603=EDGE_CURVE('',#2181,#2180,#2536,.T.);
#1604=EDGE_CURVE('',#2175,#2181,#205,.F.);
#1605=EDGE_CURVE('',#2182,#2183,#206,.F.);
#1606=EDGE_CURVE('',#2184,#2182,#207,.T.);
#1607=EDGE_CURVE('',#2185,#2184,#208,.F.);
#1608=EDGE_CURVE('',#2186,#2185,#209,.T.);
#1609=EDGE_CURVE('',#2187,#2186,#210,.F.);
#1610=EDGE_CURVE('',#2188,#2187,#2537,.T.);
#1611=EDGE_CURVE('',#2189,#2188,#211,.F.);
#1612=EDGE_CURVE('',#2190,#2189,#2538,.T.);
#1613=EDGE_CURVE('',#2191,#2190,#212,.F.);
#1614=EDGE_CURVE('',#2183,#2191,#2539,.T.);
#1615=EDGE_CURVE('',#2192,#2193,#213,.F.);
#1616=EDGE_CURVE('',#2194,#2192,#214,.T.);
#1617=EDGE_CURVE('',#2195,#2194,#215,.F.);
#1618=EDGE_CURVE('',#2196,#2195,#216,.F.);
#1619=EDGE_CURVE('',#2197,#2196,#217,.F.);
#1620=EDGE_CURVE('',#2198,#2197,#218,.T.);
#1621=EDGE_CURVE('',#2199,#2198,#219,.F.);
#1622=EDGE_CURVE('',#2200,#2199,#2540,.T.);
#1623=EDGE_CURVE('',#2193,#2200,#220,.F.);
#1624=EDGE_CURVE('',#2201,#2201,#221,.F.);
#1625=EDGE_CURVE('',#2202,#2202,#222,.T.);
#1626=EDGE_CURVE('',#2146,#2203,#2541,.T.);
#1627=EDGE_CURVE('',#2149,#2204,#2542,.T.);
#1628=EDGE_CURVE('',#2204,#2205,#2543,.T.);
#1629=EDGE_CURVE('',#2205,#2206,#2544,.T.);
#1630=EDGE_CURVE('',#2207,#2206,#2545,.F.);
#1631=EDGE_CURVE('',#2207,#2208,#2546,.T.);
#1632=EDGE_CURVE('',#2209,#2208,#2547,.F.);
#1633=EDGE_CURVE('',#2210,#2209,#223,.T.);
#1634=EDGE_CURVE('',#2211,#2210,#2548,.F.);
#1635=EDGE_CURVE('',#2212,#2211,#224,.F.);
#1636=EDGE_CURVE('',#2213,#2212,#225,.T.);
#1637=EDGE_CURVE('',#2214,#2213,#226,.F.);
#1638=EDGE_CURVE('',#2215,#2214,#227,.T.);
#1639=EDGE_CURVE('',#2216,#2215,#228,.T.);
#1640=EDGE_CURVE('',#2217,#2216,#229,.T.);
#1641=EDGE_CURVE('',#2218,#2217,#2549,.F.);
#1642=EDGE_CURVE('',#2219,#2218,#230,.F.);
#1643=EDGE_CURVE('',#2220,#2219,#231,.T.);
#1644=EDGE_CURVE('',#2221,#2220,#232,.T.);
#1645=EDGE_CURVE('',#2222,#2221,#2550,.F.);
#1646=EDGE_CURVE('',#2223,#2222,#233,.T.);
#1647=EDGE_CURVE('',#2224,#2223,#234,.T.);
#1648=EDGE_CURVE('',#2225,#2224,#235,.T.);
#1649=EDGE_CURVE('',#2226,#2225,#2551,.F.);
#1650=EDGE_CURVE('',#2227,#2226,#2552,.F.);
#1651=EDGE_CURVE('',#2228,#2227,#2553,.F.);
#1652=EDGE_CURVE('',#2229,#2228,#236,.T.);
#1653=EDGE_CURVE('',#2230,#2229,#2554,.F.);
#1654=EDGE_CURVE('',#2231,#2230,#237,.T.);
#1655=EDGE_CURVE('',#2232,#2231,#238,.T.);
#1656=EDGE_CURVE('',#2233,#2232,#239,.T.);
#1657=EDGE_CURVE('',#2234,#2233,#2555,.F.);
#1658=EDGE_CURVE('',#2235,#2234,#240,.T.);
#1659=EDGE_CURVE('',#2236,#2235,#241,.F.);
#1660=EDGE_CURVE('',#2237,#2236,#2556,.F.);
#1661=EDGE_CURVE('',#2238,#2237,#242,.T.);
#1662=EDGE_CURVE('',#2238,#2239,#243,.T.);
#1663=EDGE_CURVE('',#2240,#2239,#244,.T.);
#1664=EDGE_CURVE('',#2241,#2240,#2557,.F.);
#1665=EDGE_CURVE('',#2242,#2241,#245,.T.);
#1666=EDGE_CURVE('',#2243,#2242,#2558,.F.);
#1667=EDGE_CURVE('',#2243,#2153,#2559,.T.);
#1668=EDGE_CURVE('',#2244,#2152,#2560,.T.);
#1669=EDGE_CURVE('',#2244,#2245,#246,.T.);
#1670=EDGE_CURVE('',#2245,#2246,#2561,.T.);
#1671=EDGE_CURVE('',#2246,#2247,#2562,.T.);
#1672=EDGE_CURVE('',#2247,#2248,#2563,.T.);
#1673=EDGE_CURVE('',#2249,#2248,#2564,.F.);
#1674=EDGE_CURVE('',#2249,#2250,#2565,.T.);
#1675=EDGE_CURVE('',#2251,#2250,#2566,.F.);
#1676=EDGE_CURVE('',#2251,#2252,#2567,.T.);
#1677=EDGE_CURVE('',#2252,#2203,#2568,.T.);
#1678=EDGE_CURVE('',#2253,#2253,#247,.T.);
#1679=EDGE_CURVE('',#2254,#2254,#248,.T.);
#1680=EDGE_CURVE('',#2255,#2255,#249,.T.);
#1681=EDGE_CURVE('',#2256,#2257,#2569,.T.);
#1682=EDGE_CURVE('',#2258,#2257,#250,.F.);
#1683=EDGE_CURVE('',#2258,#2259,#2570,.T.);
#1684=EDGE_CURVE('',#2259,#2260,#251,.T.);
#1685=EDGE_CURVE('',#2260,#2261,#252,.T.);
#1686=EDGE_CURVE('',#2262,#2261,#253,.F.);
#1687=EDGE_CURVE('',#2262,#2263,#254,.T.);
#1688=EDGE_CURVE('',#2263,#2256,#255,.T.);
#1689=EDGE_CURVE('',#2264,#2265,#256,.T.);
#1690=EDGE_CURVE('',#2265,#2266,#257,.F.);
#1691=EDGE_CURVE('',#2266,#2267,#258,.T.);
#1692=EDGE_CURVE('',#2267,#2268,#2571,.T.);
#1693=EDGE_CURVE('',#2268,#2269,#259,.F.);
#1694=EDGE_CURVE('',#2269,#2270,#260,.F.);
#1695=EDGE_CURVE('',#2270,#2271,#261,.F.);
#1696=EDGE_CURVE('',#2271,#2272,#262,.F.);
#1697=EDGE_CURVE('',#2272,#2264,#263,.T.);
#1698=EDGE_CURVE('',#2273,#2273,#264,.T.);
#1699=EDGE_CURVE('',#2274,#2275,#265,.F.);
#1700=EDGE_CURVE('',#2275,#2276,#2572,.T.);
#1701=EDGE_CURVE('',#2276,#2277,#266,.F.);
#1702=EDGE_CURVE('',#2277,#2278,#2573,.T.);
#1703=EDGE_CURVE('',#2278,#2279,#267,.F.);
#1704=EDGE_CURVE('',#2279,#2274,#2574,.F.);
#1705=EDGE_CURVE('',#2280,#2281,#2575,.F.);
#1706=EDGE_CURVE('',#2281,#2282,#268,.F.);
#1707=EDGE_CURVE('',#2282,#2283,#2576,.T.);
#1708=EDGE_CURVE('',#2283,#2284,#269,.T.);
#1709=EDGE_CURVE('',#2284,#2285,#2577,.T.);
#1710=EDGE_CURVE('',#2285,#2286,#270,.F.);
#1711=EDGE_CURVE('',#2286,#2287,#271,.F.);
#1712=EDGE_CURVE('',#2287,#2288,#272,.F.);
#1713=EDGE_CURVE('',#2288,#2289,#273,.F.);
#1714=EDGE_CURVE('',#2289,#2280,#274,.F.);
#1715=EDGE_CURVE('',#2290,#2290,#275,.T.);
#1716=EDGE_CURVE('',#2291,#2291,#276,.F.);
#1717=EDGE_CURVE('',#2292,#2293,#2578,.T.);
#1718=EDGE_CURVE('',#2294,#2293,#277,.T.);
#1719=EDGE_CURVE('',#2294,#2295,#278,.F.);
#1720=EDGE_CURVE('',#2295,#2296,#279,.F.);
#1721=EDGE_CURVE('',#2296,#2297,#2579,.T.);
#1722=EDGE_CURVE('',#2297,#2298,#280,.T.);
#1723=EDGE_CURVE('',#2298,#2299,#2580,.T.);
#1724=EDGE_CURVE('',#2300,#2299,#281,.T.);
#1725=EDGE_CURVE('',#2300,#2301,#282,.T.);
#1726=EDGE_CURVE('',#2302,#2301,#283,.T.);
#1727=EDGE_CURVE('',#2302,#2303,#2581,.F.);
#1728=EDGE_CURVE('',#2292,#2303,#284,.T.);
#1729=EDGE_CURVE('',#2304,#2304,#285,.F.);
#1730=EDGE_CURVE('',#2305,#2305,#286,.F.);
#1731=EDGE_CURVE('',#2306,#2306,#287,.F.);
#1732=EDGE_CURVE('',#2155,#2307,#2582,.T.);
#1733=EDGE_CURVE('',#2154,#2308,#2583,.T.);
#1734=EDGE_CURVE('',#2309,#2308,#2584,.T.);
#1735=EDGE_CURVE('',#2310,#2309,#288,.F.);
#1736=EDGE_CURVE('',#2311,#2310,#2585,.T.);
#1737=EDGE_CURVE('',#2312,#2311,#289,.T.);
#1738=EDGE_CURVE('',#2312,#2313,#2586,.T.);
#1739=EDGE_CURVE('',#2313,#2314,#290,.F.);
#1740=EDGE_CURVE('',#2315,#2314,#2587,.T.);
#1741=EDGE_CURVE('',#2316,#2315,#291,.T.);
#1742=EDGE_CURVE('',#2316,#2317,#292,.T.);
#1743=EDGE_CURVE('',#2318,#2317,#293,.T.);
#1744=EDGE_CURVE('',#2319,#2318,#2588,.T.);
#1745=EDGE_CURVE('',#2320,#2319,#294,.F.);
#1746=EDGE_CURVE('',#2321,#2320,#2589,.F.);
#1747=EDGE_CURVE('',#2322,#2321,#295,.F.);
#1748=EDGE_CURVE('',#2322,#2323,#2590,.F.);
#1749=EDGE_CURVE('',#2324,#2323,#296,.F.);
#1750=EDGE_CURVE('',#2324,#2325,#2591,.F.);
#1751=EDGE_CURVE('',#2325,#2326,#297,.T.);
#1752=EDGE_CURVE('',#2326,#2327,#298,.F.);
#1753=EDGE_CURVE('',#2328,#2327,#299,.F.);
#1754=EDGE_CURVE('',#2328,#2329,#2592,.T.);
#1755=EDGE_CURVE('',#2330,#2329,#300,.F.);
#1756=EDGE_CURVE('',#2330,#2331,#301,.T.);
#1757=EDGE_CURVE('',#2331,#2332,#302,.F.);
#1758=EDGE_CURVE('',#2332,#2333,#2593,.F.);
#1759=EDGE_CURVE('',#2334,#2333,#303,.F.);
#1760=EDGE_CURVE('',#2334,#2335,#304,.T.);
#1761=EDGE_CURVE('',#2336,#2335,#305,.T.);
#1762=EDGE_CURVE('',#2336,#2337,#2594,.F.);
#1763=EDGE_CURVE('',#2338,#2337,#306,.T.);
#1764=EDGE_CURVE('',#2338,#2339,#307,.F.);
#1765=EDGE_CURVE('',#2340,#2339,#308,.T.);
#1766=EDGE_CURVE('',#2340,#2341,#2595,.T.);
#1767=EDGE_CURVE('',#2342,#2341,#309,.T.);
#1768=EDGE_CURVE('',#2343,#2342,#2596,.T.);
#1769=EDGE_CURVE('',#2343,#2344,#2597,.T.);
#1770=EDGE_CURVE('',#2344,#2345,#2598,.T.);
#1771=EDGE_CURVE('',#2346,#2345,#2599,.T.);
#1772=EDGE_CURVE('',#2346,#2347,#2600,.T.);
#1773=EDGE_CURVE('',#2348,#2347,#2601,.T.);
#1774=EDGE_CURVE('',#2348,#2307,#2602,.T.);
#1775=EDGE_CURVE('',#2346,#2252,#2603,.T.);
#1776=EDGE_CURVE('',#2349,#2251,#2604,.T.);
#1777=EDGE_CURVE('',#2347,#2349,#2605,.T.);
#1778=EDGE_CURVE('',#2350,#2350,#310,.T.);
#1779=EDGE_CURVE('',#2147,#2351,#2606,.T.);
#1780=EDGE_CURVE('',#2351,#2352,#2607,.T.);
#1781=EDGE_CURVE('',#2353,#2352,#2608,.T.);
#1782=EDGE_CURVE('',#2148,#2353,#2609,.T.);
#1783=EDGE_CURVE('',#2353,#2204,#2610,.T.);
#1784=EDGE_CURVE('',#2352,#2345,#2611,.T.);
#1785=EDGE_CURVE('',#2344,#2205,#2612,.T.);
#1786=EDGE_CURVE('',#2354,#2355,#311,.F.);
#1787=EDGE_CURVE('',#2245,#2355,#2613,.T.);
#1788=EDGE_CURVE('',#2244,#2354,#2614,.T.);
#1789=EDGE_CURVE('',#2356,#2356,#312,.T.);
#1790=EDGE_CURVE('',#2354,#2151,#2615,.T.);
#1791=EDGE_CURVE('',#2150,#2357,#2616,.T.);
#1792=EDGE_CURVE('',#2355,#2357,#2617,.T.);
#1793=EDGE_CURVE('',#2247,#2307,#2618,.T.);
#1794=EDGE_CURVE('',#2248,#2348,#2619,.F.);
#1795=EDGE_CURVE('',#2358,#2249,#2620,.T.);
#1796=EDGE_CURVE('',#2250,#2358,#2621,.T.);
#1797=EDGE_CURVE('',#2358,#2349,#2622,.T.);
#1798=EDGE_CURVE('',#2359,#2207,#2623,.T.);
#1799=EDGE_CURVE('',#2208,#2359,#2624,.T.);
#1800=EDGE_CURVE('',#2206,#2343,#2625,.F.);
#1801=EDGE_CURVE('',#2360,#2342,#2626,.F.);
#1802=EDGE_CURVE('',#2359,#2360,#2627,.T.);
#1803=EDGE_CURVE('',#2308,#2361,#2628,.T.);
#1804=EDGE_CURVE('',#2362,#2361,#2629,.T.);
#1805=EDGE_CURVE('',#2309,#2362,#2630,.F.);
#1806=EDGE_CURVE('',#2363,#2364,#313,.F.);
#1807=EDGE_CURVE('',#2363,#2340,#2631,.F.);
#1808=EDGE_CURVE('',#2339,#2364,#2632,.T.);
#1809=EDGE_CURVE('',#2364,#2365,#314,.F.);
#1810=EDGE_CURVE('',#2338,#2365,#2633,.T.);
#1811=EDGE_CURVE('',#2365,#2366,#315,.F.);
#1812=EDGE_CURVE('',#2337,#2366,#2634,.T.);
#1813=EDGE_CURVE('',#2366,#2367,#2635,.T.);
#1814=EDGE_CURVE('',#2367,#2336,#2636,.T.);
#1815=EDGE_CURVE('',#2367,#2368,#316,.F.);
#1816=EDGE_CURVE('',#2368,#2335,#2637,.T.);
#1817=EDGE_CURVE('',#2368,#2369,#317,.F.);
#1818=EDGE_CURVE('',#2369,#2334,#2638,.F.);
#1819=EDGE_CURVE('',#2369,#2370,#318,.F.);
#1820=EDGE_CURVE('',#2333,#2370,#2639,.T.);
#1821=EDGE_CURVE('',#2370,#2371,#2640,.T.);
#1822=EDGE_CURVE('',#2371,#2332,#2641,.F.);
#1823=EDGE_CURVE('',#2371,#2372,#319,.F.);
#1824=EDGE_CURVE('',#2331,#2372,#2642,.T.);
#1825=EDGE_CURVE('',#2372,#2373,#320,.F.);
#1826=EDGE_CURVE('',#2373,#2330,#2643,.F.);
#1827=EDGE_CURVE('',#2374,#2375,#321,.F.);
#1828=EDGE_CURVE('',#2326,#2374,#2644,.T.);
#1829=EDGE_CURVE('',#2375,#2325,#2645,.T.);
#1830=EDGE_CURVE('',#2375,#2376,#2646,.T.);
#1831=EDGE_CURVE('',#2377,#2324,#2647,.T.);
#1832=EDGE_CURVE('',#2377,#2378,#2648,.F.);
#1833=EDGE_CURVE('',#2379,#2378,#2649,.F.);
#1834=EDGE_CURVE('',#2379,#2380,#2650,.F.);
#1835=EDGE_CURVE('',#2381,#2380,#2651,.T.);
#1836=EDGE_CURVE('',#2381,#2382,#2652,.F.);
#1837=EDGE_CURVE('',#2383,#2382,#2653,.F.);
#1838=EDGE_CURVE('',#2383,#2384,#2654,.F.);
#1839=EDGE_CURVE('',#2376,#2384,#2655,.T.);
#1840=EDGE_CURVE('',#2376,#2385,#322,.F.);
#1841=EDGE_CURVE('',#2384,#2386,#323,.F.);
#1842=EDGE_CURVE('',#2386,#2385,#2656,.F.);
#1843=EDGE_CURVE('',#2303,#2156,#2657,.F.);
#1844=EDGE_CURVE('',#2157,#2302,#2658,.F.);
#1845=EDGE_CURVE('',#2301,#2387,#2659,.T.);
#1846=EDGE_CURVE('',#2387,#2158,#71,.T.);
#1847=EDGE_CURVE('',#2387,#2388,#324,.F.);
#1848=EDGE_CURVE('',#2159,#2388,#2660,.F.);
#1849=EDGE_CURVE('',#2388,#2389,#325,.F.);
#1850=EDGE_CURVE('',#2389,#2160,#2661,.T.);
#1851=EDGE_CURVE('',#2390,#2161,#2662,.T.);
#1852=EDGE_CURVE('',#2389,#2390,#2663,.T.);
#1853=EDGE_CURVE('',#2391,#2162,#2664,.T.);
#1854=EDGE_CURVE('',#2390,#2391,#326,.F.);
#1855=EDGE_CURVE('',#2392,#2163,#2665,.T.);
#1856=EDGE_CURVE('',#2391,#2392,#2666,.T.);
#1857=EDGE_CURVE('',#2164,#2393,#72,.T.);
#1858=EDGE_CURVE('',#2392,#2393,#327,.F.);
#1859=EDGE_CURVE('',#2165,#2294,#2667,.T.);
#1860=EDGE_CURVE('',#2295,#2393,#2668,.F.);
#1861=EDGE_CURVE('',#2293,#2166,#2669,.F.);
#1862=EDGE_CURVE('',#2167,#2292,#2670,.T.);
#1863=EDGE_CURVE('',#2169,#2394,#2671,.F.);
#1864=EDGE_CURVE('',#2394,#2395,#2672,.T.);
#1865=EDGE_CURVE('',#2168,#2395,#2673,.F.);
#1866=EDGE_CURVE('',#2395,#2396,#328,.F.);
#1867=EDGE_CURVE('',#2170,#2396,#2674,.F.);
#1868=EDGE_CURVE('',#2396,#2397,#2675,.T.);
#1869=EDGE_CURVE('',#2171,#2397,#2676,.F.);
#1870=EDGE_CURVE('',#2397,#2398,#329,.F.);
#1871=EDGE_CURVE('',#2398,#2172,#2677,.T.);
#1872=EDGE_CURVE('',#2398,#2399,#2678,.T.);
#1873=EDGE_CURVE('',#2173,#2399,#2679,.F.);
#1874=EDGE_CURVE('',#2399,#2394,#330,.F.);
#1875=EDGE_CURVE('',#2175,#2400,#2680,.F.);
#1876=EDGE_CURVE('',#2400,#2401,#2681,.T.);
#1877=EDGE_CURVE('',#2174,#2401,#2682,.F.);
#1878=EDGE_CURVE('',#2401,#2402,#331,.F.);
#1879=EDGE_CURVE('',#2176,#2402,#2683,.F.);
#1880=EDGE_CURVE('',#2402,#2403,#332,.F.);
#1881=EDGE_CURVE('',#2403,#2177,#2684,.T.);
#1882=EDGE_CURVE('',#2403,#2404,#333,.F.);
#1883=EDGE_CURVE('',#2178,#2404,#2685,.T.);
#1884=EDGE_CURVE('',#2179,#2405,#2686,.F.);
#1885=EDGE_CURVE('',#2404,#2405,#334,.F.);
#1886=EDGE_CURVE('',#2405,#2406,#335,.F.);
#1887=EDGE_CURVE('',#2180,#2406,#2687,.F.);
#1888=EDGE_CURVE('',#2181,#2407,#2688,.F.);
#1889=EDGE_CURVE('',#2406,#2407,#2689,.T.);
#1890=EDGE_CURVE('',#2407,#2400,#336,.F.);
#1891=EDGE_CURVE('',#2183,#2408,#2690,.F.);
#1892=EDGE_CURVE('',#2408,#2409,#337,.F.);
#1893=EDGE_CURVE('',#2409,#2182,#2691,.T.);
#1894=EDGE_CURVE('',#2409,#2410,#338,.F.);
#1895=EDGE_CURVE('',#2184,#2410,#2692,.F.);
#1896=EDGE_CURVE('',#2410,#2411,#339,.F.);
#1897=EDGE_CURVE('',#2185,#2411,#2693,.T.);
#1898=EDGE_CURVE('',#2411,#2412,#340,.F.);
#1899=EDGE_CURVE('',#2186,#2412,#2694,.F.);
#1900=EDGE_CURVE('',#2412,#2413,#341,.F.);
#1901=EDGE_CURVE('',#2187,#2413,#2695,.F.);
#1902=EDGE_CURVE('',#2413,#2414,#2696,.T.);
#1903=EDGE_CURVE('',#2188,#2414,#2697,.F.);
#1904=EDGE_CURVE('',#2414,#2415,#342,.F.);
#1905=EDGE_CURVE('',#2189,#2415,#2698,.F.);
#1906=EDGE_CURVE('',#2415,#2416,#2699,.T.);
#1907=EDGE_CURVE('',#2190,#2416,#2700,.F.);
#1908=EDGE_CURVE('',#2416,#2417,#343,.F.);
#1909=EDGE_CURVE('',#2191,#2417,#2701,.F.);
#1910=EDGE_CURVE('',#2417,#2408,#2702,.T.);
#1911=EDGE_CURVE('',#2418,#2419,#344,.F.);
#1912=EDGE_CURVE('',#2419,#2192,#2703,.T.);
#1913=EDGE_CURVE('',#2193,#2418,#73,.T.);
#1914=EDGE_CURVE('',#2420,#2194,#2704,.F.);
#1915=EDGE_CURVE('',#2419,#2420,#345,.F.);
#1916=EDGE_CURVE('',#2421,#2195,#2705,.T.);
#1917=EDGE_CURVE('',#2420,#2421,#346,.F.);
#1918=EDGE_CURVE('',#2421,#2422,#347,.F.);
#1919=EDGE_CURVE('',#2422,#2196,#2706,.T.);
#1920=EDGE_CURVE('',#2422,#2423,#348,.F.);
#1921=EDGE_CURVE('',#2423,#2197,#2707,.T.);
#1922=EDGE_CURVE('',#2423,#2424,#349,.F.);
#1923=EDGE_CURVE('',#2424,#2198,#2708,.F.);
#1924=EDGE_CURVE('',#2424,#2425,#350,.F.);
#1925=EDGE_CURVE('',#2425,#2199,#2709,.T.);
#1926=EDGE_CURVE('',#2425,#2426,#2710,.T.);
#1927=EDGE_CURVE('',#2426,#2200,#2711,.T.);
#1928=EDGE_CURVE('',#2426,#2418,#351,.F.);
#1929=EDGE_CURVE('',#2427,#2427,#352,.F.);
#1930=EDGE_CURVE('',#2321,#2428,#2712,.F.);
#1931=EDGE_CURVE('',#2428,#2429,#74,.T.);
#1932=EDGE_CURVE('',#2429,#2322,#2713,.T.);
#1933=EDGE_CURVE('',#2429,#2430,#353,.T.);
#1934=EDGE_CURVE('',#2431,#2430,#2714,.T.);
#1935=EDGE_CURVE('',#2432,#2431,#354,.T.);
#1936=EDGE_CURVE('',#2323,#2432,#2715,.F.);
#1937=EDGE_CURVE('',#2432,#2377,#75,.T.);
#1938=EDGE_CURVE('',#2433,#2433,#355,.F.);
#1939=EDGE_CURVE('',#2434,#2434,#356,.F.);
#1940=EDGE_CURVE('',#2392,#2296,#2716,.T.);
#1941=EDGE_CURVE('',#2297,#2391,#2717,.T.);
#1942=EDGE_CURVE('',#2390,#2298,#2718,.F.);
#1943=EDGE_CURVE('',#2299,#2389,#2719,.F.);
#1944=EDGE_CURVE('',#2388,#2300,#2720,.T.);
#1945=EDGE_CURVE('',#2435,#2435,#357,.F.);
#1946=EDGE_CURVE('',#2436,#2436,#358,.T.);
#1947=EDGE_CURVE('',#2281,#2417,#2721,.F.);
#1948=EDGE_CURVE('',#2408,#2280,#2722,.T.);
#1949=EDGE_CURVE('',#2416,#2282,#2723,.T.);
#1950=EDGE_CURVE('',#2283,#2415,#2724,.T.);
#1951=EDGE_CURVE('',#2414,#2284,#2725,.F.);
#1952=EDGE_CURVE('',#2285,#2413,#2726,.F.);
#1953=EDGE_CURVE('',#2412,#2286,#2727,.T.);
#1954=EDGE_CURVE('',#2287,#2411,#2728,.F.);
#1955=EDGE_CURVE('',#2410,#2288,#2729,.T.);
#1956=EDGE_CURVE('',#2289,#2409,#2730,.F.);
#1957=EDGE_CURVE('',#2395,#2275,#2731,.T.);
#1958=EDGE_CURVE('',#2274,#2396,#2732,.F.);
#1959=EDGE_CURVE('',#2276,#2394,#2733,.F.);
#1960=EDGE_CURVE('',#2399,#2277,#2734,.T.);
#1961=EDGE_CURVE('',#2398,#2278,#2735,.F.);
#1962=EDGE_CURVE('',#2397,#2279,#2736,.T.);
#1963=EDGE_CURVE('',#2437,#2437,#359,.T.);
#1964=EDGE_CURVE('',#2420,#2264,#2737,.F.);
#1965=EDGE_CURVE('',#2265,#2419,#2738,.F.);
#1966=EDGE_CURVE('',#2266,#2418,#2739,.T.);
#1967=EDGE_CURVE('',#2426,#2267,#2740,.F.);
#1968=EDGE_CURVE('',#2268,#2425,#2741,.F.);
#1969=EDGE_CURVE('',#2424,#2269,#2742,.T.);
#1970=EDGE_CURVE('',#2423,#2270,#2743,.F.);
#1971=EDGE_CURVE('',#2422,#2271,#2744,.T.);
#1972=EDGE_CURVE('',#2272,#2421,#2745,.T.);
#1973=EDGE_CURVE('',#2257,#2400,#2746,.T.);
#1974=EDGE_CURVE('',#2401,#2256,#2747,.F.);
#1975=EDGE_CURVE('',#2407,#2258,#2748,.F.);
#1976=EDGE_CURVE('',#2259,#2406,#2749,.T.);
#1977=EDGE_CURVE('',#2405,#2260,#2750,.F.);
#1978=EDGE_CURVE('',#2261,#2404,#2751,.T.);
#1979=EDGE_CURVE('',#2403,#2262,#2752,.F.);
#1980=EDGE_CURVE('',#2263,#2402,#2753,.T.);
#1981=EDGE_CURVE('',#2438,#2438,#360,.F.);
#1982=EDGE_CURVE('',#2431,#2439,#2754,.T.);
#1983=EDGE_CURVE('',#2439,#2440,#361,.F.);
#1984=EDGE_CURVE('',#2378,#2440,#76,.T.);
#1985=EDGE_CURVE('',#2441,#2379,#362,.F.);
#1986=EDGE_CURVE('',#2440,#2441,#2755,.T.);
#1987=EDGE_CURVE('',#2442,#2443,#363,.F.);
#1988=EDGE_CURVE('',#2442,#2444,#2756,.T.);
#1989=EDGE_CURVE('',#2445,#2444,#364,.T.);
#1990=EDGE_CURVE('',#2445,#2446,#2757,.F.);
#1991=EDGE_CURVE('',#2380,#2446,#365,.F.);
#1992=EDGE_CURVE('',#2441,#2443,#2758,.T.);
#1993=EDGE_CURVE('',#2446,#2447,#2759,.F.);
#1994=EDGE_CURVE('',#2447,#2381,#77,.T.);
#1995=EDGE_CURVE('',#2448,#2449,#2760,.T.);
#1996=EDGE_CURVE('',#2449,#2450,#366,.F.);
#1997=EDGE_CURVE('',#2382,#2450,#78,.T.);
#1998=EDGE_CURVE('',#2447,#2448,#367,.T.);
#1999=EDGE_CURVE('',#2451,#2383,#368,.F.);
#2000=EDGE_CURVE('',#2450,#2451,#2761,.T.);
#2001=EDGE_CURVE('',#2452,#2453,#369,.F.);
#2002=EDGE_CURVE('',#2452,#2454,#2762,.T.);
#2003=EDGE_CURVE('',#2455,#2454,#370,.F.);
#2004=EDGE_CURVE('',#2455,#2386,#2763,.F.);
#2005=EDGE_CURVE('',#2451,#2453,#2764,.T.);
#2006=EDGE_CURVE('',#2453,#2456,#2765,.F.);
#2007=EDGE_CURVE('',#2456,#2457,#79,.T.);
#2008=EDGE_CURVE('',#2457,#2452,#2766,.T.);
#2009=EDGE_CURVE('',#2458,#2459,#2767,.T.);
#2010=EDGE_CURVE('',#2460,#2459,#371,.T.);
#2011=EDGE_CURVE('',#2461,#2460,#80,.T.);
#2012=EDGE_CURVE('',#2461,#2457,#2768,.F.);
#2013=EDGE_CURVE('',#2458,#2456,#372,.F.);
#2014=EDGE_CURVE('',#2444,#2461,#2769,.T.);
#2015=EDGE_CURVE('',#2460,#2445,#2770,.F.);
#2016=EDGE_CURVE('',#2443,#2462,#2771,.F.);
#2017=EDGE_CURVE('',#2462,#2463,#81,.T.);
#2018=EDGE_CURVE('',#2463,#2442,#2772,.T.);
#2019=EDGE_CURVE('',#2464,#2430,#2773,.T.);
#2020=EDGE_CURVE('',#2428,#2463,#2774,.F.);
#2021=EDGE_CURVE('',#2464,#2462,#373,.F.);
#2022=EDGE_CURVE('',#2465,#2465,#374,.T.);
#2023=EDGE_CURVE('',#2466,#2466,#375,.T.);
#2024=EDGE_CURVE('',#2467,#2467,#376,.T.);
#2025=EDGE_CURVE('',#2468,#2468,#377,.T.);
#2026=EDGE_CURVE('',#2469,#2469,#378,.T.);
#2027=EDGE_CURVE('',#2470,#2470,#379,.T.);
#2028=EDGE_CURVE('',#2471,#2471,#380,.T.);
#2029=EDGE_CURVE('',#2472,#2472,#381,.T.);
#2030=EDGE_CURVE('',#2473,#2473,#382,.T.);
#2031=EDGE_CURVE('',#2474,#2474,#383,.T.);
#2032=EDGE_CURVE('',#2475,#2475,#384,.T.);
#2033=EDGE_CURVE('',#2439,#2464,#2775,.T.);
#2034=EDGE_CURVE('',#2476,#2476,#385,.F.);
#2035=EDGE_CURVE('',#2477,#2477,#386,.F.);
#2036=EDGE_CURVE('',#2448,#2459,#2776,.T.);
#2037=EDGE_CURVE('',#2449,#2458,#2777,.T.);
#2038=EDGE_CURVE('',#2478,#2478,#387,.F.);
#2039=EDGE_CURVE('',#2479,#2479,#388,.T.);
#2040=EDGE_CURVE('',#2480,#2374,#389,.F.);
#2041=EDGE_CURVE('',#2327,#2480,#2778,.T.);
#2042=EDGE_CURVE('',#2481,#2480,#390,.F.);
#2043=EDGE_CURVE('',#2481,#2328,#2779,.F.);
#2044=EDGE_CURVE('',#2482,#2481,#2780,.T.);
#2045=EDGE_CURVE('',#2329,#2482,#2781,.T.);
#2046=EDGE_CURVE('',#2373,#2482,#391,.F.);
#2047=EDGE_CURVE('',#2385,#2483,#2782,.T.);
#2048=EDGE_CURVE('',#2483,#2455,#2783,.T.);
#2049=EDGE_CURVE('',#2483,#2484,#392,.F.);
#2050=EDGE_CURVE('',#2454,#2484,#2784,.F.);
#2051=EDGE_CURVE('',#2484,#2485,#2785,.T.);
#2052=EDGE_CURVE('',#2485,#2320,#2786,.F.);
#2053=EDGE_CURVE('',#2485,#2486,#393,.F.);
#2054=EDGE_CURVE('',#2319,#2486,#2787,.T.);
#2055=EDGE_CURVE('',#2486,#2487,#2788,.T.);
#2056=EDGE_CURVE('',#2487,#2318,#2789,.T.);
#2057=EDGE_CURVE('',#2487,#2488,#394,.F.);
#2058=EDGE_CURVE('',#2317,#2488,#2790,.F.);
#2059=EDGE_CURVE('',#2488,#2489,#395,.F.);
#2060=EDGE_CURVE('',#2489,#2316,#2791,.T.);
#2061=EDGE_CURVE('',#2489,#2490,#396,.F.);
#2062=EDGE_CURVE('',#2315,#2490,#2792,.F.);
#2063=EDGE_CURVE('',#2490,#2491,#2793,.T.);
#2064=EDGE_CURVE('',#2491,#2314,#2794,.F.);
#2065=EDGE_CURVE('',#2491,#2492,#397,.F.);
#2066=EDGE_CURVE('',#2313,#2492,#2795,.T.);
#2067=EDGE_CURVE('',#2492,#2493,#2796,.T.);
#2068=EDGE_CURVE('',#2493,#2312,#2797,.F.);
#2069=EDGE_CURVE('',#2493,#2494,#398,.F.);
#2070=EDGE_CURVE('',#2311,#2494,#2798,.T.);
#2071=EDGE_CURVE('',#2494,#2495,#2799,.T.);
#2072=EDGE_CURVE('',#2495,#2310,#2800,.T.);
#2073=EDGE_CURVE('',#2495,#2362,#399,.F.);
#2074=EDGE_CURVE('',#2360,#2496,#400,.F.);
#2075=EDGE_CURVE('',#2341,#2496,#2801,.T.);
#2076=EDGE_CURVE('',#2496,#2363,#2802,.T.);
#2077=EDGE_CURVE('',#2483,#2227,#2803,.T.);
#2078=EDGE_CURVE('',#2227,#2484,#2804,.F.);
#2079=EDGE_CURVE('',#2226,#2385,#2805,.F.);
#2080=EDGE_CURVE('',#2376,#2226,#2806,.T.);
#2081=EDGE_CURVE('',#2373,#2220,#2807,.T.);
#2082=EDGE_CURVE('',#2221,#2482,#2808,.F.);
#2083=EDGE_CURVE('',#2219,#2497,#82,.T.);
#2084=EDGE_CURVE('',#2497,#2372,#2809,.F.);
#2085=EDGE_CURVE('',#2498,#2497,#83,.T.);
#2086=EDGE_CURVE('',#2371,#2498,#2810,.T.);
#2087=EDGE_CURVE('',#2218,#2498,#84,.T.);
#2088=EDGE_CURVE('',#2370,#2217,#2811,.T.);
#2089=EDGE_CURVE('',#2369,#2216,#2812,.F.);
#2090=EDGE_CURVE('',#2368,#2215,#2813,.T.);
#2091=EDGE_CURVE('',#2499,#2367,#2814,.F.);
#2092=EDGE_CURVE('',#2214,#2499,#85,.T.);
#2093=EDGE_CURVE('',#2366,#2500,#2815,.F.);
#2094=EDGE_CURVE('',#2499,#2501,#86,.T.);
#2095=EDGE_CURVE('',#2501,#2500,#2816,.F.);
#2096=EDGE_CURVE('',#2365,#2502,#2817,.F.);
#2097=EDGE_CURVE('',#2500,#2502,#401,.T.);
#2098=EDGE_CURVE('',#2364,#2503,#2818,.F.);
#2099=EDGE_CURVE('',#2502,#2503,#402,.T.);
#2100=EDGE_CURVE('',#2503,#2504,#403,.T.);
#2101=EDGE_CURVE('',#2363,#2504,#2819,.T.);
#2102=EDGE_CURVE('',#2504,#2505,#2820,.F.);
#2103=EDGE_CURVE('',#2505,#2211,#87,.T.);
#2104=EDGE_CURVE('',#2496,#2210,#2821,.F.);
#2105=EDGE_CURVE('',#2360,#2209,#2822,.T.);
#2106=EDGE_CURVE('',#2495,#2241,#2823,.T.);
#2107=EDGE_CURVE('',#2362,#2242,#2824,.F.);
#2108=EDGE_CURVE('',#2494,#2506,#2825,.F.);
#2109=EDGE_CURVE('',#2240,#2507,#88,.T.);
#2110=EDGE_CURVE('',#2507,#2506,#2826,.F.);
#2111=EDGE_CURVE('',#2506,#2508,#404,.T.);
#2112=EDGE_CURVE('',#2493,#2508,#2827,.T.);
#2113=EDGE_CURVE('',#2509,#2492,#2828,.F.);
#2114=EDGE_CURVE('',#2508,#2510,#2829,.F.);
#2115=EDGE_CURVE('',#2510,#2237,#89,.T.);
#2116=EDGE_CURVE('',#2236,#2509,#90,.T.);
#2117=EDGE_CURVE('',#2491,#2234,#2830,.T.);
#2118=EDGE_CURVE('',#2509,#2235,#91,.T.);
#2119=EDGE_CURVE('',#2490,#2233,#2831,.T.);
#2120=EDGE_CURVE('',#2489,#2232,#2832,.F.);
#2121=EDGE_CURVE('',#2488,#2231,#2833,.T.);
#2122=EDGE_CURVE('',#2487,#2230,#2834,.T.);
#2123=EDGE_CURVE('',#2486,#2229,#2835,.T.);
#2124=EDGE_CURVE('',#2485,#2228,#2836,.T.);
#2125=EDGE_CURVE('',#2375,#2225,#2837,.T.);
#2126=EDGE_CURVE('',#2374,#2224,#2838,.F.);
#2127=EDGE_CURVE('',#2480,#2223,#2839,.T.);
#2128=EDGE_CURVE('',#2481,#2222,#2840,.T.);
#2129=EDGE_CURVE('',#2511,#2511,#405,.F.);
#2130=EDGE_CURVE('',#2512,#2512,#406,.F.);
#2131=EDGE_CURVE('',#2213,#2513,#92,.T.);
#2132=EDGE_CURVE('',#2514,#2212,#93,.T.);
#2133=EDGE_CURVE('',#2513,#2514,#94,.T.);
#2134=EDGE_CURVE('',#2515,#2515,#407,.T.);
#2135=EDGE_CURVE('',#2516,#2516,#408,.F.);
#2136=EDGE_CURVE('',#2510,#2507,#409,.T.);
#2137=EDGE_CURVE('',#2517,#2517,#410,.T.);
#2138=EDGE_CURVE('',#2505,#2501,#411,.F.);
#2139=EDGE_CURVE('',#2513,#2514,#412,.T.);
#2140=EDGE_CURVE('',#2518,#2518,#413,.T.);
#2141=EDGE_CURVE('',#2519,#2519,#414,.F.);
#2142=EDGE_CURVE('',#2239,#2238,#95,.T.);
#2143=EDGE_CURVE('',#2361,#2243,#2841,.T.);
#2144=EDGE_CURVE('',#2246,#2357,#2842,.T.);
#2145=EDGE_CURVE('',#2203,#2351,#2843,.T.);
#2146=VERTEX_POINT('',#5832);
#2147=VERTEX_POINT('',#5833);
#2148=VERTEX_POINT('',#5835);
#2149=VERTEX_POINT('',#5837);
#2150=VERTEX_POINT('',#5841);
#2151=VERTEX_POINT('',#5842);
#2152=VERTEX_POINT('',#5844);
#2153=VERTEX_POINT('',#5846);
#2154=VERTEX_POINT('',#5848);
#2155=VERTEX_POINT('',#5850);
#2156=VERTEX_POINT('',#5854);
#2157=VERTEX_POINT('',#5855);
#2158=VERTEX_POINT('',#5857);
#2159=VERTEX_POINT('',#5859);
#2160=VERTEX_POINT('',#5861);
#2161=VERTEX_POINT('',#5863);
#2162=VERTEX_POINT('',#5865);
#2163=VERTEX_POINT('',#5867);
#2164=VERTEX_POINT('',#5869);
#2165=VERTEX_POINT('',#5871);
#2166=VERTEX_POINT('',#5873);
#2167=VERTEX_POINT('',#5875);
#2168=VERTEX_POINT('',#5878);
#2169=VERTEX_POINT('',#5879);
#2170=VERTEX_POINT('',#5881);
#2171=VERTEX_POINT('',#5883);
#2172=VERTEX_POINT('',#5885);
#2173=VERTEX_POINT('',#5887);
#2174=VERTEX_POINT('',#5890);
#2175=VERTEX_POINT('',#5891);
#2176=VERTEX_POINT('',#5893);
#2177=VERTEX_POINT('',#5895);
#2178=VERTEX_POINT('',#5897);
#2179=VERTEX_POINT('',#5899);
#2180=VERTEX_POINT('',#5901);
#2181=VERTEX_POINT('',#5903);
#2182=VERTEX_POINT('',#5906);
#2183=VERTEX_POINT('',#5907);
#2184=VERTEX_POINT('',#5909);
#2185=VERTEX_POINT('',#5911);
#2186=VERTEX_POINT('',#5913);
#2187=VERTEX_POINT('',#5915);
#2188=VERTEX_POINT('',#5917);
#2189=VERTEX_POINT('',#5919);
#2190=VERTEX_POINT('',#5921);
#2191=VERTEX_POINT('',#5923);
#2192=VERTEX_POINT('',#5926);
#2193=VERTEX_POINT('',#5927);
#2194=VERTEX_POINT('',#5929);
#2195=VERTEX_POINT('',#5931);
#2196=VERTEX_POINT('',#5933);
#2197=VERTEX_POINT('',#5935);
#2198=VERTEX_POINT('',#5937);
#2199=VERTEX_POINT('',#5939);
#2200=VERTEX_POINT('',#5941);
#2201=VERTEX_POINT('',#5944);
#2202=VERTEX_POINT('',#5946);
#2203=VERTEX_POINT('',#5948);
#2204=VERTEX_POINT('',#5950);
#2205=VERTEX_POINT('',#5952);
#2206=VERTEX_POINT('',#5954);
#2207=VERTEX_POINT('',#5956);
#2208=VERTEX_POINT('',#5958);
#2209=VERTEX_POINT('',#5960);
#2210=VERTEX_POINT('',#5962);
#2211=VERTEX_POINT('',#5964);
#2212=VERTEX_POINT('',#5966);
#2213=VERTEX_POINT('',#5968);
#2214=VERTEX_POINT('',#5970);
#2215=VERTEX_POINT('',#5972);
#2216=VERTEX_POINT('',#5974);
#2217=VERTEX_POINT('',#5976);
#2218=VERTEX_POINT('',#5978);
#2219=VERTEX_POINT('',#5980);
#2220=VERTEX_POINT('',#5982);
#2221=VERTEX_POINT('',#5984);
#2222=VERTEX_POINT('',#5986);
#2223=VERTEX_POINT('',#5988);
#2224=VERTEX_POINT('',#5990);
#2225=VERTEX_POINT('',#5992);
#2226=VERTEX_POINT('',#5994);
#2227=VERTEX_POINT('',#5996);
#2228=VERTEX_POINT('',#5998);
#2229=VERTEX_POINT('',#6000);
#2230=VERTEX_POINT('',#6002);
#2231=VERTEX_POINT('',#6004);
#2232=VERTEX_POINT('',#6006);
#2233=VERTEX_POINT('',#6008);
#2234=VERTEX_POINT('',#6010);
#2235=VERTEX_POINT('',#6012);
#2236=VERTEX_POINT('',#6014);
#2237=VERTEX_POINT('',#6016);
#2238=VERTEX_POINT('',#6018);
#2239=VERTEX_POINT('',#6020);
#2240=VERTEX_POINT('',#6022);
#2241=VERTEX_POINT('',#6024);
#2242=VERTEX_POINT('',#6026);
#2243=VERTEX_POINT('',#6028);
#2244=VERTEX_POINT('',#6031);
#2245=VERTEX_POINT('',#6033);
#2246=VERTEX_POINT('',#6035);
#2247=VERTEX_POINT('',#6037);
#2248=VERTEX_POINT('',#6039);
#2249=VERTEX_POINT('',#6041);
#2250=VERTEX_POINT('',#6043);
#2251=VERTEX_POINT('',#6045);
#2252=VERTEX_POINT('',#6047);
#2253=VERTEX_POINT('',#6051);
#2254=VERTEX_POINT('',#6053);
#2255=VERTEX_POINT('',#6055);
#2256=VERTEX_POINT('',#6057);
#2257=VERTEX_POINT('',#6058);
#2258=VERTEX_POINT('',#6060);
#2259=VERTEX_POINT('',#6062);
#2260=VERTEX_POINT('',#6064);
#2261=VERTEX_POINT('',#6066);
#2262=VERTEX_POINT('',#6068);
#2263=VERTEX_POINT('',#6070);
#2264=VERTEX_POINT('',#6073);
#2265=VERTEX_POINT('',#6074);
#2266=VERTEX_POINT('',#6076);
#2267=VERTEX_POINT('',#6078);
#2268=VERTEX_POINT('',#6080);
#2269=VERTEX_POINT('',#6082);
#2270=VERTEX_POINT('',#6084);
#2271=VERTEX_POINT('',#6086);
#2272=VERTEX_POINT('',#6088);
#2273=VERTEX_POINT('',#6091);
#2274=VERTEX_POINT('',#6093);
#2275=VERTEX_POINT('',#6094);
#2276=VERTEX_POINT('',#6096);
#2277=VERTEX_POINT('',#6098);
#2278=VERTEX_POINT('',#6100);
#2279=VERTEX_POINT('',#6102);
#2280=VERTEX_POINT('',#6105);
#2281=VERTEX_POINT('',#6106);
#2282=VERTEX_POINT('',#6108);
#2283=VERTEX_POINT('',#6110);
#2284=VERTEX_POINT('',#6112);
#2285=VERTEX_POINT('',#6114);
#2286=VERTEX_POINT('',#6116);
#2287=VERTEX_POINT('',#6118);
#2288=VERTEX_POINT('',#6120);
#2289=VERTEX_POINT('',#6122);
#2290=VERTEX_POINT('',#6125);
#2291=VERTEX_POINT('',#6127);
#2292=VERTEX_POINT('',#6129);
#2293=VERTEX_POINT('',#6130);
#2294=VERTEX_POINT('',#6132);
#2295=VERTEX_POINT('',#6134);
#2296=VERTEX_POINT('',#6136);
#2297=VERTEX_POINT('',#6138);
#2298=VERTEX_POINT('',#6140);
#2299=VERTEX_POINT('',#6142);
#2300=VERTEX_POINT('',#6144);
#2301=VERTEX_POINT('',#6146);
#2302=VERTEX_POINT('',#6148);
#2303=VERTEX_POINT('',#6150);
#2304=VERTEX_POINT('',#6153);
#2305=VERTEX_POINT('',#6155);
#2306=VERTEX_POINT('',#6157);
#2307=VERTEX_POINT('',#6159);
#2308=VERTEX_POINT('',#6161);
#2309=VERTEX_POINT('',#6163);
#2310=VERTEX_POINT('',#6165);
#2311=VERTEX_POINT('',#6167);
#2312=VERTEX_POINT('',#6169);
#2313=VERTEX_POINT('',#6171);
#2314=VERTEX_POINT('',#6173);
#2315=VERTEX_POINT('',#6175);
#2316=VERTEX_POINT('',#6177);
#2317=VERTEX_POINT('',#6179);
#2318=VERTEX_POINT('',#6181);
#2319=VERTEX_POINT('',#6183);
#2320=VERTEX_POINT('',#6185);
#2321=VERTEX_POINT('',#6187);
#2322=VERTEX_POINT('',#6189);
#2323=VERTEX_POINT('',#6191);
#2324=VERTEX_POINT('',#6193);
#2325=VERTEX_POINT('',#6195);
#2326=VERTEX_POINT('',#6197);
#2327=VERTEX_POINT('',#6199);
#2328=VERTEX_POINT('',#6201);
#2329=VERTEX_POINT('',#6203);
#2330=VERTEX_POINT('',#6205);
#2331=VERTEX_POINT('',#6207);
#2332=VERTEX_POINT('',#6209);
#2333=VERTEX_POINT('',#6211);
#2334=VERTEX_POINT('',#6213);
#2335=VERTEX_POINT('',#6215);
#2336=VERTEX_POINT('',#6217);
#2337=VERTEX_POINT('',#6219);
#2338=VERTEX_POINT('',#6221);
#2339=VERTEX_POINT('',#6223);
#2340=VERTEX_POINT('',#6225);
#2341=VERTEX_POINT('',#6227);
#2342=VERTEX_POINT('',#6229);
#2343=VERTEX_POINT('',#6231);
#2344=VERTEX_POINT('',#6233);
#2345=VERTEX_POINT('',#6235);
#2346=VERTEX_POINT('',#6237);
#2347=VERTEX_POINT('',#6239);
#2348=VERTEX_POINT('',#6241);
#2349=VERTEX_POINT('',#6246);
#2350=VERTEX_POINT('',#6250);
#2351=VERTEX_POINT('',#6252);
#2352=VERTEX_POINT('',#6254);
#2353=VERTEX_POINT('',#6256);
#2354=VERTEX_POINT('',#6264);
#2355=VERTEX_POINT('',#6265);
#2356=VERTEX_POINT('',#6270);
#2357=VERTEX_POINT('',#6273);
#2358=VERTEX_POINT('',#6280);
#2359=VERTEX_POINT('',#6286);
#2360=VERTEX_POINT('',#6291);
#2361=VERTEX_POINT('',#6295);
#2362=VERTEX_POINT('',#6297);
#2363=VERTEX_POINT('',#6301);
#2364=VERTEX_POINT('',#6302);
#2365=VERTEX_POINT('',#6307);
#2366=VERTEX_POINT('',#6311);
#2367=VERTEX_POINT('',#6315);
#2368=VERTEX_POINT('',#6319);
#2369=VERTEX_POINT('',#6323);
#2370=VERTEX_POINT('',#6327);
#2371=VERTEX_POINT('',#6331);
#2372=VERTEX_POINT('',#6335);
#2373=VERTEX_POINT('',#6339);
#2374=VERTEX_POINT('',#6343);
#2375=VERTEX_POINT('',#6344);
#2376=VERTEX_POINT('',#6349);
#2377=VERTEX_POINT('',#6351);
#2378=VERTEX_POINT('',#6353);
#2379=VERTEX_POINT('',#6355);
#2380=VERTEX_POINT('',#6357);
#2381=VERTEX_POINT('',#6359);
#2382=VERTEX_POINT('',#6361);
#2383=VERTEX_POINT('',#6363);
#2384=VERTEX_POINT('',#6365);
#2385=VERTEX_POINT('',#6369);
#2386=VERTEX_POINT('',#6371);
#2387=VERTEX_POINT('',#6378);
#2388=VERTEX_POINT('',#6385);
#2389=VERTEX_POINT('',#6389);
#2390=VERTEX_POINT('',#6393);
#2391=VERTEX_POINT('',#6397);
#2392=VERTEX_POINT('',#6401);
#2393=VERTEX_POINT('',#6408);
#2394=VERTEX_POINT('',#6420);
#2395=VERTEX_POINT('',#6422);
#2396=VERTEX_POINT('',#6426);
#2397=VERTEX_POINT('',#6430);
#2398=VERTEX_POINT('',#6434);
#2399=VERTEX_POINT('',#6438);
#2400=VERTEX_POINT('',#6444);
#2401=VERTEX_POINT('',#6446);
#2402=VERTEX_POINT('',#6450);
#2403=VERTEX_POINT('',#6454);
#2404=VERTEX_POINT('',#6458);
#2405=VERTEX_POINT('',#6462);
#2406=VERTEX_POINT('',#6466);
#2407=VERTEX_POINT('',#6470);
#2408=VERTEX_POINT('',#6476);
#2409=VERTEX_POINT('',#6478);
#2410=VERTEX_POINT('',#6482);
#2411=VERTEX_POINT('',#6486);
#2412=VERTEX_POINT('',#6490);
#2413=VERTEX_POINT('',#6494);
#2414=VERTEX_POINT('',#6498);
#2415=VERTEX_POINT('',#6502);
#2416=VERTEX_POINT('',#6506);
#2417=VERTEX_POINT('',#6510);
#2418=VERTEX_POINT('',#6516);
#2419=VERTEX_POINT('',#6517);
#2420=VERTEX_POINT('',#6525);
#2421=VERTEX_POINT('',#6529);
#2422=VERTEX_POINT('',#6533);
#2423=VERTEX_POINT('',#6537);
#2424=VERTEX_POINT('',#6541);
#2425=VERTEX_POINT('',#6545);
#2426=VERTEX_POINT('',#6549);
#2427=VERTEX_POINT('',#6555);
#2428=VERTEX_POINT('',#6558);
#2429=VERTEX_POINT('',#6564);
#2430=VERTEX_POINT('',#6568);
#2431=VERTEX_POINT('',#6570);
#2432=VERTEX_POINT('',#6572);
#2433=VERTEX_POINT('',#6582);
#2434=VERTEX_POINT('',#6585);
#2435=VERTEX_POINT('',#6599);
#2436=VERTEX_POINT('',#6602);
#2437=VERTEX_POINT('',#6637);
#2438=VERTEX_POINT('',#6674);
#2439=VERTEX_POINT('',#6677);
#2440=VERTEX_POINT('',#6679);
#2441=VERTEX_POINT('',#6687);
#2442=VERTEX_POINT('',#6691);
#2443=VERTEX_POINT('',#6692);
#2444=VERTEX_POINT('',#6694);
#2445=VERTEX_POINT('',#6696);
#2446=VERTEX_POINT('',#6698);
#2447=VERTEX_POINT('',#6703);
#2448=VERTEX_POINT('',#6711);
#2449=VERTEX_POINT('',#6712);
#2450=VERTEX_POINT('',#6714);
#2451=VERTEX_POINT('',#6723);
#2452=VERTEX_POINT('',#6727);
#2453=VERTEX_POINT('',#6728);
#2454=VERTEX_POINT('',#6730);
#2455=VERTEX_POINT('',#6732);
#2456=VERTEX_POINT('',#6737);
#2457=VERTEX_POINT('',#6743);
#2458=VERTEX_POINT('',#6747);
#2459=VERTEX_POINT('',#6748);
#2460=VERTEX_POINT('',#6750);
#2461=VERTEX_POINT('',#6756);
#2462=VERTEX_POINT('',#6764);
#2463=VERTEX_POINT('',#6770);
#2464=VERTEX_POINT('',#6774);
#2465=VERTEX_POINT('',#6779);
#2466=VERTEX_POINT('',#6781);
#2467=VERTEX_POINT('',#6784);
#2468=VERTEX_POINT('',#6787);
#2469=VERTEX_POINT('',#6789);
#2470=VERTEX_POINT('',#6792);
#2471=VERTEX_POINT('',#6795);
#2472=VERTEX_POINT('',#6797);
#2473=VERTEX_POINT('',#6800);
#2474=VERTEX_POINT('',#6803);
#2475=VERTEX_POINT('',#6805);
#2476=VERTEX_POINT('',#6811);
#2477=VERTEX_POINT('',#6814);
#2478=VERTEX_POINT('',#6824);
#2479=VERTEX_POINT('',#6829);
#2480=VERTEX_POINT('',#6833);
#2481=VERTEX_POINT('',#6837);
#2482=VERTEX_POINT('',#6841);
#2483=VERTEX_POINT('',#6847);
#2484=VERTEX_POINT('',#6851);
#2485=VERTEX_POINT('',#6855);
#2486=VERTEX_POINT('',#6859);
#2487=VERTEX_POINT('',#6863);
#2488=VERTEX_POINT('',#6867);
#2489=VERTEX_POINT('',#6871);
#2490=VERTEX_POINT('',#6875);
#2491=VERTEX_POINT('',#6879);
#2492=VERTEX_POINT('',#6883);
#2493=VERTEX_POINT('',#6887);
#2494=VERTEX_POINT('',#6891);
#2495=VERTEX_POINT('',#6895);
#2496=VERTEX_POINT('',#6901);
#2497=VERTEX_POINT('',#6920);
#2498=VERTEX_POINT('',#6927);
#2499=VERTEX_POINT('',#6941);
#2500=VERTEX_POINT('',#6948);
#2501=VERTEX_POINT('',#6954);
#2502=VERTEX_POINT('',#6958);
#2503=VERTEX_POINT('',#6962);
#2504=VERTEX_POINT('',#6966);
#2505=VERTEX_POINT('',#6970);
#2506=VERTEX_POINT('',#6983);
#2507=VERTEX_POINT('',#6993);
#2508=VERTEX_POINT('',#6997);
#2509=VERTEX_POINT('',#7001);
#2510=VERTEX_POINT('',#7003);
#2511=VERTEX_POINT('',#7044);
#2512=VERTEX_POINT('',#7048);
#2513=VERTEX_POINT('',#7057);
#2514=VERTEX_POINT('',#7065);
#2515=VERTEX_POINT('',#7075);
#2516=VERTEX_POINT('',#7079);
#2517=VERTEX_POINT('',#7084);
#2518=VERTEX_POINT('',#7093);
#2519=VERTEX_POINT('',#7095);
#2520=LINE('',#5831,#2844);
#2521=LINE('',#5836,#2845);
#2522=LINE('',#5840,#2846);
#2523=LINE('',#5843,#2847);
#2524=LINE('',#5845,#2848);
#2525=LINE('',#5847,#2849);
#2526=LINE('',#5849,#2850);
#2527=LINE('',#5851,#2851);
#2528=LINE('',#5853,#2852);
#2529=LINE('',#5862,#2853);
#2530=LINE('',#5866,#2854);
#2531=LINE('',#5874,#2855);
#2532=LINE('',#5877,#2856);
#2533=LINE('',#5882,#2857);
#2534=LINE('',#5886,#2858);
#2535=LINE('',#5889,#2859);
#2536=LINE('',#5902,#2860);
#2537=LINE('',#5916,#2861);
#2538=LINE('',#5920,#2862);
#2539=LINE('',#5924,#2863);
#2540=LINE('',#5940,#2864);
#2541=LINE('',#5947,#2865);
#2542=LINE('',#5949,#2866);
#2543=LINE('',#5951,#2867);
#2544=LINE('',#5953,#2868);
#2545=LINE('',#5955,#2869);
#2546=LINE('',#5957,#2870);
#2547=LINE('',#5959,#2871);
#2548=LINE('',#5963,#2872);
#2549=LINE('',#5977,#2873);
#2550=LINE('',#5985,#2874);
#2551=LINE('',#5993,#2875);
#2552=LINE('',#5995,#2876);
#2553=LINE('',#5997,#2877);
#2554=LINE('',#6001,#2878);
#2555=LINE('',#6009,#2879);
#2556=LINE('',#6015,#2880);
#2557=LINE('',#6023,#2881);
#2558=LINE('',#6027,#2882);
#2559=LINE('',#6029,#2883);
#2560=LINE('',#6030,#2884);
#2561=LINE('',#6034,#2885);
#2562=LINE('',#6036,#2886);
#2563=LINE('',#6038,#2887);
#2564=LINE('',#6040,#2888);
#2565=LINE('',#6042,#2889);
#2566=LINE('',#6044,#2890);
#2567=LINE('',#6046,#2891);
#2568=LINE('',#6048,#2892);
#2569=LINE('',#6056,#2893);
#2570=LINE('',#6061,#2894);
#2571=LINE('',#6079,#2895);
#2572=LINE('',#6095,#2896);
#2573=LINE('',#6099,#2897);
#2574=LINE('',#6103,#2898);
#2575=LINE('',#6104,#2899);
#2576=LINE('',#6109,#2900);
#2577=LINE('',#6113,#2901);
#2578=LINE('',#6128,#2902);
#2579=LINE('',#6137,#2903);
#2580=LINE('',#6141,#2904);
#2581=LINE('',#6149,#2905);
#2582=LINE('',#6158,#2906);
#2583=LINE('',#6160,#2907);
#2584=LINE('',#6162,#2908);
#2585=LINE('',#6166,#2909);
#2586=LINE('',#6170,#2910);
#2587=LINE('',#6174,#2911);
#2588=LINE('',#6182,#2912);
#2589=LINE('',#6186,#2913);
#2590=LINE('',#6190,#2914);
#2591=LINE('',#6194,#2915);
#2592=LINE('',#6202,#2916);
#2593=LINE('',#6210,#2917);
#2594=LINE('',#6218,#2918);
#2595=LINE('',#6226,#2919);
#2596=LINE('',#6230,#2920);
#2597=LINE('',#6232,#2921);
#2598=LINE('',#6234,#2922);
#2599=LINE('',#6236,#2923);
#2600=LINE('',#6238,#2924);
#2601=LINE('',#6240,#2925);
#2602=LINE('',#6242,#2926);
#2603=LINE('',#6244,#2927);
#2604=LINE('',#6245,#2928);
#2605=LINE('',#6247,#2929);
#2606=LINE('',#6251,#2930);
#2607=LINE('',#6253,#2931);
#2608=LINE('',#6255,#2932);
#2609=LINE('',#6257,#2933);
#2610=LINE('',#6259,#2934);
#2611=LINE('',#6260,#2935);
#2612=LINE('',#6261,#2936);
#2613=LINE('',#6266,#2937);
#2614=LINE('',#6267,#2938);
#2615=LINE('',#6271,#2939);
#2616=LINE('',#6272,#2940);
#2617=LINE('',#6274,#2941);
#2618=LINE('',#6276,#2942);
#2619=LINE('',#6277,#2943);
#2620=LINE('',#6279,#2944);
#2621=LINE('',#6281,#2945);
#2622=LINE('',#6283,#2946);
#2623=LINE('',#6285,#2947);
#2624=LINE('',#6287,#2948);
#2625=LINE('',#6289,#2949);
#2626=LINE('',#6290,#2950);
#2627=LINE('',#6292,#2951);
#2628=LINE('',#6294,#2952);
#2629=LINE('',#6296,#2953);
#2630=LINE('',#6298,#2954);
#2631=LINE('',#6303,#2955);
#2632=LINE('',#6304,#2956);
#2633=LINE('',#6308,#2957);
#2634=LINE('',#6312,#2958);
#2635=LINE('',#6314,#2959);
#2636=LINE('',#6316,#2960);
#2637=LINE('',#6320,#2961);
#2638=LINE('',#6324,#2962);
#2639=LINE('',#6328,#2963);
#2640=LINE('',#6330,#2964);
#2641=LINE('',#6332,#2965);
#2642=LINE('',#6336,#2966);
#2643=LINE('',#6340,#2967);
#2644=LINE('',#6345,#2968);
#2645=LINE('',#6346,#2969);
#2646=LINE('',#6348,#2970);
#2647=LINE('',#6350,#2971);
#2648=LINE('',#6352,#2972);
#2649=LINE('',#6354,#2973);
#2650=LINE('',#6356,#2974);
#2651=LINE('',#6358,#2975);
#2652=LINE('',#6360,#2976);
#2653=LINE('',#6362,#2977);
#2654=LINE('',#6364,#2978);
#2655=LINE('',#6366,#2979);
#2656=LINE('',#6372,#2980);
#2657=LINE('',#6374,#2981);
#2658=LINE('',#6375,#2982);
#2659=LINE('',#6377,#2983);
#2660=LINE('',#6386,#2984);
#2661=LINE('',#6390,#2985);
#2662=LINE('',#6392,#2986);
#2663=LINE('',#6394,#2987);
#2664=LINE('',#6396,#2988);
#2665=LINE('',#6400,#2989);
#2666=LINE('',#6402,#2990);
#2667=LINE('',#6411,#2991);
#2668=LINE('',#6412,#2992);
#2669=LINE('',#6414,#2993);
#2670=LINE('',#6416,#2994);
#2671=LINE('',#6419,#2995);
#2672=LINE('',#6421,#2996);
#2673=LINE('',#6423,#2997);
#2674=LINE('',#6427,#2998);
#2675=LINE('',#6429,#2999);
#2676=LINE('',#6431,#3000);
#2677=LINE('',#6435,#3001);
#2678=LINE('',#6437,#3002);
#2679=LINE('',#6439,#3003);
#2680=LINE('',#6443,#3004);
#2681=LINE('',#6445,#3005);
#2682=LINE('',#6447,#3006);
#2683=LINE('',#6451,#3007);
#2684=LINE('',#6455,#3008);
#2685=LINE('',#6459,#3009);
#2686=LINE('',#6461,#3010);
#2687=LINE('',#6467,#3011);
#2688=LINE('',#6469,#3012);
#2689=LINE('',#6471,#3013);
#2690=LINE('',#6475,#3014);
#2691=LINE('',#6479,#3015);
#2692=LINE('',#6483,#3016);
#2693=LINE('',#6487,#3017);
#2694=LINE('',#6491,#3018);
#2695=LINE('',#6495,#3019);
#2696=LINE('',#6497,#3020);
#2697=LINE('',#6499,#3021);
#2698=LINE('',#6503,#3022);
#2699=LINE('',#6505,#3023);
#2700=LINE('',#6507,#3024);
#2701=LINE('',#6511,#3025);
#2702=LINE('',#6513,#3026);
#2703=LINE('',#6518,#3027);
#2704=LINE('',#6524,#3028);
#2705=LINE('',#6528,#3029);
#2706=LINE('',#6534,#3030);
#2707=LINE('',#6538,#3031);
#2708=LINE('',#6542,#3032);
#2709=LINE('',#6546,#3033);
#2710=LINE('',#6548,#3034);
#2711=LINE('',#6550,#3035);
#2712=LINE('',#6557,#3036);
#2713=LINE('',#6565,#3037);
#2714=LINE('',#6569,#3038);
#2715=LINE('',#6573,#3039);
#2716=LINE('',#6587,#3040);
#2717=LINE('',#6589,#3041);
#2718=LINE('',#6591,#3042);
#2719=LINE('',#6593,#3043);
#2720=LINE('',#6595,#3044);
#2721=LINE('',#6604,#3045);
#2722=LINE('',#6605,#3046);
#2723=LINE('',#6607,#3047);
#2724=LINE('',#6609,#3048);
#2725=LINE('',#6611,#3049);
#2726=LINE('',#6613,#3050);
#2727=LINE('',#6615,#3051);
#2728=LINE('',#6617,#3052);
#2729=LINE('',#6619,#3053);
#2730=LINE('',#6621,#3054);
#2731=LINE('',#6624,#3055);
#2732=LINE('',#6625,#3056);
#2733=LINE('',#6627,#3057);
#2734=LINE('',#6629,#3058);
#2735=LINE('',#6631,#3059);
#2736=LINE('',#6633,#3060);
#2737=LINE('',#6639,#3061);
#2738=LINE('',#6640,#3062);
#2739=LINE('',#6642,#3063);
#2740=LINE('',#6644,#3064);
#2741=LINE('',#6646,#3065);
#2742=LINE('',#6648,#3066);
#2743=LINE('',#6650,#3067);
#2744=LINE('',#6652,#3068);
#2745=LINE('',#6654,#3069);
#2746=LINE('',#6657,#3070);
#2747=LINE('',#6658,#3071);
#2748=LINE('',#6660,#3072);
#2749=LINE('',#6662,#3073);
#2750=LINE('',#6664,#3074);
#2751=LINE('',#6666,#3075);
#2752=LINE('',#6668,#3076);
#2753=LINE('',#6670,#3077);
#2754=LINE('',#6676,#3078);
#2755=LINE('',#6688,#3079);
#2756=LINE('',#6693,#3080);
#2757=LINE('',#6697,#3081);
#2758=LINE('',#6700,#3082);
#2759=LINE('',#6702,#3083);
#2760=LINE('',#6710,#3084);
#2761=LINE('',#6724,#3085);
#2762=LINE('',#6729,#3086);
#2763=LINE('',#6733,#3087);
#2764=LINE('',#6734,#3088);
#2765=LINE('',#6736,#3089);
#2766=LINE('',#6744,#3090);
#2767=LINE('',#6746,#3091);
#2768=LINE('',#6757,#3092);
#2769=LINE('',#6760,#3093);
#2770=LINE('',#6761,#3094);
#2771=LINE('',#6763,#3095);
#2772=LINE('',#6771,#3096);
#2773=LINE('',#6773,#3097);
#2774=LINE('',#6775,#3098);
#2775=LINE('',#6807,#3099);
#2776=LINE('',#6818,#3100);
#2777=LINE('',#6820,#3101);
#2778=LINE('',#6834,#3102);
#2779=LINE('',#6838,#3103);
#2780=LINE('',#6840,#3104);
#2781=LINE('',#6842,#3105);
#2782=LINE('',#6846,#3106);
#2783=LINE('',#6848,#3107);
#2784=LINE('',#6852,#3108);
#2785=LINE('',#6854,#3109);
#2786=LINE('',#6856,#3110);
#2787=LINE('',#6860,#3111);
#2788=LINE('',#6862,#3112);
#2789=LINE('',#6864,#3113);
#2790=LINE('',#6868,#3114);
#2791=LINE('',#6872,#3115);
#2792=LINE('',#6876,#3116);
#2793=LINE('',#6878,#3117);
#2794=LINE('',#6880,#3118);
#2795=LINE('',#6884,#3119);
#2796=LINE('',#6886,#3120);
#2797=LINE('',#6888,#3121);
#2798=LINE('',#6892,#3122);
#2799=LINE('',#6894,#3123);
#2800=LINE('',#6896,#3124);
#2801=LINE('',#6902,#3125);
#2802=LINE('',#6904,#3126);
#2803=LINE('',#6906,#3127);
#2804=LINE('',#6907,#3128);
#2805=LINE('',#6909,#3129);
#2806=LINE('',#6910,#3130);
#2807=LINE('',#6913,#3131);
#2808=LINE('',#6914,#3132);
#2809=LINE('',#6921,#3133);
#2810=LINE('',#6928,#3134);
#2811=LINE('',#6934,#3135);
#2812=LINE('',#6936,#3136);
#2813=LINE('',#6938,#3137);
#2814=LINE('',#6940,#3138);
#2815=LINE('',#6947,#3139);
#2816=LINE('',#6955,#3140);
#2817=LINE('',#6957,#3141);
#2818=LINE('',#6961,#3142);
#2819=LINE('',#6967,#3143);
#2820=LINE('',#6969,#3144);
#2821=LINE('',#6975,#3145);
#2822=LINE('',#6977,#3146);
#2823=LINE('',#6979,#3147);
#2824=LINE('',#6980,#3148);
#2825=LINE('',#6982,#3149);
#2826=LINE('',#6994,#3150);
#2827=LINE('',#6998,#3151);
#2828=LINE('',#7000,#3152);
#2829=LINE('',#7002,#3153);
#2830=LINE('',#7015,#3154);
#2831=LINE('',#7021,#3155);
#2832=LINE('',#7023,#3156);
#2833=LINE('',#7025,#3157);
#2834=LINE('',#7027,#3158);
#2835=LINE('',#7029,#3159);
#2836=LINE('',#7031,#3160);
#2837=LINE('',#7034,#3161);
#2838=LINE('',#7036,#3162);
#2839=LINE('',#7038,#3163);
#2840=LINE('',#7040,#3164);
#2841=LINE('',#7109,#3165);
#2842=LINE('',#7115,#3166);
#2843=LINE('',#7117,#3167);
#2844=VECTOR('',#4575,100.);
#2845=VECTOR('',#4578,100.);
#2846=VECTOR('',#4583,100.);
#2847=VECTOR('',#4584,100.);
#2848=VECTOR('',#4585,100.);
#2849=VECTOR('',#4586,100.);
#2850=VECTOR('',#4587,100.);
#2851=VECTOR('',#4588,100.);
#2852=VECTOR('',#4591,100.);
#2853=VECTOR('',#4598,100.);
#2854=VECTOR('',#4601,100.);
#2855=VECTOR('',#4608,100.);
#2856=VECTOR('',#4611,100.);
#2857=VECTOR('',#4614,100.);
#2858=VECTOR('',#4617,100.);
#2859=VECTOR('',#4620,100.);
#2860=VECTOR('',#4631,100.);
#2861=VECTOR('',#4644,100.);
#2862=VECTOR('',#4647,100.);
#2863=VECTOR('',#4650,100.);
#2864=VECTOR('',#4665,100.);
#2865=VECTOR('',#4672,100.);
#2866=VECTOR('',#4673,100.);
#2867=VECTOR('',#4674,100.);
#2868=VECTOR('',#4675,100.);
#2869=VECTOR('',#4676,100.);
#2870=VECTOR('',#4677,100.);
#2871=VECTOR('',#4678,100.);
#2872=VECTOR('',#4681,100.);
#2873=VECTOR('',#4694,100.);
#2874=VECTOR('',#4701,100.);
#2875=VECTOR('',#4708,100.);
#2876=VECTOR('',#4709,100.);
#2877=VECTOR('',#4710,100.);
#2878=VECTOR('',#4713,100.);
#2879=VECTOR('',#4720,100.);
#2880=VECTOR('',#4725,100.);
#2881=VECTOR('',#4732,100.);
#2882=VECTOR('',#4735,100.);
#2883=VECTOR('',#4736,100.);
#2884=VECTOR('',#4737,100.);
#2885=VECTOR('',#4740,100.);
#2886=VECTOR('',#4741,100.);
#2887=VECTOR('',#4742,100.);
#2888=VECTOR('',#4743,100.);
#2889=VECTOR('',#4744,100.);
#2890=VECTOR('',#4745,100.);
#2891=VECTOR('',#4746,100.);
#2892=VECTOR('',#4747,100.);
#2893=VECTOR('',#4756,100.);
#2894=VECTOR('',#4759,100.);
#2895=VECTOR('',#4776,100.);
#2896=VECTOR('',#4791,100.);
#2897=VECTOR('',#4794,100.);
#2898=VECTOR('',#4797,100.);
#2899=VECTOR('',#4798,100.);
#2900=VECTOR('',#4801,100.);
#2901=VECTOR('',#4804,100.);
#2902=VECTOR('',#4819,100.);
#2903=VECTOR('',#4826,100.);
#2904=VECTOR('',#4829,100.);
#2905=VECTOR('',#4836,100.);
#2906=VECTOR('',#4845,100.);
#2907=VECTOR('',#4846,100.);
#2908=VECTOR('',#4847,100.);
#2909=VECTOR('',#4850,100.);
#2910=VECTOR('',#4853,100.);
#2911=VECTOR('',#4856,100.);
#2912=VECTOR('',#4863,100.);
#2913=VECTOR('',#4866,100.);
#2914=VECTOR('',#4869,100.);
#2915=VECTOR('',#4872,100.);
#2916=VECTOR('',#4879,100.);
#2917=VECTOR('',#4886,100.);
#2918=VECTOR('',#4893,100.);
#2919=VECTOR('',#4900,100.);
#2920=VECTOR('',#4903,100.);
#2921=VECTOR('',#4904,100.);
#2922=VECTOR('',#4905,100.);
#2923=VECTOR('',#4906,100.);
#2924=VECTOR('',#4907,100.);
#2925=VECTOR('',#4908,100.);
#2926=VECTOR('',#4909,100.);
#2927=VECTOR('',#4912,100.);
#2928=VECTOR('',#4913,100.);
#2929=VECTOR('',#4914,100.);
#2930=VECTOR('',#4919,100.);
#2931=VECTOR('',#4920,100.);
#2932=VECTOR('',#4921,100.);
#2933=VECTOR('',#4922,100.);
#2934=VECTOR('',#4925,100.);
#2935=VECTOR('',#4926,100.);
#2936=VECTOR('',#4927,100.);
#2937=VECTOR('',#4932,100.);
#2938=VECTOR('',#4933,100.);
#2939=VECTOR('',#4938,100.);
#2940=VECTOR('',#4939,100.);
#2941=VECTOR('',#4940,100.);
#2942=VECTOR('',#4943,100.);
#2943=VECTOR('',#4944,100.);
#2944=VECTOR('',#4947,100.);
#2945=VECTOR('',#4948,100.);
#2946=VECTOR('',#4951,100.);
#2947=VECTOR('',#4954,100.);
#2948=VECTOR('',#4955,100.);
#2949=VECTOR('',#4958,100.);
#2950=VECTOR('',#4959,100.);
#2951=VECTOR('',#4960,100.);
#2952=VECTOR('',#4963,100.);
#2953=VECTOR('',#4964,100.);
#2954=VECTOR('',#4965,100.);
#2955=VECTOR('',#4970,100.);
#2956=VECTOR('',#4971,100.);
#2957=VECTOR('',#4976,100.);
#2958=VECTOR('',#4981,100.);
#2959=VECTOR('',#4984,100.);
#2960=VECTOR('',#4985,100.);
#2961=VECTOR('',#4990,100.);
#2962=VECTOR('',#4995,100.);
#2963=VECTOR('',#5000,100.);
#2964=VECTOR('',#5003,100.);
#2965=VECTOR('',#5004,100.);
#2966=VECTOR('',#5009,100.);
#2967=VECTOR('',#5014,100.);
#2968=VECTOR('',#5019,100.);
#2969=VECTOR('',#5020,100.);
#2970=VECTOR('',#5023,100.);
#2971=VECTOR('',#5024,100.);
#2972=VECTOR('',#5025,100.);
#2973=VECTOR('',#5026,100.);
#2974=VECTOR('',#5027,100.);
#2975=VECTOR('',#5028,100.);
#2976=VECTOR('',#5029,100.);
#2977=VECTOR('',#5030,100.);
#2978=VECTOR('',#5031,100.);
#2979=VECTOR('',#5032,100.);
#2980=VECTOR('',#5039,100.);
#2981=VECTOR('',#5042,100.);
#2982=VECTOR('',#5043,100.);
#2983=VECTOR('',#5046,100.);
#2984=VECTOR('',#5051,100.);
#2985=VECTOR('',#5056,100.);
#2986=VECTOR('',#5059,100.);
#2987=VECTOR('',#5060,100.);
#2988=VECTOR('',#5063,100.);
#2989=VECTOR('',#5068,100.);
#2990=VECTOR('',#5069,100.);
#2991=VECTOR('',#5076,100.);
#2992=VECTOR('',#5077,100.);
#2993=VECTOR('',#5080,100.);
#2994=VECTOR('',#5083,100.);
#2995=VECTOR('',#5088,100.);
#2996=VECTOR('',#5089,100.);
#2997=VECTOR('',#5090,100.);
#2998=VECTOR('',#5095,100.);
#2999=VECTOR('',#5098,100.);
#3000=VECTOR('',#5099,100.);
#3001=VECTOR('',#5104,100.);
#3002=VECTOR('',#5107,100.);
#3003=VECTOR('',#5108,100.);
#3004=VECTOR('',#5115,100.);
#3005=VECTOR('',#5116,100.);
#3006=VECTOR('',#5117,100.);
#3007=VECTOR('',#5122,100.);
#3008=VECTOR('',#5127,100.);
#3009=VECTOR('',#5132,100.);
#3010=VECTOR('',#5135,100.);
#3011=VECTOR('',#5142,100.);
#3012=VECTOR('',#5145,100.);
#3013=VECTOR('',#5146,100.);
#3014=VECTOR('',#5153,100.);
#3015=VECTOR('',#5156,100.);
#3016=VECTOR('',#5161,100.);
#3017=VECTOR('',#5166,100.);
#3018=VECTOR('',#5171,100.);
#3019=VECTOR('',#5176,100.);
#3020=VECTOR('',#5179,100.);
#3021=VECTOR('',#5180,100.);
#3022=VECTOR('',#5185,100.);
#3023=VECTOR('',#5188,100.);
#3024=VECTOR('',#5189,100.);
#3025=VECTOR('',#5194,100.);
#3026=VECTOR('',#5197,100.);
#3027=VECTOR('',#5202,100.);
#3028=VECTOR('',#5205,100.);
#3029=VECTOR('',#5210,100.);
#3030=VECTOR('',#5217,100.);
#3031=VECTOR('',#5222,100.);
#3032=VECTOR('',#5227,100.);
#3033=VECTOR('',#5232,100.);
#3034=VECTOR('',#5235,100.);
#3035=VECTOR('',#5236,100.);
#3036=VECTOR('',#5247,100.);
#3037=VECTOR('',#5248,100.);
#3038=VECTOR('',#5253,100.);
#3039=VECTOR('',#5256,100.);
#3040=VECTOR('',#5269,100.);
#3041=VECTOR('',#5272,100.);
#3042=VECTOR('',#5275,100.);
#3043=VECTOR('',#5278,100.);
#3044=VECTOR('',#5281,100.);
#3045=VECTOR('',#5294,100.);
#3046=VECTOR('',#5295,100.);
#3047=VECTOR('',#5298,100.);
#3048=VECTOR('',#5301,100.);
#3049=VECTOR('',#5304,100.);
#3050=VECTOR('',#5307,100.);
#3051=VECTOR('',#5310,100.);
#3052=VECTOR('',#5313,100.);
#3053=VECTOR('',#5316,100.);
#3054=VECTOR('',#5319,100.);
#3055=VECTOR('',#5324,100.);
#3056=VECTOR('',#5325,100.);
#3057=VECTOR('',#5328,100.);
#3058=VECTOR('',#5331,100.);
#3059=VECTOR('',#5334,100.);
#3060=VECTOR('',#5337,100.);
#3061=VECTOR('',#5346,100.);
#3062=VECTOR('',#5347,100.);
#3063=VECTOR('',#5350,100.);
#3064=VECTOR('',#5353,100.);
#3065=VECTOR('',#5356,100.);
#3066=VECTOR('',#5359,100.);
#3067=VECTOR('',#5362,100.);
#3068=VECTOR('',#5365,100.);
#3069=VECTOR('',#5368,100.);
#3070=VECTOR('',#5373,100.);
#3071=VECTOR('',#5374,100.);
#3072=VECTOR('',#5377,100.);
#3073=VECTOR('',#5380,100.);
#3074=VECTOR('',#5383,100.);
#3075=VECTOR('',#5386,100.);
#3076=VECTOR('',#5389,100.);
#3077=VECTOR('',#5392,100.);
#3078=VECTOR('',#5401,100.);
#3079=VECTOR('',#5408,100.);
#3080=VECTOR('',#5413,100.);
#3081=VECTOR('',#5416,100.);
#3082=VECTOR('',#5419,100.);
#3083=VECTOR('',#5422,100.);
#3084=VECTOR('',#5425,100.);
#3085=VECTOR('',#5434,100.);
#3086=VECTOR('',#5439,100.);
#3087=VECTOR('',#5442,100.);
#3088=VECTOR('',#5443,100.);
#3089=VECTOR('',#5446,100.);
#3090=VECTOR('',#5447,100.);
#3091=VECTOR('',#5450,100.);
#3092=VECTOR('',#5453,100.);
#3093=VECTOR('',#5458,100.);
#3094=VECTOR('',#5459,100.);
#3095=VECTOR('',#5462,100.);
#3096=VECTOR('',#5463,100.);
#3097=VECTOR('',#5466,100.);
#3098=VECTOR('',#5467,100.);
#3099=VECTOR('',#5508,100.);
#3100=VECTOR('',#5525,100.);
#3101=VECTOR('',#5528,100.);
#3102=VECTOR('',#5549,100.);
#3103=VECTOR('',#5554,100.);
#3104=VECTOR('',#5557,100.);
#3105=VECTOR('',#5558,100.);
#3106=VECTOR('',#5565,100.);
#3107=VECTOR('',#5566,100.);
#3108=VECTOR('',#5571,100.);
#3109=VECTOR('',#5574,100.);
#3110=VECTOR('',#5575,100.);
#3111=VECTOR('',#5580,100.);
#3112=VECTOR('',#5583,100.);
#3113=VECTOR('',#5584,100.);
#3114=VECTOR('',#5589,100.);
#3115=VECTOR('',#5594,100.);
#3116=VECTOR('',#5599,100.);
#3117=VECTOR('',#5602,100.);
#3118=VECTOR('',#5603,100.);
#3119=VECTOR('',#5608,100.);
#3120=VECTOR('',#5611,100.);
#3121=VECTOR('',#5612,100.);
#3122=VECTOR('',#5617,100.);
#3123=VECTOR('',#5620,100.);
#3124=VECTOR('',#5621,100.);
#3125=VECTOR('',#5630,100.);
#3126=VECTOR('',#5633,100.);
#3127=VECTOR('',#5636,100.);
#3128=VECTOR('',#5637,100.);
#3129=VECTOR('',#5640,100.);
#3130=VECTOR('',#5641,100.);
#3131=VECTOR('',#5646,100.);
#3132=VECTOR('',#5647,100.);
#3133=VECTOR('',#5650,100.);
#3134=VECTOR('',#5653,100.);
#3135=VECTOR('',#5656,100.);
#3136=VECTOR('',#5659,100.);
#3137=VECTOR('',#5662,100.);
#3138=VECTOR('',#5665,100.);
#3139=VECTOR('',#5668,100.);
#3140=VECTOR('',#5669,100.);
#3141=VECTOR('',#5672,100.);
#3142=VECTOR('',#5677,100.);
#3143=VECTOR('',#5684,100.);
#3144=VECTOR('',#5687,100.);
#3145=VECTOR('',#5688,100.);
#3146=VECTOR('',#5691,100.);
#3147=VECTOR('',#5694,100.);
#3148=VECTOR('',#5695,100.);
#3149=VECTOR('',#5698,100.);
#3150=VECTOR('',#5699,100.);
#3151=VECTOR('',#5704,100.);
#3152=VECTOR('',#5707,100.);
#3153=VECTOR('',#5708,100.);
#3154=VECTOR('',#5711,100.);
#3155=VECTOR('',#5714,100.);
#3156=VECTOR('',#5717,100.);
#3157=VECTOR('',#5720,100.);
#3158=VECTOR('',#5723,100.);
#3159=VECTOR('',#5726,100.);
#3160=VECTOR('',#5729,100.);
#3161=VECTOR('',#5734,100.);
#3162=VECTOR('',#5737,100.);
#3163=VECTOR('',#5740,100.);
#3164=VECTOR('',#5743,100.);
#3165=VECTOR('',#5806,100.);
#3166=VECTOR('',#5817,100.);
#3167=VECTOR('',#5820,100.);
#3168=EDGE_LOOP('',(#415,#416,#417,#418));
#3169=EDGE_LOOP('',(#419,#420,#421,#422,#423,#424));
#3170=EDGE_LOOP('',(#425,#426,#427,#428,#429,#430,#431,#432,#433,#434,#435,
#436));
#3171=EDGE_LOOP('',(#437,#438,#439,#440,#441,#442));
#3172=EDGE_LOOP('',(#443,#444,#445,#446,#447,#448,#449,#450));
#3173=EDGE_LOOP('',(#451,#452,#453,#454,#455,#456,#457,#458,#459,#460));
#3174=EDGE_LOOP('',(#461,#462,#463,#464,#465,#466,#467,#468,#469));
#3175=EDGE_LOOP('',(#470));
#3176=EDGE_LOOP('',(#471));
#3177=EDGE_LOOP('',(#472,#473,#474,#475,#476,#477,#478,#479,#480,#481,#482,
#483,#484,#485,#486,#487,#488,#489,#490,#491,#492,#493,#494,#495,#496,#497,
#498,#499,#500,#501,#502,#503,#504,#505,#506,#507,#508,#509,#510,#511,#512,
#513,#514,#515,#516,#517,#518,#519,#520,#521,#522,#523,#524,#525));
#3178=EDGE_LOOP('',(#526));
#3179=EDGE_LOOP('',(#527));
#3180=EDGE_LOOP('',(#528));
#3181=EDGE_LOOP('',(#529,#530,#531,#532,#533,#534,#535,#536));
#3182=EDGE_LOOP('',(#537,#538,#539,#540,#541,#542,#543,#544,#545));
#3183=EDGE_LOOP('',(#546));
#3184=EDGE_LOOP('',(#547,#548,#549,#550,#551,#552));
#3185=EDGE_LOOP('',(#553,#554,#555,#556,#557,#558,#559,#560,#561,#562));
#3186=EDGE_LOOP('',(#563));
#3187=EDGE_LOOP('',(#564));
#3188=EDGE_LOOP('',(#565,#566,#567,#568,#569,#570,#571,#572,#573,#574,#575,
#576));
#3189=EDGE_LOOP('',(#577));
#3190=EDGE_LOOP('',(#578));
#3191=EDGE_LOOP('',(#579));
#3192=EDGE_LOOP('',(#580,#581,#582,#583,#584,#585,#586,#587,#588,#589,#590,
#591,#592,#593,#594,#595,#596,#597,#598,#599,#600,#601,#602,#603,#604,#605,
#606,#607,#608,#609,#610,#611,#612,#613,#614,#615,#616,#617,#618,#619,#620,
#621,#622,#623));
#3193=EDGE_LOOP('',(#624,#625,#626,#627,#628));
#3194=EDGE_LOOP('',(#629));
#3195=EDGE_LOOP('',(#630,#631,#632,#633,#634));
#3196=EDGE_LOOP('',(#635,#636,#637,#638,#639,#640));
#3197=EDGE_LOOP('',(#641,#642,#643,#644));
#3198=EDGE_LOOP('',(#645));
#3199=EDGE_LOOP('',(#646,#647,#648,#649,#650));
#3200=EDGE_LOOP('',(#651,#652,#653,#654));
#3201=EDGE_LOOP('',(#655,#656,#657));
#3202=EDGE_LOOP('',(#658,#659,#660,#661,#662,#663));
#3203=EDGE_LOOP('',(#664,#665,#666));
#3204=EDGE_LOOP('',(#667,#668,#669,#670,#671,#672));
#3205=EDGE_LOOP('',(#673,#674,#675,#676));
#3206=EDGE_LOOP('',(#677,#678,#679,#680));
#3207=EDGE_LOOP('',(#681,#682,#683,#684));
#3208=EDGE_LOOP('',(#685,#686,#687,#688));
#3209=EDGE_LOOP('',(#689,#690,#691,#692));
#3210=EDGE_LOOP('',(#693,#694,#695,#696));
#3211=EDGE_LOOP('',(#697,#698,#699,#700));
#3212=EDGE_LOOP('',(#701,#702,#703,#704));
#3213=EDGE_LOOP('',(#705,#706,#707,#708));
#3214=EDGE_LOOP('',(#709,#710,#711,#712));
#3215=EDGE_LOOP('',(#713,#714,#715,#716));
#3216=EDGE_LOOP('',(#717,#718,#719,#720));
#3217=EDGE_LOOP('',(#721,#722,#723,#724,#725,#726,#727,#728,#729,#730,#731,
#732));
#3218=EDGE_LOOP('',(#733,#734,#735,#736));
#3219=EDGE_LOOP('',(#737,#738,#739,#740));
#3220=EDGE_LOOP('',(#741,#742,#743,#744,#745));
#3221=EDGE_LOOP('',(#746,#747,#748,#749));
#3222=EDGE_LOOP('',(#750,#751,#752,#753));
#3223=EDGE_LOOP('',(#754,#755,#756,#757));
#3224=EDGE_LOOP('',(#758,#759,#760,#761));
#3225=EDGE_LOOP('',(#762,#763,#764,#765));
#3226=EDGE_LOOP('',(#766,#767,#768,#769));
#3227=EDGE_LOOP('',(#770,#771,#772,#773,#774));
#3228=EDGE_LOOP('',(#775,#776,#777,#778));
#3229=EDGE_LOOP('',(#779,#780,#781,#782));
#3230=EDGE_LOOP('',(#783,#784,#785,#786));
#3231=EDGE_LOOP('',(#787,#788,#789,#790));
#3232=EDGE_LOOP('',(#791,#792,#793,#794));
#3233=EDGE_LOOP('',(#795,#796,#797,#798));
#3234=EDGE_LOOP('',(#799,#800,#801,#802));
#3235=EDGE_LOOP('',(#803,#804,#805,#806));
#3236=EDGE_LOOP('',(#807,#808,#809,#810));
#3237=EDGE_LOOP('',(#811,#812,#813,#814));
#3238=EDGE_LOOP('',(#815,#816,#817,#818));
#3239=EDGE_LOOP('',(#819,#820,#821,#822));
#3240=EDGE_LOOP('',(#823,#824,#825,#826));
#3241=EDGE_LOOP('',(#827,#828,#829,#830));
#3242=EDGE_LOOP('',(#831,#832,#833,#834));
#3243=EDGE_LOOP('',(#835,#836,#837,#838));
#3244=EDGE_LOOP('',(#839,#840,#841,#842));
#3245=EDGE_LOOP('',(#843,#844,#845,#846));
#3246=EDGE_LOOP('',(#847,#848,#849,#850));
#3247=EDGE_LOOP('',(#851,#852,#853,#854));
#3248=EDGE_LOOP('',(#855,#856,#857,#858));
#3249=EDGE_LOOP('',(#859,#860,#861,#862));
#3250=EDGE_LOOP('',(#863,#864,#865,#866));
#3251=EDGE_LOOP('',(#867,#868,#869,#870));
#3252=EDGE_LOOP('',(#871,#872,#873,#874));
#3253=EDGE_LOOP('',(#875,#876,#877,#878));
#3254=EDGE_LOOP('',(#879,#880,#881,#882));
#3255=EDGE_LOOP('',(#883,#884,#885,#886));
#3256=EDGE_LOOP('',(#887,#888,#889,#890));
#3257=EDGE_LOOP('',(#891,#892,#893,#894));
#3258=EDGE_LOOP('',(#895,#896,#897,#898));
#3259=EDGE_LOOP('',(#899,#900,#901,#902));
#3260=EDGE_LOOP('',(#903,#904,#905,#906));
#3261=EDGE_LOOP('',(#907,#908,#909,#910));
#3262=EDGE_LOOP('',(#911,#912,#913,#914));
#3263=EDGE_LOOP('',(#915,#916,#917,#918));
#3264=EDGE_LOOP('',(#919));
#3265=EDGE_LOOP('',(#920));
#3266=EDGE_LOOP('',(#921,#922,#923,#924));
#3267=EDGE_LOOP('',(#925,#926,#927,#928,#929,#930));
#3268=EDGE_LOOP('',(#931,#932,#933,#934));
#3269=EDGE_LOOP('',(#935));
#3270=EDGE_LOOP('',(#936));
#3271=EDGE_LOOP('',(#937));
#3272=EDGE_LOOP('',(#938));
#3273=EDGE_LOOP('',(#939,#940,#941,#942));
#3274=EDGE_LOOP('',(#943,#944,#945,#946));
#3275=EDGE_LOOP('',(#947,#948,#949,#950));
#3276=EDGE_LOOP('',(#951,#952,#953,#954));
#3277=EDGE_LOOP('',(#955,#956,#957,#958));
#3278=EDGE_LOOP('',(#959,#960,#961,#962));
#3279=EDGE_LOOP('',(#963));
#3280=EDGE_LOOP('',(#964));
#3281=EDGE_LOOP('',(#965));
#3282=EDGE_LOOP('',(#966));
#3283=EDGE_LOOP('',(#967,#968,#969,#970));
#3284=EDGE_LOOP('',(#971,#972,#973,#974));
#3285=EDGE_LOOP('',(#975,#976,#977,#978));
#3286=EDGE_LOOP('',(#979,#980,#981,#982));
#3287=EDGE_LOOP('',(#983,#984,#985,#986));
#3288=EDGE_LOOP('',(#987,#988,#989,#990));
#3289=EDGE_LOOP('',(#991,#992,#993,#994));
#3290=EDGE_LOOP('',(#995,#996,#997,#998));
#3291=EDGE_LOOP('',(#999,#1000,#1001,#1002));
#3292=EDGE_LOOP('',(#1003,#1004,#1005,#1006));
#3293=EDGE_LOOP('',(#1007,#1008,#1009,#1010));
#3294=EDGE_LOOP('',(#1011,#1012,#1013,#1014));
#3295=EDGE_LOOP('',(#1015,#1016,#1017,#1018));
#3296=EDGE_LOOP('',(#1019,#1020,#1021,#1022));
#3297=EDGE_LOOP('',(#1023,#1024,#1025,#1026));
#3298=EDGE_LOOP('',(#1027,#1028,#1029,#1030));
#3299=EDGE_LOOP('',(#1031));
#3300=EDGE_LOOP('',(#1032));
#3301=EDGE_LOOP('',(#1033,#1034,#1035,#1036));
#3302=EDGE_LOOP('',(#1037,#1038,#1039,#1040));
#3303=EDGE_LOOP('',(#1041,#1042,#1043,#1044));
#3304=EDGE_LOOP('',(#1045,#1046,#1047,#1048));
#3305=EDGE_LOOP('',(#1049,#1050,#1051,#1052));
#3306=EDGE_LOOP('',(#1053,#1054,#1055,#1056));
#3307=EDGE_LOOP('',(#1057,#1058,#1059,#1060));
#3308=EDGE_LOOP('',(#1061,#1062,#1063,#1064));
#3309=EDGE_LOOP('',(#1065,#1066,#1067,#1068));
#3310=EDGE_LOOP('',(#1069,#1070,#1071,#1072));
#3311=EDGE_LOOP('',(#1073,#1074,#1075,#1076));
#3312=EDGE_LOOP('',(#1077,#1078,#1079,#1080));
#3313=EDGE_LOOP('',(#1081,#1082,#1083,#1084));
#3314=EDGE_LOOP('',(#1085,#1086,#1087,#1088));
#3315=EDGE_LOOP('',(#1089,#1090,#1091,#1092));
#3316=EDGE_LOOP('',(#1093,#1094,#1095,#1096));
#3317=EDGE_LOOP('',(#1097,#1098,#1099,#1100));
#3318=EDGE_LOOP('',(#1101));
#3319=EDGE_LOOP('',(#1102));
#3320=EDGE_LOOP('',(#1103,#1104,#1105,#1106,#1107,#1108));
#3321=EDGE_LOOP('',(#1109,#1110,#1111,#1112));
#3322=EDGE_LOOP('',(#1113,#1114,#1115,#1116,#1117,#1118,#1119,#1120));
#3323=EDGE_LOOP('',(#1121,#1122,#1123,#1124));
#3324=EDGE_LOOP('',(#1125,#1126,#1127,#1128,#1129,#1130));
#3325=EDGE_LOOP('',(#1131,#1132,#1133,#1134));
#3326=EDGE_LOOP('',(#1135,#1136,#1137,#1138,#1139,#1140,#1141,#1142));
#3327=EDGE_LOOP('',(#1143,#1144,#1145,#1146));
#3328=EDGE_LOOP('',(#1147,#1148,#1149,#1150,#1151,#1152));
#3329=EDGE_LOOP('',(#1153,#1154,#1155,#1156));
#3330=EDGE_LOOP('',(#1157,#1158,#1159,#1160));
#3331=EDGE_LOOP('',(#1161,#1162,#1163,#1164,#1165,#1166));
#3332=EDGE_LOOP('',(#1167));
#3333=EDGE_LOOP('',(#1168));
#3334=EDGE_LOOP('',(#1169));
#3335=EDGE_LOOP('',(#1170));
#3336=EDGE_LOOP('',(#1171));
#3337=EDGE_LOOP('',(#1172));
#3338=EDGE_LOOP('',(#1173));
#3339=EDGE_LOOP('',(#1174));
#3340=EDGE_LOOP('',(#1175));
#3341=EDGE_LOOP('',(#1176));
#3342=EDGE_LOOP('',(#1177));
#3343=EDGE_LOOP('',(#1178));
#3344=EDGE_LOOP('',(#1179));
#3345=EDGE_LOOP('',(#1180));
#3346=EDGE_LOOP('',(#1181,#1182,#1183,#1184));
#3347=EDGE_LOOP('',(#1185));
#3348=EDGE_LOOP('',(#1186));
#3349=EDGE_LOOP('',(#1187));
#3350=EDGE_LOOP('',(#1188));
#3351=EDGE_LOOP('',(#1189));
#3352=EDGE_LOOP('',(#1190));
#3353=EDGE_LOOP('',(#1191));
#3354=EDGE_LOOP('',(#1192));
#3355=EDGE_LOOP('',(#1193,#1194,#1195,#1196,#1197,#1198));
#3356=EDGE_LOOP('',(#1199,#1200,#1201,#1202,#1203,#1204));
#3357=EDGE_LOOP('',(#1205,#1206,#1207,#1208));
#3358=EDGE_LOOP('',(#1209,#1210,#1211,#1212,#1213,#1214));
#3359=EDGE_LOOP('',(#1215));
#3360=EDGE_LOOP('',(#1216));
#3361=EDGE_LOOP('',(#1217));
#3362=EDGE_LOOP('',(#1218));
#3363=EDGE_LOOP('',(#1219));
#3364=EDGE_LOOP('',(#1220));
#3365=EDGE_LOOP('',(#1221));
#3366=EDGE_LOOP('',(#1222));
#3367=EDGE_LOOP('',(#1223));
#3368=EDGE_LOOP('',(#1224,#1225,#1226,#1227));
#3369=EDGE_LOOP('',(#1228,#1229,#1230,#1231));
#3370=EDGE_LOOP('',(#1232,#1233,#1234,#1235));
#3371=EDGE_LOOP('',(#1236,#1237,#1238,#1239));
#3372=EDGE_LOOP('',(#1240,#1241,#1242,#1243));
#3373=EDGE_LOOP('',(#1244,#1245,#1246,#1247));
#3374=EDGE_LOOP('',(#1248,#1249,#1250,#1251,#1252,#1253,#1254,#1255,#1256,
#1257,#1258,#1259));
#3375=EDGE_LOOP('',(#1260,#1261,#1262,#1263));
#3376=EDGE_LOOP('',(#1264,#1265,#1266,#1267));
#3377=EDGE_LOOP('',(#1268,#1269,#1270,#1271));
#3378=EDGE_LOOP('',(#1272,#1273,#1274,#1275));
#3379=EDGE_LOOP('',(#1276,#1277,#1278,#1279));
#3380=EDGE_LOOP('',(#1280,#1281,#1282,#1283));
#3381=EDGE_LOOP('',(#1284,#1285,#1286,#1287));
#3382=EDGE_LOOP('',(#1288,#1289,#1290,#1291));
#3383=EDGE_LOOP('',(#1292,#1293,#1294,#1295));
#3384=EDGE_LOOP('',(#1296,#1297,#1298,#1299));
#3385=EDGE_LOOP('',(#1300,#1301,#1302,#1303));
#3386=EDGE_LOOP('',(#1304,#1305,#1306,#1307));
#3387=EDGE_LOOP('',(#1308,#1309,#1310,#1311));
#3388=EDGE_LOOP('',(#1312,#1313,#1314));
#3389=EDGE_LOOP('',(#1315,#1316,#1317));
#3390=EDGE_LOOP('',(#1318,#1319,#1320,#1321));
#3391=EDGE_LOOP('',(#1322,#1323,#1324,#1325));
#3392=EDGE_LOOP('',(#1326,#1327,#1328,#1329,#1330));
#3393=EDGE_LOOP('',(#1331,#1332,#1333,#1334));
#3394=EDGE_LOOP('',(#1335,#1336,#1337,#1338,#1339));
#3395=EDGE_LOOP('',(#1340,#1341,#1342,#1343));
#3396=EDGE_LOOP('',(#1344,#1345,#1346,#1347));
#3397=EDGE_LOOP('',(#1348,#1349,#1350,#1351,#1352));
#3398=EDGE_LOOP('',(#1353,#1354,#1355,#1356,#1357));
#3399=EDGE_LOOP('',(#1358,#1359,#1360,#1361));
#3400=EDGE_LOOP('',(#1362,#1363,#1364,#1365));
#3401=EDGE_LOOP('',(#1366,#1367,#1368,#1369));
#3402=EDGE_LOOP('',(#1370,#1371,#1372,#1373,#1374,#1375));
#3403=EDGE_LOOP('',(#1376,#1377,#1378,#1379));
#3404=EDGE_LOOP('',(#1380,#1381,#1382,#1383));
#3405=EDGE_LOOP('',(#1384,#1385,#1386,#1387,#1388,#1389));
#3406=EDGE_LOOP('',(#1390,#1391,#1392,#1393));
#3407=EDGE_LOOP('',(#1394,#1395,#1396,#1397,#1398,#1399,#1400));
#3408=EDGE_LOOP('',(#1401,#1402,#1403,#1404,#1405));
#3409=EDGE_LOOP('',(#1406,#1407,#1408,#1409));
#3410=EDGE_LOOP('',(#1410,#1411,#1412,#1413));
#3411=EDGE_LOOP('',(#1414,#1415,#1416,#1417));
#3412=EDGE_LOOP('',(#1418,#1419,#1420,#1421));
#3413=EDGE_LOOP('',(#1422,#1423,#1424,#1425));
#3414=EDGE_LOOP('',(#1426,#1427,#1428,#1429));
#3415=EDGE_LOOP('',(#1430,#1431,#1432,#1433));
#3416=EDGE_LOOP('',(#1434,#1435,#1436,#1437));
#3417=EDGE_LOOP('',(#1438,#1439,#1440,#1441));
#3418=EDGE_LOOP('',(#1442,#1443,#1444,#1445));
#3419=EDGE_LOOP('',(#1446,#1447,#1448,#1449));
#3420=EDGE_LOOP('',(#1450,#1451,#1452,#1453));
#3421=EDGE_LOOP('',(#1454));
#3422=EDGE_LOOP('',(#1455));
#3423=EDGE_LOOP('',(#1456));
#3424=EDGE_LOOP('',(#1457));
#3425=EDGE_LOOP('',(#1458));
#3426=EDGE_LOOP('',(#1459));
#3427=EDGE_LOOP('',(#1460,#1461,#1462,#1463));
#3428=EDGE_LOOP('',(#1464));
#3429=EDGE_LOOP('',(#1465));
#3430=EDGE_LOOP('',(#1466));
#3431=EDGE_LOOP('',(#1467));
#3432=EDGE_LOOP('',(#1468,#1469,#1470));
#3433=EDGE_LOOP('',(#1471));
#3434=EDGE_LOOP('',(#1472));
#3435=EDGE_LOOP('',(#1473,#1474,#1475,#1476));
#3436=EDGE_LOOP('',(#1477));
#3437=EDGE_LOOP('',(#1478));
#3438=EDGE_LOOP('',(#1479));
#3439=EDGE_LOOP('',(#1480,#1481,#1482,#1483));
#3440=EDGE_LOOP('',(#1484,#1485,#1486,#1487,#1488,#1489));
#3441=EDGE_LOOP('',(#1490,#1491));
#3442=EDGE_LOOP('',(#1492));
#3443=EDGE_LOOP('',(#1493,#1494,#1495,#1496,#1497,#1498,#1499,#1500,#1501));
#3444=EDGE_LOOP('',(#1502));
#3445=EDGE_LOOP('',(#1503));
#3446=EDGE_LOOP('',(#1504));
#3447=EDGE_LOOP('',(#1505));
#3448=EDGE_LOOP('',(#1506,#1507,#1508,#1509,#1510,#1511));
#3449=EDGE_LOOP('',(#1512));
#3450=EDGE_LOOP('',(#1513));
#3451=EDGE_LOOP('',(#1514,#1515));
#3452=EDGE_LOOP('',(#1516,#1517,#1518,#1519));
#3453=EDGE_LOOP('',(#1520,#1521,#1522,#1523));
#3454=EDGE_LOOP('',(#1524,#1525,#1526,#1527));
#3455=EDGE_LOOP('',(#1528,#1529,#1530,#1531));
#3456=EDGE_LOOP('',(#1532));
#3457=EDGE_LOOP('',(#1533));
#3458=EDGE_LOOP('',(#1534,#1535,#1536,#1537,#1538));
#3459=EDGE_LOOP('',(#1539));
#3460=EDGE_LOOP('',(#1540));
#3461=EDGE_LOOP('',(#1541,#1542,#1543,#1544,#1545,#1546));
#3462=EDGE_LOOP('',(#1547,#1548,#1549,#1550,#1551,#1552));
#3463=EDGE_LOOP('',(#1553,#1554,#1555,#1556));
#3464=EDGE_LOOP('',(#1557,#1558,#1559,#1560));
#3465=EDGE_LOOP('',(#1561,#1562,#1563,#1564));
#3466=EDGE_LOOP('',(#1565,#1566,#1567,#1568));
#3467=FACE_BOUND('',#3168,.T.);
#3468=FACE_BOUND('',#3169,.T.);
#3469=FACE_BOUND('',#3170,.T.);
#3470=FACE_BOUND('',#3171,.T.);
#3471=FACE_BOUND('',#3172,.T.);
#3472=FACE_BOUND('',#3173,.T.);
#3473=FACE_BOUND('',#3174,.T.);
#3474=FACE_BOUND('',#3175,.T.);
#3475=FACE_BOUND('',#3176,.T.);
#3476=FACE_BOUND('',#3177,.T.);
#3477=FACE_BOUND('',#3178,.T.);
#3478=FACE_BOUND('',#3179,.T.);
#3479=FACE_BOUND('',#3180,.T.);
#3480=FACE_BOUND('',#3181,.T.);
#3481=FACE_BOUND('',#3182,.T.);
#3482=FACE_BOUND('',#3183,.T.);
#3483=FACE_BOUND('',#3184,.T.);
#3484=FACE_BOUND('',#3185,.T.);
#3485=FACE_BOUND('',#3186,.T.);
#3486=FACE_BOUND('',#3187,.T.);
#3487=FACE_BOUND('',#3188,.T.);
#3488=FACE_BOUND('',#3189,.T.);
#3489=FACE_BOUND('',#3190,.T.);
#3490=FACE_BOUND('',#3191,.T.);
#3491=FACE_BOUND('',#3192,.T.);
#3492=FACE_BOUND('',#3193,.T.);
#3493=FACE_BOUND('',#3194,.T.);
#3494=FACE_BOUND('',#3195,.T.);
#3495=FACE_BOUND('',#3196,.T.);
#3496=FACE_BOUND('',#3197,.T.);
#3497=FACE_BOUND('',#3198,.T.);
#3498=FACE_BOUND('',#3199,.T.);
#3499=FACE_BOUND('',#3200,.T.);
#3500=FACE_BOUND('',#3201,.T.);
#3501=FACE_BOUND('',#3202,.T.);
#3502=FACE_BOUND('',#3203,.T.);
#3503=FACE_BOUND('',#3204,.T.);
#3504=FACE_BOUND('',#3205,.T.);
#3505=FACE_BOUND('',#3206,.T.);
#3506=FACE_BOUND('',#3207,.T.);
#3507=FACE_BOUND('',#3208,.T.);
#3508=FACE_BOUND('',#3209,.T.);
#3509=FACE_BOUND('',#3210,.T.);
#3510=FACE_BOUND('',#3211,.T.);
#3511=FACE_BOUND('',#3212,.T.);
#3512=FACE_BOUND('',#3213,.T.);
#3513=FACE_BOUND('',#3214,.T.);
#3514=FACE_BOUND('',#3215,.T.);
#3515=FACE_BOUND('',#3216,.T.);
#3516=FACE_BOUND('',#3217,.T.);
#3517=FACE_BOUND('',#3218,.T.);
#3518=FACE_BOUND('',#3219,.T.);
#3519=FACE_BOUND('',#3220,.T.);
#3520=FACE_BOUND('',#3221,.T.);
#3521=FACE_BOUND('',#3222,.T.);
#3522=FACE_BOUND('',#3223,.T.);
#3523=FACE_BOUND('',#3224,.T.);
#3524=FACE_BOUND('',#3225,.T.);
#3525=FACE_BOUND('',#3226,.T.);
#3526=FACE_BOUND('',#3227,.T.);
#3527=FACE_BOUND('',#3228,.T.);
#3528=FACE_BOUND('',#3229,.T.);
#3529=FACE_BOUND('',#3230,.T.);
#3530=FACE_BOUND('',#3231,.T.);
#3531=FACE_BOUND('',#3232,.T.);
#3532=FACE_BOUND('',#3233,.T.);
#3533=FACE_BOUND('',#3234,.T.);
#3534=FACE_BOUND('',#3235,.T.);
#3535=FACE_BOUND('',#3236,.T.);
#3536=FACE_BOUND('',#3237,.T.);
#3537=FACE_BOUND('',#3238,.T.);
#3538=FACE_BOUND('',#3239,.T.);
#3539=FACE_BOUND('',#3240,.T.);
#3540=FACE_BOUND('',#3241,.T.);
#3541=FACE_BOUND('',#3242,.T.);
#3542=FACE_BOUND('',#3243,.T.);
#3543=FACE_BOUND('',#3244,.T.);
#3544=FACE_BOUND('',#3245,.T.);
#3545=FACE_BOUND('',#3246,.T.);
#3546=FACE_BOUND('',#3247,.T.);
#3547=FACE_BOUND('',#3248,.T.);
#3548=FACE_BOUND('',#3249,.T.);
#3549=FACE_BOUND('',#3250,.T.);
#3550=FACE_BOUND('',#3251,.T.);
#3551=FACE_BOUND('',#3252,.T.);
#3552=FACE_BOUND('',#3253,.T.);
#3553=FACE_BOUND('',#3254,.T.);
#3554=FACE_BOUND('',#3255,.T.);
#3555=FACE_BOUND('',#3256,.T.);
#3556=FACE_BOUND('',#3257,.T.);
#3557=FACE_BOUND('',#3258,.T.);
#3558=FACE_BOUND('',#3259,.T.);
#3559=FACE_BOUND('',#3260,.T.);
#3560=FACE_BOUND('',#3261,.T.);
#3561=FACE_BOUND('',#3262,.T.);
#3562=FACE_BOUND('',#3263,.T.);
#3563=FACE_BOUND('',#3264,.T.);
#3564=FACE_BOUND('',#3265,.T.);
#3565=FACE_BOUND('',#3266,.T.);
#3566=FACE_BOUND('',#3267,.T.);
#3567=FACE_BOUND('',#3268,.T.);
#3568=FACE_BOUND('',#3269,.T.);
#3569=FACE_BOUND('',#3270,.T.);
#3570=FACE_BOUND('',#3271,.T.);
#3571=FACE_BOUND('',#3272,.T.);
#3572=FACE_BOUND('',#3273,.T.);
#3573=FACE_BOUND('',#3274,.T.);
#3574=FACE_BOUND('',#3275,.T.);
#3575=FACE_BOUND('',#3276,.T.);
#3576=FACE_BOUND('',#3277,.T.);
#3577=FACE_BOUND('',#3278,.T.);
#3578=FACE_BOUND('',#3279,.T.);
#3579=FACE_BOUND('',#3280,.T.);
#3580=FACE_BOUND('',#3281,.T.);
#3581=FACE_BOUND('',#3282,.T.);
#3582=FACE_BOUND('',#3283,.T.);
#3583=FACE_BOUND('',#3284,.T.);
#3584=FACE_BOUND('',#3285,.T.);
#3585=FACE_BOUND('',#3286,.T.);
#3586=FACE_BOUND('',#3287,.T.);
#3587=FACE_BOUND('',#3288,.T.);
#3588=FACE_BOUND('',#3289,.T.);
#3589=FACE_BOUND('',#3290,.T.);
#3590=FACE_BOUND('',#3291,.T.);
#3591=FACE_BOUND('',#3292,.T.);
#3592=FACE_BOUND('',#3293,.T.);
#3593=FACE_BOUND('',#3294,.T.);
#3594=FACE_BOUND('',#3295,.T.);
#3595=FACE_BOUND('',#3296,.T.);
#3596=FACE_BOUND('',#3297,.T.);
#3597=FACE_BOUND('',#3298,.T.);
#3598=FACE_BOUND('',#3299,.T.);
#3599=FACE_BOUND('',#3300,.T.);
#3600=FACE_BOUND('',#3301,.T.);
#3601=FACE_BOUND('',#3302,.T.);
#3602=FACE_BOUND('',#3303,.T.);
#3603=FACE_BOUND('',#3304,.T.);
#3604=FACE_BOUND('',#3305,.T.);
#3605=FACE_BOUND('',#3306,.T.);
#3606=FACE_BOUND('',#3307,.T.);
#3607=FACE_BOUND('',#3308,.T.);
#3608=FACE_BOUND('',#3309,.T.);
#3609=FACE_BOUND('',#3310,.T.);
#3610=FACE_BOUND('',#3311,.T.);
#3611=FACE_BOUND('',#3312,.T.);
#3612=FACE_BOUND('',#3313,.T.);
#3613=FACE_BOUND('',#3314,.T.);
#3614=FACE_BOUND('',#3315,.T.);
#3615=FACE_BOUND('',#3316,.T.);
#3616=FACE_BOUND('',#3317,.T.);
#3617=FACE_BOUND('',#3318,.T.);
#3618=FACE_BOUND('',#3319,.T.);
#3619=FACE_BOUND('',#3320,.T.);
#3620=FACE_BOUND('',#3321,.T.);
#3621=FACE_BOUND('',#3322,.T.);
#3622=FACE_BOUND('',#3323,.T.);
#3623=FACE_BOUND('',#3324,.T.);
#3624=FACE_BOUND('',#3325,.T.);
#3625=FACE_BOUND('',#3326,.T.);
#3626=FACE_BOUND('',#3327,.T.);
#3627=FACE_BOUND('',#3328,.T.);
#3628=FACE_BOUND('',#3329,.T.);
#3629=FACE_BOUND('',#3330,.T.);
#3630=FACE_BOUND('',#3331,.T.);
#3631=FACE_BOUND('',#3332,.T.);
#3632=FACE_BOUND('',#3333,.T.);
#3633=FACE_BOUND('',#3334,.T.);
#3634=FACE_BOUND('',#3335,.T.);
#3635=FACE_BOUND('',#3336,.T.);
#3636=FACE_BOUND('',#3337,.T.);
#3637=FACE_BOUND('',#3338,.T.);
#3638=FACE_BOUND('',#3339,.T.);
#3639=FACE_BOUND('',#3340,.T.);
#3640=FACE_BOUND('',#3341,.T.);
#3641=FACE_BOUND('',#3342,.T.);
#3642=FACE_BOUND('',#3343,.T.);
#3643=FACE_BOUND('',#3344,.T.);
#3644=FACE_BOUND('',#3345,.T.);
#3645=FACE_BOUND('',#3346,.T.);
#3646=FACE_BOUND('',#3347,.T.);
#3647=FACE_BOUND('',#3348,.T.);
#3648=FACE_BOUND('',#3349,.T.);
#3649=FACE_BOUND('',#3350,.T.);
#3650=FACE_BOUND('',#3351,.T.);
#3651=FACE_BOUND('',#3352,.T.);
#3652=FACE_BOUND('',#3353,.T.);
#3653=FACE_BOUND('',#3354,.T.);
#3654=FACE_BOUND('',#3355,.T.);
#3655=FACE_BOUND('',#3356,.T.);
#3656=FACE_BOUND('',#3357,.T.);
#3657=FACE_BOUND('',#3358,.T.);
#3658=FACE_BOUND('',#3359,.T.);
#3659=FACE_BOUND('',#3360,.T.);
#3660=FACE_BOUND('',#3361,.T.);
#3661=FACE_BOUND('',#3362,.T.);
#3662=FACE_BOUND('',#3363,.T.);
#3663=FACE_BOUND('',#3364,.T.);
#3664=FACE_BOUND('',#3365,.T.);
#3665=FACE_BOUND('',#3366,.T.);
#3666=FACE_BOUND('',#3367,.T.);
#3667=FACE_BOUND('',#3368,.T.);
#3668=FACE_BOUND('',#3369,.T.);
#3669=FACE_BOUND('',#3370,.T.);
#3670=FACE_BOUND('',#3371,.T.);
#3671=FACE_BOUND('',#3372,.T.);
#3672=FACE_BOUND('',#3373,.T.);
#3673=FACE_BOUND('',#3374,.T.);
#3674=FACE_BOUND('',#3375,.T.);
#3675=FACE_BOUND('',#3376,.T.);
#3676=FACE_BOUND('',#3377,.T.);
#3677=FACE_BOUND('',#3378,.T.);
#3678=FACE_BOUND('',#3379,.T.);
#3679=FACE_BOUND('',#3380,.T.);
#3680=FACE_BOUND('',#3381,.T.);
#3681=FACE_BOUND('',#3382,.T.);
#3682=FACE_BOUND('',#3383,.T.);
#3683=FACE_BOUND('',#3384,.T.);
#3684=FACE_BOUND('',#3385,.T.);
#3685=FACE_BOUND('',#3386,.T.);
#3686=FACE_BOUND('',#3387,.T.);
#3687=FACE_BOUND('',#3388,.T.);
#3688=FACE_BOUND('',#3389,.T.);
#3689=FACE_BOUND('',#3390,.T.);
#3690=FACE_BOUND('',#3391,.T.);
#3691=FACE_BOUND('',#3392,.T.);
#3692=FACE_BOUND('',#3393,.T.);
#3693=FACE_BOUND('',#3394,.T.);
#3694=FACE_BOUND('',#3395,.T.);
#3695=FACE_BOUND('',#3396,.T.);
#3696=FACE_BOUND('',#3397,.T.);
#3697=FACE_BOUND('',#3398,.T.);
#3698=FACE_BOUND('',#3399,.T.);
#3699=FACE_BOUND('',#3400,.T.);
#3700=FACE_BOUND('',#3401,.T.);
#3701=FACE_BOUND('',#3402,.T.);
#3702=FACE_BOUND('',#3403,.T.);
#3703=FACE_BOUND('',#3404,.T.);
#3704=FACE_BOUND('',#3405,.T.);
#3705=FACE_BOUND('',#3406,.T.);
#3706=FACE_BOUND('',#3407,.T.);
#3707=FACE_BOUND('',#3408,.T.);
#3708=FACE_BOUND('',#3409,.T.);
#3709=FACE_BOUND('',#3410,.T.);
#3710=FACE_BOUND('',#3411,.T.);
#3711=FACE_BOUND('',#3412,.T.);
#3712=FACE_BOUND('',#3413,.T.);
#3713=FACE_BOUND('',#3414,.T.);
#3714=FACE_BOUND('',#3415,.T.);
#3715=FACE_BOUND('',#3416,.T.);
#3716=FACE_BOUND('',#3417,.T.);
#3717=FACE_BOUND('',#3418,.T.);
#3718=FACE_BOUND('',#3419,.T.);
#3719=FACE_BOUND('',#3420,.T.);
#3720=FACE_BOUND('',#3421,.T.);
#3721=FACE_BOUND('',#3422,.T.);
#3722=FACE_BOUND('',#3423,.T.);
#3723=FACE_BOUND('',#3424,.T.);
#3724=FACE_BOUND('',#3425,.T.);
#3725=FACE_BOUND('',#3426,.T.);
#3726=FACE_BOUND('',#3427,.T.);
#3727=FACE_BOUND('',#3428,.T.);
#3728=FACE_BOUND('',#3429,.T.);
#3729=FACE_BOUND('',#3430,.T.);
#3730=FACE_BOUND('',#3431,.T.);
#3731=FACE_BOUND('',#3432,.T.);
#3732=FACE_BOUND('',#3433,.T.);
#3733=FACE_BOUND('',#3434,.T.);
#3734=FACE_BOUND('',#3435,.T.);
#3735=FACE_BOUND('',#3436,.T.);
#3736=FACE_BOUND('',#3437,.T.);
#3737=FACE_BOUND('',#3438,.T.);
#3738=FACE_BOUND('',#3439,.T.);
#3739=FACE_BOUND('',#3440,.T.);
#3740=FACE_BOUND('',#3441,.T.);
#3741=FACE_BOUND('',#3442,.T.);
#3742=FACE_BOUND('',#3443,.T.);
#3743=FACE_BOUND('',#3444,.T.);
#3744=FACE_BOUND('',#3445,.T.);
#3745=FACE_BOUND('',#3446,.T.);
#3746=FACE_BOUND('',#3447,.T.);
#3747=FACE_BOUND('',#3448,.T.);
#3748=FACE_BOUND('',#3449,.T.);
#3749=FACE_BOUND('',#3450,.T.);
#3750=FACE_BOUND('',#3451,.T.);
#3751=FACE_BOUND('',#3452,.T.);
#3752=FACE_BOUND('',#3453,.T.);
#3753=FACE_BOUND('',#3454,.T.);
#3754=FACE_BOUND('',#3455,.T.);
#3755=FACE_BOUND('',#3456,.T.);
#3756=FACE_BOUND('',#3457,.T.);
#3757=FACE_BOUND('',#3458,.T.);
#3758=FACE_BOUND('',#3459,.T.);
#3759=FACE_BOUND('',#3460,.T.);
#3760=FACE_BOUND('',#3461,.T.);
#3761=FACE_BOUND('',#3462,.T.);
#3762=FACE_BOUND('',#3463,.T.);
#3763=FACE_BOUND('',#3464,.T.);
#3764=FACE_BOUND('',#3465,.T.);
#3765=FACE_BOUND('',#3466,.T.);
#3766=CYLINDRICAL_SURFACE('',#4105,0.3);
#3767=CYLINDRICAL_SURFACE('',#4236,0.3);
#3768=CYLINDRICAL_SURFACE('',#4246,0.1);
#3769=CYLINDRICAL_SURFACE('',#4248,0.4);
#3770=CYLINDRICAL_SURFACE('',#4250,0.1);
#3771=CYLINDRICAL_SURFACE('',#4253,0.1);
#3772=CYLINDRICAL_SURFACE('',#4255,0.4);
#3773=CYLINDRICAL_SURFACE('',#4257,0.1);
#3774=CYLINDRICAL_SURFACE('',#4260,0.326827479682025);
#3775=CYLINDRICAL_SURFACE('',#4262,6.2);
#3776=CYLINDRICAL_SURFACE('',#4264,1.6);
#3777=CYLINDRICAL_SURFACE('',#4267,0.04);
#3778=CYLINDRICAL_SURFACE('',#4271,0.9);
#3779=CYLINDRICAL_SURFACE('',#4282,0.566827479682025);
#3780=CYLINDRICAL_SURFACE('',#4283,0.19);
#3781=CYLINDRICAL_SURFACE('',#4285,0.14);
#3782=CYLINDRICAL_SURFACE('',#4345,0.04);
#3783=CYLINDRICAL_SURFACE('',#4349,0.04);
#3784=CYLINDRICAL_SURFACE('',#4350,0.17);
#3785=CYLINDRICAL_SURFACE('',#4352,0.17);
#3786=CYLINDRICAL_SURFACE('',#4354,0.34);
#3787=CYLINDRICAL_SURFACE('',#4356,0.24);
#3788=CYLINDRICAL_SURFACE('',#4358,0.19);
#3789=CYLINDRICAL_SURFACE('',#4359,1.7);
#3790=CYLINDRICAL_SURFACE('',#4360,0.17);
#3791=CYLINDRICAL_SURFACE('',#4362,0.235);
#3792=CYLINDRICAL_SURFACE('',#4365,0.24);
#3793=CYLINDRICAL_SURFACE('',#4367,0.24);
#3794=CYLINDRICAL_SURFACE('',#4369,0.49);
#3795=CYLINDRICAL_SURFACE('',#4370,6.42);
#3796=CYLINDRICAL_SURFACE('',#4371,0.29);
#3797=CYLINDRICAL_SURFACE('',#4372,0.566827479682025);
#3798=CYLINDRICAL_SURFACE('',#4373,0.24);
#3799=CYLINDRICAL_SURFACE('',#4374,0.115);
#3800=CYLINDRICAL_SURFACE('',#4376,0.115);
#3801=CYLINDRICAL_SURFACE('',#4378,0.24);
#3802=CYLINDRICAL_SURFACE('',#4380,0.235);
#3803=CYLINDRICAL_SURFACE('',#4382,0.6);
#3804=CYLINDRICAL_SURFACE('',#4383,0.15);
#3805=CYLINDRICAL_SURFACE('',#4384,0.15);
#3806=CYLINDRICAL_SURFACE('',#4386,0.24);
#3807=CYLINDRICAL_SURFACE('',#4387,0.566827479682026);
#3808=CYLINDRICAL_SURFACE('',#4388,0.24);
#3809=CYLINDRICAL_SURFACE('',#4389,2.1);
#3810=CYLINDRICAL_SURFACE('',#4390,0.15);
#3811=CYLINDRICAL_SURFACE('',#4392,0.15);
#3812=CYLINDRICAL_SURFACE('',#4394,0.15);
#3813=CYLINDRICAL_SURFACE('',#4395,0.6);
#3814=CYLINDRICAL_SURFACE('',#4396,0.15);
#3815=CYLINDRICAL_SURFACE('',#4397,1.5928);
#3816=CYLINDRICAL_SURFACE('',#4398,0.19);
#3817=CYLINDRICAL_SURFACE('',#4399,0.14);
#3818=CYLINDRICAL_SURFACE('',#4401,0.5);
#3819=CYLINDRICAL_SURFACE('',#4403,0.04);
#3820=CYLINDRICAL_SURFACE('',#4409,0.04);
#3821=CYLINDRICAL_SURFACE('',#4410,0.5);
#3822=CYLINDRICAL_SURFACE('',#4413,0.04);
#3823=CYLINDRICAL_SURFACE('',#4418,0.04);
#3824=CYLINDRICAL_SURFACE('',#4419,0.5);
#3825=CYLINDRICAL_SURFACE('',#4422,0.04);
#3826=CYLINDRICAL_SURFACE('',#4423,0.04);
#3827=CYLINDRICAL_SURFACE('',#4424,0.5);
#3828=CYLINDRICAL_SURFACE('',#4434,0.3);
#3829=CYLINDRICAL_SURFACE('',#4455,0.155);
#3830=CYLINDRICAL_SURFACE('',#4457,0.17);
#3831=CYLINDRICAL_SURFACE('',#4458,0.17);
#3832=CYLINDRICAL_SURFACE('',#4462,19.15);
#3833=CYLINDRICAL_SURFACE('',#4464,0.1);
#3834=CYLINDRICAL_SURFACE('',#4467,0.1);
#3835=CYLINDRICAL_SURFACE('',#4470,0.04);
#3836=CYLINDRICAL_SURFACE('',#4473,0.1);
#3837=CYLINDRICAL_SURFACE('',#4476,0.1);
#3838=CYLINDRICAL_SURFACE('',#4478,0.5);
#3839=CYLINDRICAL_SURFACE('',#4480,0.15);
#3840=CYLINDRICAL_SURFACE('',#4483,0.326827479682024);
#3841=CYLINDRICAL_SURFACE('',#4486,0.1);
#3842=CYLINDRICAL_SURFACE('',#4489,0.1);
#3843=CYLINDRICAL_SURFACE('',#4491,0.1);
#3844=CYLINDRICAL_SURFACE('',#4531,0.3);
#3845=CYLINDRICAL_SURFACE('',#4534,0.3);
#3846=CYLINDRICAL_SURFACE('',#4537,0.25);
#3847=CYLINDRICAL_SURFACE('',#4540,0.25);
#3848=CYLINDRICAL_SURFACE('',#4544,0.25);
#3849=CYLINDRICAL_SURFACE('',#4549,0.25);
#3850=CYLINDRICAL_SURFACE('',#4555,0.17);
#3851=CYLINDRICAL_SURFACE('',#4557,0.3);
#3852=CYLINDRICAL_SURFACE('',#4562,0.17);
#3853=CYLINDRICAL_SURFACE('',#4564,0.17);
#3854=ADVANCED_FACE('',(#3467),#3766,.F.);
#3855=ADVANCED_FACE('',(#3468),#96,.T.);
#3856=ADVANCED_FACE('',(#3469,#3470,#3471,#3472,#3473,#3474,#3475,#3476),
#97,.F.);
#3857=ADVANCED_FACE('',(#3477,#3478,#3479,#3480,#3481,#3482,#3483,#3484,
#3485,#3486,#3487,#3488,#3489,#3490,#3491),#98,.F.);
#3858=ADVANCED_FACE('',(#3492),#99,.T.);
#3859=ADVANCED_FACE('',(#3493,#3494),#100,.T.);
#3860=ADVANCED_FACE('',(#3495),#101,.T.);
#3861=ADVANCED_FACE('',(#3496),#3767,.F.);
#3862=ADVANCED_FACE('',(#3497,#3498),#102,.T.);
#3863=ADVANCED_FACE('',(#3499),#103,.T.);
#3864=ADVANCED_FACE('',(#3500),#104,.T.);
#3865=ADVANCED_FACE('',(#3501),#105,.T.);
#3866=ADVANCED_FACE('',(#3502),#106,.T.);
#3867=ADVANCED_FACE('',(#3503),#107,.T.);
#3868=ADVANCED_FACE('',(#3504),#108,.T.);
#3869=ADVANCED_FACE('',(#3505),#3768,.T.);
#3870=ADVANCED_FACE('',(#3506),#3769,.T.);
#3871=ADVANCED_FACE('',(#3507),#3770,.T.);
#3872=ADVANCED_FACE('',(#3508),#109,.T.);
#3873=ADVANCED_FACE('',(#3509),#3771,.F.);
#3874=ADVANCED_FACE('',(#3510),#3772,.T.);
#3875=ADVANCED_FACE('',(#3511),#3773,.F.);
#3876=ADVANCED_FACE('',(#3512),#110,.T.);
#3877=ADVANCED_FACE('',(#3513),#3774,.T.);
#3878=ADVANCED_FACE('',(#3514),#3775,.F.);
#3879=ADVANCED_FACE('',(#3515),#3776,.F.);
#3880=ADVANCED_FACE('',(#3516),#111,.T.);
#3881=ADVANCED_FACE('',(#3517),#3777,.T.);
#3882=ADVANCED_FACE('',(#3518),#112,.T.);
#3883=ADVANCED_FACE('',(#3519),#3778,.T.);
#3884=ADVANCED_FACE('',(#3520),#16,.F.);
#3885=ADVANCED_FACE('',(#3521),#17,.F.);
#3886=ADVANCED_FACE('',(#3522),#113,.T.);
#3887=ADVANCED_FACE('',(#3523),#18,.F.);
#3888=ADVANCED_FACE('',(#3524),#114,.T.);
#3889=ADVANCED_FACE('',(#3525),#19,.F.);
#3890=ADVANCED_FACE('',(#3526),#3779,.T.);
#3891=ADVANCED_FACE('',(#3527),#3780,.F.);
#3892=ADVANCED_FACE('',(#3528),#115,.T.);
#3893=ADVANCED_FACE('',(#3529),#3781,.F.);
#3894=ADVANCED_FACE('',(#3530),#116,.T.);
#3895=ADVANCED_FACE('',(#3531),#20,.F.);
#3896=ADVANCED_FACE('',(#3532),#117,.T.);
#3897=ADVANCED_FACE('',(#3533),#21,.F.);
#3898=ADVANCED_FACE('',(#3534),#118,.T.);
#3899=ADVANCED_FACE('',(#3535),#22,.F.);
#3900=ADVANCED_FACE('',(#3536),#119,.T.);
#3901=ADVANCED_FACE('',(#3537),#23,.F.);
#3902=ADVANCED_FACE('',(#3538),#24,.F.);
#3903=ADVANCED_FACE('',(#3539),#25,.F.);
#3904=ADVANCED_FACE('',(#3540),#26,.T.);
#3905=ADVANCED_FACE('',(#3541),#27,.F.);
#3906=ADVANCED_FACE('',(#3542),#120,.T.);
#3907=ADVANCED_FACE('',(#3543),#28,.F.);
#3908=ADVANCED_FACE('',(#3544),#29,.F.);
#3909=ADVANCED_FACE('',(#3545),#30,.T.);
#3910=ADVANCED_FACE('',(#3546),#31,.F.);
#3911=ADVANCED_FACE('',(#3547),#32,.T.);
#3912=ADVANCED_FACE('',(#3548),#33,.F.);
#3913=ADVANCED_FACE('',(#3549),#121,.T.);
#3914=ADVANCED_FACE('',(#3550),#34,.F.);
#3915=ADVANCED_FACE('',(#3551),#122,.T.);
#3916=ADVANCED_FACE('',(#3552),#35,.F.);
#3917=ADVANCED_FACE('',(#3553),#123,.T.);
#3918=ADVANCED_FACE('',(#3554),#36,.F.);
#3919=ADVANCED_FACE('',(#3555),#37,.T.);
#3920=ADVANCED_FACE('',(#3556),#38,.F.);
#3921=ADVANCED_FACE('',(#3557),#39,.F.);
#3922=ADVANCED_FACE('',(#3558),#40,.F.);
#3923=ADVANCED_FACE('',(#3559),#41,.T.);
#3924=ADVANCED_FACE('',(#3560),#42,.F.);
#3925=ADVANCED_FACE('',(#3561),#124,.T.);
#3926=ADVANCED_FACE('',(#3562),#43,.F.);
#3927=ADVANCED_FACE('',(#3563,#3564),#44,.F.);
#3928=ADVANCED_FACE('',(#3565),#3782,.T.);
#3929=ADVANCED_FACE('',(#3566),#125,.F.);
#3930=ADVANCED_FACE('',(#3567),#3783,.T.);
#3931=ADVANCED_FACE('',(#3568,#3569),#3784,.F.);
#3932=ADVANCED_FACE('',(#3570,#3571),#3785,.F.);
#3933=ADVANCED_FACE('',(#3572),#3786,.F.);
#3934=ADVANCED_FACE('',(#3573),#126,.T.);
#3935=ADVANCED_FACE('',(#3574),#3787,.F.);
#3936=ADVANCED_FACE('',(#3575),#127,.T.);
#3937=ADVANCED_FACE('',(#3576),#3788,.F.);
#3938=ADVANCED_FACE('',(#3577),#3789,.F.);
#3939=ADVANCED_FACE('',(#3578,#3579),#3790,.F.);
#3940=ADVANCED_FACE('',(#3580,#3581),#3791,.F.);
#3941=ADVANCED_FACE('',(#3582),#128,.T.);
#3942=ADVANCED_FACE('',(#3583),#3792,.F.);
#3943=ADVANCED_FACE('',(#3584),#129,.T.);
#3944=ADVANCED_FACE('',(#3585),#3793,.F.);
#3945=ADVANCED_FACE('',(#3586),#130,.T.);
#3946=ADVANCED_FACE('',(#3587),#3794,.F.);
#3947=ADVANCED_FACE('',(#3588),#3795,.T.);
#3948=ADVANCED_FACE('',(#3589),#3796,.F.);
#3949=ADVANCED_FACE('',(#3590),#3797,.T.);
#3950=ADVANCED_FACE('',(#3591),#3798,.F.);
#3951=ADVANCED_FACE('',(#3592),#3799,.F.);
#3952=ADVANCED_FACE('',(#3593),#131,.T.);
#3953=ADVANCED_FACE('',(#3594),#3800,.F.);
#3954=ADVANCED_FACE('',(#3595),#132,.T.);
#3955=ADVANCED_FACE('',(#3596),#3801,.F.);
#3956=ADVANCED_FACE('',(#3597),#133,.T.);
#3957=ADVANCED_FACE('',(#3598,#3599),#3802,.F.);
#3958=ADVANCED_FACE('',(#3600),#3803,.T.);
#3959=ADVANCED_FACE('',(#3601),#3804,.F.);
#3960=ADVANCED_FACE('',(#3602),#3805,.F.);
#3961=ADVANCED_FACE('',(#3603),#134,.T.);
#3962=ADVANCED_FACE('',(#3604),#3806,.F.);
#3963=ADVANCED_FACE('',(#3605),#3807,.T.);
#3964=ADVANCED_FACE('',(#3606),#3808,.F.);
#3965=ADVANCED_FACE('',(#3607),#3809,.F.);
#3966=ADVANCED_FACE('',(#3608),#3810,.F.);
#3967=ADVANCED_FACE('',(#3609),#135,.T.);
#3968=ADVANCED_FACE('',(#3610),#3811,.F.);
#3969=ADVANCED_FACE('',(#3611),#136,.T.);
#3970=ADVANCED_FACE('',(#3612),#3812,.F.);
#3971=ADVANCED_FACE('',(#3613),#3813,.T.);
#3972=ADVANCED_FACE('',(#3614),#3814,.F.);
#3973=ADVANCED_FACE('',(#3615),#3815,.F.);
#3974=ADVANCED_FACE('',(#3616),#3816,.F.);
#3975=ADVANCED_FACE('',(#3617,#3618),#3817,.F.);
#3976=ADVANCED_FACE('',(#3619),#3818,.T.);
#3977=ADVANCED_FACE('',(#3620),#3819,.T.);
#3978=ADVANCED_FACE('',(#3621),#137,.F.);
#3979=ADVANCED_FACE('',(#3622),#3820,.T.);
#3980=ADVANCED_FACE('',(#3623),#3821,.T.);
#3981=ADVANCED_FACE('',(#3624),#3822,.T.);
#3982=ADVANCED_FACE('',(#3625),#138,.F.);
#3983=ADVANCED_FACE('',(#3626),#3823,.T.);
#3984=ADVANCED_FACE('',(#3627),#3824,.T.);
#3985=ADVANCED_FACE('',(#3628),#3825,.T.);
#3986=ADVANCED_FACE('',(#3629),#3826,.T.);
#3987=ADVANCED_FACE('',(#3630),#3827,.T.);
#3988=ADVANCED_FACE('',(#3631,#3632),#139,.T.);
#3989=ADVANCED_FACE('',(#3633,#3634),#140,.T.);
#3990=ADVANCED_FACE('',(#3635,#3636),#141,.T.);
#3991=ADVANCED_FACE('',(#3637,#3638),#3828,.F.);
#3992=ADVANCED_FACE('',(#3639,#3640),#142,.T.);
#3993=ADVANCED_FACE('',(#3641,#3642),#143,.T.);
#3994=ADVANCED_FACE('',(#3643,#3644),#144,.T.);
#3995=ADVANCED_FACE('',(#3645),#145,.F.);
#3996=ADVANCED_FACE('',(#3646,#3647),#146,.T.);
#3997=ADVANCED_FACE('',(#3648,#3649),#147,.F.);
#3998=ADVANCED_FACE('',(#3650,#3651),#148,.F.);
#3999=ADVANCED_FACE('',(#3652,#3653),#45,.F.);
#4000=ADVANCED_FACE('',(#3654),#149,.T.);
#4001=ADVANCED_FACE('',(#3655),#150,.F.);
#4002=ADVANCED_FACE('',(#3656),#151,.F.);
#4003=ADVANCED_FACE('',(#3657),#152,.T.);
#4004=ADVANCED_FACE('',(#3658,#3659),#3829,.T.);
#4005=ADVANCED_FACE('',(#3660,#3661),#3830,.F.);
#4006=ADVANCED_FACE('',(#3662,#3663),#3831,.F.);
#4007=ADVANCED_FACE('',(#3664,#3665),#46,.T.);
#4008=ADVANCED_FACE('',(#3666),#153,.T.);
#4009=ADVANCED_FACE('',(#3667),#3832,.T.);
#4010=ADVANCED_FACE('',(#3668),#3833,.F.);
#4011=ADVANCED_FACE('',(#3669),#154,.T.);
#4012=ADVANCED_FACE('',(#3670),#3834,.F.);
#4013=ADVANCED_FACE('',(#3671),#155,.T.);
#4014=ADVANCED_FACE('',(#3672),#3835,.T.);
#4015=ADVANCED_FACE('',(#3673),#156,.T.);
#4016=ADVANCED_FACE('',(#3674),#3836,.F.);
#4017=ADVANCED_FACE('',(#3675),#157,.T.);
#4018=ADVANCED_FACE('',(#3676),#3837,.F.);
#4019=ADVANCED_FACE('',(#3677),#3838,.T.);
#4020=ADVANCED_FACE('',(#3678),#3839,.F.);
#4021=ADVANCED_FACE('',(#3679),#158,.T.);
#4022=ADVANCED_FACE('',(#3680),#3840,.T.);
#4023=ADVANCED_FACE('',(#3681),#159,.F.);
#4024=ADVANCED_FACE('',(#3682),#3841,.T.);
#4025=ADVANCED_FACE('',(#3683),#160,.T.);
#4026=ADVANCED_FACE('',(#3684),#3842,.T.);
#4027=ADVANCED_FACE('',(#3685),#3843,.T.);
#4028=ADVANCED_FACE('',(#3686),#161,.T.);
#4029=ADVANCED_FACE('',(#3687),#47,.T.);
#4030=ADVANCED_FACE('',(#3688),#48,.T.);
#4031=ADVANCED_FACE('',(#3689),#162,.T.);
#4032=ADVANCED_FACE('',(#3690),#49,.F.);
#4033=ADVANCED_FACE('',(#3691),#50,.F.);
#4034=ADVANCED_FACE('',(#3692),#51,.T.);
#4035=ADVANCED_FACE('',(#3693),#163,.T.);
#4036=ADVANCED_FACE('',(#3694),#52,.F.);
#4037=ADVANCED_FACE('',(#3695),#53,.T.);
#4038=ADVANCED_FACE('',(#3696),#54,.F.);
#4039=ADVANCED_FACE('',(#3697),#164,.T.);
#4040=ADVANCED_FACE('',(#3698),#55,.T.);
#4041=ADVANCED_FACE('',(#3699),#56,.T.);
#4042=ADVANCED_FACE('',(#3700),#57,.T.);
#4043=ADVANCED_FACE('',(#3701),#165,.T.);
#4044=ADVANCED_FACE('',(#3702),#58,.T.);
#4045=ADVANCED_FACE('',(#3703),#59,.T.);
#4046=ADVANCED_FACE('',(#3704),#166,.T.);
#4047=ADVANCED_FACE('',(#3705),#60,.T.);
#4048=ADVANCED_FACE('',(#3706),#167,.T.);
#4049=ADVANCED_FACE('',(#3707),#61,.T.);
#4050=ADVANCED_FACE('',(#3708),#168,.T.);
#4051=ADVANCED_FACE('',(#3709),#62,.F.);
#4052=ADVANCED_FACE('',(#3710),#63,.T.);
#4053=ADVANCED_FACE('',(#3711),#64,.F.);
#4054=ADVANCED_FACE('',(#3712),#169,.T.);
#4055=ADVANCED_FACE('',(#3713),#65,.F.);
#4056=ADVANCED_FACE('',(#3714),#170,.T.);
#4057=ADVANCED_FACE('',(#3715),#171,.T.);
#4058=ADVANCED_FACE('',(#3716),#66,.F.);
#4059=ADVANCED_FACE('',(#3717),#67,.T.);
#4060=ADVANCED_FACE('',(#3718),#68,.F.);
#4061=ADVANCED_FACE('',(#3719),#172,.T.);
#4062=ADVANCED_FACE('',(#3720,#3721),#3844,.F.);
#4063=ADVANCED_FACE('',(#3722,#3723),#69,.F.);
#4064=ADVANCED_FACE('',(#3724,#3725),#3845,.F.);
#4065=ADVANCED_FACE('',(#3726,#3727),#70,.F.);
#4066=ADVANCED_FACE('',(#3728,#3729),#3846,.T.);
#4067=ADVANCED_FACE('',(#3730,#3731),#12,.F.);
#4068=ADVANCED_FACE('',(#3732,#3733),#3847,.T.);
#4069=ADVANCED_FACE('',(#3734),#173,.F.);
#4070=ADVANCED_FACE('',(#3735,#3736),#3848,.T.);
#4071=ADVANCED_FACE('',(#3737,#3738),#13,.F.);
#4072=ADVANCED_FACE('',(#3739),#174,.F.);
#4073=ADVANCED_FACE('',(#3740,#3741),#3849,.T.);
#4074=ADVANCED_FACE('',(#3742),#14,.F.);
#4075=ADVANCED_FACE('',(#3743,#3744),#175,.T.);
#4076=ADVANCED_FACE('',(#3745,#3746),#3850,.F.);
#4077=ADVANCED_FACE('',(#3747,#3748),#15,.F.);
#4078=ADVANCED_FACE('',(#3749,#3750),#3851,.F.);
#4079=ADVANCED_FACE('',(#3751),#176,.T.);
#4080=ADVANCED_FACE('',(#3752),#177,.T.);
#4081=ADVANCED_FACE('',(#3753),#178,.T.);
#4082=ADVANCED_FACE('',(#3754),#179,.T.);
#4083=ADVANCED_FACE('',(#3755,#3756),#3852,.F.);
#4084=ADVANCED_FACE('',(#3757),#180,.T.);
#4085=ADVANCED_FACE('',(#3758,#3759),#3853,.F.);
#4086=ADVANCED_FACE('',(#3760),#181,.T.);
#4087=ADVANCED_FACE('',(#3761),#182,.T.);
#4088=ADVANCED_FACE('',(#3762),#183,.F.);
#4089=ADVANCED_FACE('',(#3763),#184,.T.);
#4090=ADVANCED_FACE('',(#3764),#185,.F.);
#4091=ADVANCED_FACE('',(#3765),#186,.T.);
#4092=CLOSED_SHELL('',(#3854,#3855,#3856,#3857,#3858,#3859,#3860,#3861,
#3862,#3863,#3864,#3865,#3866,#3867,#3868,#3869,#3870,#3871,#3872,#3873,
#3874,#3875,#3876,#3877,#3878,#3879,#3880,#3881,#3882,#3883,#3884,#3885,
#3886,#3887,#3888,#3889,#3890,#3891,#3892,#3893,#3894,#3895,#3896,#3897,
#3898,#3899,#3900,#3901,#3902,#3903,#3904,#3905,#3906,#3907,#3908,#3909,
#3910,#3911,#3912,#3913,#3914,#3915,#3916,#3917,#3918,#3919,#3920,#3921,
#3922,#3923,#3924,#3925,#3926,#3927,#3928,#3929,#3930,#3931,#3932,#3933,
#3934,#3935,#3936,#3937,#3938,#3939,#3940,#3941,#3942,#3943,#3944,#3945,
#3946,#3947,#3948,#3949,#3950,#3951,#3952,#3953,#3954,#3955,#3956,#3957,
#3958,#3959,#3960,#3961,#3962,#3963,#3964,#3965,#3966,#3967,#3968,#3969,
#3970,#3971,#3972,#3973,#3974,#3975,#3976,#3977,#3978,#3979,#3980,#3981,
#3982,#3983,#3984,#3985,#3986,#3987,#3988,#3989,#3990,#3991,#3992,#3993,
#3994,#3995,#3996,#3997,#3998,#3999,#4000,#4001,#4002,#4003,#4004,#4005,
#4006,#4007,#4008,#4009,#4010,#4011,#4012,#4013,#4014,#4015,#4016,#4017,
#4018,#4019,#4020,#4021,#4022,#4023,#4024,#4025,#4026,#4027,#4028,#4029,
#4030,#4031,#4032,#4033,#4034,#4035,#4036,#4037,#4038,#4039,#4040,#4041,
#4042,#4043,#4044,#4045,#4046,#4047,#4048,#4049,#4050,#4051,#4052,#4053,
#4054,#4055,#4056,#4057,#4058,#4059,#4060,#4061,#4062,#4063,#4064,#4065,
#4066,#4067,#4068,#4069,#4070,#4071,#4072,#4073,#4074,#4075,#4076,#4077,
#4078,#4079,#4080,#4081,#4082,#4083,#4084,#4085,#4086,#4087,#4088,#4089,
#4090,#4091));
#4093=STYLED_ITEM('',(#4094),#4101);
#4094=PRESENTATION_STYLE_ASSIGNMENT((#4095));
#4095=SURFACE_STYLE_USAGE(.BOTH.,#4096);
#4096=SURFACE_SIDE_STYLE('',(#4097));
#4097=SURFACE_STYLE_FILL_AREA(#4098);
#4098=FILL_AREA_STYLE('',(#4099));
#4099=FILL_AREA_STYLE_COLOUR('',#4100);
#4100=COLOUR_RGB('',0.266666666666666,0.83921568627451,0.172549019607843);
#4101=MANIFOLD_SOLID_BREP('NH36_1.4_MainMount (1) (1):1__Body1',#4092);
#4102=SHAPE_DEFINITION_REPRESENTATION(#7128,#4103);
#4103=SHAPE_REPRESENTATION('NH36_1.4_MainMount (1) (1):1__Body1',(#4104),
#7123);
#4104=AXIS2_PLACEMENT_3D('',#5829,#4571,#4572);
#4105=AXIS2_PLACEMENT_3D('',#5830,#4573,#4574);
#4106=AXIS2_PLACEMENT_3D('',#5834,#4576,#4577);
#4107=AXIS2_PLACEMENT_3D('',#5838,#4579,#4580);
#4108=AXIS2_PLACEMENT_3D('',#5839,#4581,#4582);
#4109=AXIS2_PLACEMENT_3D('',#5852,#4589,#4590);
#4110=AXIS2_PLACEMENT_3D('',#5856,#4592,#4593);
#4111=AXIS2_PLACEMENT_3D('',#5858,#4594,#4595);
#4112=AXIS2_PLACEMENT_3D('',#5860,#4596,#4597);
#4113=AXIS2_PLACEMENT_3D('',#5864,#4599,#4600);
#4114=AXIS2_PLACEMENT_3D('',#5868,#4602,#4603);
#4115=AXIS2_PLACEMENT_3D('',#5870,#4604,#4605);
#4116=AXIS2_PLACEMENT_3D('',#5872,#4606,#4607);
#4117=AXIS2_PLACEMENT_3D('',#5876,#4609,#4610);
#4118=AXIS2_PLACEMENT_3D('',#5880,#4612,#4613);
#4119=AXIS2_PLACEMENT_3D('',#5884,#4615,#4616);
#4120=AXIS2_PLACEMENT_3D('',#5888,#4618,#4619);
#4121=AXIS2_PLACEMENT_3D('',#5892,#4621,#4622);
#4122=AXIS2_PLACEMENT_3D('',#5894,#4623,#4624);
#4123=AXIS2_PLACEMENT_3D('',#5896,#4625,#4626);
#4124=AXIS2_PLACEMENT_3D('',#5898,#4627,#4628);
#4125=AXIS2_PLACEMENT_3D('',#5900,#4629,#4630);
#4126=AXIS2_PLACEMENT_3D('',#5904,#4632,#4633);
#4127=AXIS2_PLACEMENT_3D('',#5905,#4634,#4635);
#4128=AXIS2_PLACEMENT_3D('',#5908,#4636,#4637);
#4129=AXIS2_PLACEMENT_3D('',#5910,#4638,#4639);
#4130=AXIS2_PLACEMENT_3D('',#5912,#4640,#4641);
#4131=AXIS2_PLACEMENT_3D('',#5914,#4642,#4643);
#4132=AXIS2_PLACEMENT_3D('',#5918,#4645,#4646);
#4133=AXIS2_PLACEMENT_3D('',#5922,#4648,#4649);
#4134=AXIS2_PLACEMENT_3D('',#5925,#4651,#4652);
#4135=AXIS2_PLACEMENT_3D('',#5928,#4653,#4654);
#4136=AXIS2_PLACEMENT_3D('',#5930,#4655,#4656);
#4137=AXIS2_PLACEMENT_3D('',#5932,#4657,#4658);
#4138=AXIS2_PLACEMENT_3D('',#5934,#4659,#4660);
#4139=AXIS2_PLACEMENT_3D('',#5936,#4661,#4662);
#4140=AXIS2_PLACEMENT_3D('',#5938,#4663,#4664);
#4141=AXIS2_PLACEMENT_3D('',#5942,#4666,#4667);
#4142=AXIS2_PLACEMENT_3D('',#5943,#4668,#4669);
#4143=AXIS2_PLACEMENT_3D('',#5945,#4670,#4671);
#4144=AXIS2_PLACEMENT_3D('',#5961,#4679,#4680);
#4145=AXIS2_PLACEMENT_3D('',#5965,#4682,#4683);
#4146=AXIS2_PLACEMENT_3D('',#5967,#4684,#4685);
#4147=AXIS2_PLACEMENT_3D('',#5969,#4686,#4687);
#4148=AXIS2_PLACEMENT_3D('',#5971,#4688,#4689);
#4149=AXIS2_PLACEMENT_3D('',#5973,#4690,#4691);
#4150=AXIS2_PLACEMENT_3D('',#5975,#4692,#4693);
#4151=AXIS2_PLACEMENT_3D('',#5979,#4695,#4696);
#4152=AXIS2_PLACEMENT_3D('',#5981,#4697,#4698);
#4153=AXIS2_PLACEMENT_3D('',#5983,#4699,#4700);
#4154=AXIS2_PLACEMENT_3D('',#5987,#4702,#4703);
#4155=AXIS2_PLACEMENT_3D('',#5989,#4704,#4705);
#4156=AXIS2_PLACEMENT_3D('',#5991,#4706,#4707);
#4157=AXIS2_PLACEMENT_3D('',#5999,#4711,#4712);
#4158=AXIS2_PLACEMENT_3D('',#6003,#4714,#4715);
#4159=AXIS2_PLACEMENT_3D('',#6005,#4716,#4717);
#4160=AXIS2_PLACEMENT_3D('',#6007,#4718,#4719);
#4161=AXIS2_PLACEMENT_3D('',#6011,#4721,#4722);
#4162=AXIS2_PLACEMENT_3D('',#6013,#4723,#4724);
#4163=AXIS2_PLACEMENT_3D('',#6017,#4726,#4727);
#4164=AXIS2_PLACEMENT_3D('',#6019,#4728,#4729);
#4165=AXIS2_PLACEMENT_3D('',#6021,#4730,#4731);
#4166=AXIS2_PLACEMENT_3D('',#6025,#4733,#4734);
#4167=AXIS2_PLACEMENT_3D('',#6032,#4738,#4739);
#4168=AXIS2_PLACEMENT_3D('',#6049,#4748,#4749);
#4169=AXIS2_PLACEMENT_3D('',#6050,#4750,#4751);
#4170=AXIS2_PLACEMENT_3D('',#6052,#4752,#4753);
#4171=AXIS2_PLACEMENT_3D('',#6054,#4754,#4755);
#4172=AXIS2_PLACEMENT_3D('',#6059,#4757,#4758);
#4173=AXIS2_PLACEMENT_3D('',#6063,#4760,#4761);
#4174=AXIS2_PLACEMENT_3D('',#6065,#4762,#4763);
#4175=AXIS2_PLACEMENT_3D('',#6067,#4764,#4765);
#4176=AXIS2_PLACEMENT_3D('',#6069,#4766,#4767);
#4177=AXIS2_PLACEMENT_3D('',#6071,#4768,#4769);
#4178=AXIS2_PLACEMENT_3D('',#6072,#4770,#4771);
#4179=AXIS2_PLACEMENT_3D('',#6075,#4772,#4773);
#4180=AXIS2_PLACEMENT_3D('',#6077,#4774,#4775);
#4181=AXIS2_PLACEMENT_3D('',#6081,#4777,#4778);
#4182=AXIS2_PLACEMENT_3D('',#6083,#4779,#4780);
#4183=AXIS2_PLACEMENT_3D('',#6085,#4781,#4782);
#4184=AXIS2_PLACEMENT_3D('',#6087,#4783,#4784);
#4185=AXIS2_PLACEMENT_3D('',#6089,#4785,#4786);
#4186=AXIS2_PLACEMENT_3D('',#6090,#4787,#4788);
#4187=AXIS2_PLACEMENT_3D('',#6092,#4789,#4790);
#4188=AXIS2_PLACEMENT_3D('',#6097,#4792,#4793);
#4189=AXIS2_PLACEMENT_3D('',#6101,#4795,#4796);
#4190=AXIS2_PLACEMENT_3D('',#6107,#4799,#4800);
#4191=AXIS2_PLACEMENT_3D('',#6111,#4802,#4803);
#4192=AXIS2_PLACEMENT_3D('',#6115,#4805,#4806);
#4193=AXIS2_PLACEMENT_3D('',#6117,#4807,#4808);
#4194=AXIS2_PLACEMENT_3D('',#6119,#4809,#4810);
#4195=AXIS2_PLACEMENT_3D('',#6121,#4811,#4812);
#4196=AXIS2_PLACEMENT_3D('',#6123,#4813,#4814);
#4197=AXIS2_PLACEMENT_3D('',#6124,#4815,#4816);
#4198=AXIS2_PLACEMENT_3D('',#6126,#4817,#4818);
#4199=AXIS2_PLACEMENT_3D('',#6131,#4820,#4821);
#4200=AXIS2_PLACEMENT_3D('',#6133,#4822,#4823);
#4201=AXIS2_PLACEMENT_3D('',#6135,#4824,#4825);
#4202=AXIS2_PLACEMENT_3D('',#6139,#4827,#4828);
#4203=AXIS2_PLACEMENT_3D('',#6143,#4830,#4831);
#4204=AXIS2_PLACEMENT_3D('',#6145,#4832,#4833);
#4205=AXIS2_PLACEMENT_3D('',#6147,#4834,#4835);
#4206=AXIS2_PLACEMENT_3D('',#6151,#4837,#4838);
#4207=AXIS2_PLACEMENT_3D('',#6152,#4839,#4840);
#4208=AXIS2_PLACEMENT_3D('',#6154,#4841,#4842);
#4209=AXIS2_PLACEMENT_3D('',#6156,#4843,#4844);
#4210=AXIS2_PLACEMENT_3D('',#6164,#4848,#4849);
#4211=AXIS2_PLACEMENT_3D('',#6168,#4851,#4852);
#4212=AXIS2_PLACEMENT_3D('',#6172,#4854,#4855);
#4213=AXIS2_PLACEMENT_3D('',#6176,#4857,#4858);
#4214=AXIS2_PLACEMENT_3D('',#6178,#4859,#4860);
#4215=AXIS2_PLACEMENT_3D('',#6180,#4861,#4862);
#4216=AXIS2_PLACEMENT_3D('',#6184,#4864,#4865);
#4217=AXIS2_PLACEMENT_3D('',#6188,#4867,#4868);
#4218=AXIS2_PLACEMENT_3D('',#6192,#4870,#4871);
#4219=AXIS2_PLACEMENT_3D('',#6196,#4873,#4874);
#4220=AXIS2_PLACEMENT_3D('',#6198,#4875,#4876);
#4221=AXIS2_PLACEMENT_3D('',#6200,#4877,#4878);
#4222=AXIS2_PLACEMENT_3D('',#6204,#4880,#4881);
#4223=AXIS2_PLACEMENT_3D('',#6206,#4882,#4883);
#4224=AXIS2_PLACEMENT_3D('',#6208,#4884,#4885);
#4225=AXIS2_PLACEMENT_3D('',#6212,#4887,#4888);
#4226=AXIS2_PLACEMENT_3D('',#6214,#4889,#4890);
#4227=AXIS2_PLACEMENT_3D('',#6216,#4891,#4892);
#4228=AXIS2_PLACEMENT_3D('',#6220,#4894,#4895);
#4229=AXIS2_PLACEMENT_3D('',#6222,#4896,#4897);
#4230=AXIS2_PLACEMENT_3D('',#6224,#4898,#4899);
#4231=AXIS2_PLACEMENT_3D('',#6228,#4901,#4902);
#4232=AXIS2_PLACEMENT_3D('',#6243,#4910,#4911);
#4233=AXIS2_PLACEMENT_3D('',#6248,#4915,#4916);
#4234=AXIS2_PLACEMENT_3D('',#6249,#4917,#4918);
#4235=AXIS2_PLACEMENT_3D('',#6258,#4923,#4924);
#4236=AXIS2_PLACEMENT_3D('',#6262,#4928,#4929);
#4237=AXIS2_PLACEMENT_3D('',#6263,#4930,#4931);
#4238=AXIS2_PLACEMENT_3D('',#6268,#4934,#4935);
#4239=AXIS2_PLACEMENT_3D('',#6269,#4936,#4937);
#4240=AXIS2_PLACEMENT_3D('',#6275,#4941,#4942);
#4241=AXIS2_PLACEMENT_3D('',#6278,#4945,#4946);
#4242=AXIS2_PLACEMENT_3D('',#6282,#4949,#4950);
#4243=AXIS2_PLACEMENT_3D('',#6284,#4952,#4953);
#4244=AXIS2_PLACEMENT_3D('',#6288,#4956,#4957);
#4245=AXIS2_PLACEMENT_3D('',#6293,#4961,#4962);
#4246=AXIS2_PLACEMENT_3D('',#6299,#4966,#4967);
#4247=AXIS2_PLACEMENT_3D('',#6300,#4968,#4969);
#4248=AXIS2_PLACEMENT_3D('',#6305,#4972,#4973);
#4249=AXIS2_PLACEMENT_3D('',#6306,#4974,#4975);
#4250=AXIS2_PLACEMENT_3D('',#6309,#4977,#4978);
#4251=AXIS2_PLACEMENT_3D('',#6310,#4979,#4980);
#4252=AXIS2_PLACEMENT_3D('',#6313,#4982,#4983);
#4253=AXIS2_PLACEMENT_3D('',#6317,#4986,#4987);
#4254=AXIS2_PLACEMENT_3D('',#6318,#4988,#4989);
#4255=AXIS2_PLACEMENT_3D('',#6321,#4991,#4992);
#4256=AXIS2_PLACEMENT_3D('',#6322,#4993,#4994);
#4257=AXIS2_PLACEMENT_3D('',#6325,#4996,#4997);
#4258=AXIS2_PLACEMENT_3D('',#6326,#4998,#4999);
#4259=AXIS2_PLACEMENT_3D('',#6329,#5001,#5002);
#4260=AXIS2_PLACEMENT_3D('',#6333,#5005,#5006);
#4261=AXIS2_PLACEMENT_3D('',#6334,#5007,#5008);
#4262=AXIS2_PLACEMENT_3D('',#6337,#5010,#5011);
#4263=AXIS2_PLACEMENT_3D('',#6338,#5012,#5013);
#4264=AXIS2_PLACEMENT_3D('',#6341,#5015,#5016);
#4265=AXIS2_PLACEMENT_3D('',#6342,#5017,#5018);
#4266=AXIS2_PLACEMENT_3D('',#6347,#5021,#5022);
#4267=AXIS2_PLACEMENT_3D('',#6367,#5033,#5034);
#4268=AXIS2_PLACEMENT_3D('',#6368,#5035,#5036);
#4269=AXIS2_PLACEMENT_3D('',#6370,#5037,#5038);
#4270=AXIS2_PLACEMENT_3D('',#6373,#5040,#5041);
#4271=AXIS2_PLACEMENT_3D('',#6376,#5044,#5045);
#4272=AXIS2_PLACEMENT_3D('',#6383,#5047,#5048);
#4273=AXIS2_PLACEMENT_3D('',#6384,#5049,#5050);
#4274=AXIS2_PLACEMENT_3D('',#6387,#5052,#5053);
#4275=AXIS2_PLACEMENT_3D('',#6388,#5054,#5055);
#4276=AXIS2_PLACEMENT_3D('',#6391,#5057,#5058);
#4277=AXIS2_PLACEMENT_3D('',#6395,#5061,#5062);
#4278=AXIS2_PLACEMENT_3D('',#6398,#5064,#5065);
#4279=AXIS2_PLACEMENT_3D('',#6399,#5066,#5067);
#4280=AXIS2_PLACEMENT_3D('',#6403,#5070,#5071);
#4281=AXIS2_PLACEMENT_3D('',#6409,#5072,#5073);
#4282=AXIS2_PLACEMENT_3D('',#6410,#5074,#5075);
#4283=AXIS2_PLACEMENT_3D('',#6413,#5078,#5079);
#4284=AXIS2_PLACEMENT_3D('',#6415,#5081,#5082);
#4285=AXIS2_PLACEMENT_3D('',#6417,#5084,#5085);
#4286=AXIS2_PLACEMENT_3D('',#6418,#5086,#5087);
#4287=AXIS2_PLACEMENT_3D('',#6424,#5091,#5092);
#4288=AXIS2_PLACEMENT_3D('',#6425,#5093,#5094);
#4289=AXIS2_PLACEMENT_3D('',#6428,#5096,#5097);
#4290=AXIS2_PLACEMENT_3D('',#6432,#5100,#5101);
#4291=AXIS2_PLACEMENT_3D('',#6433,#5102,#5103);
#4292=AXIS2_PLACEMENT_3D('',#6436,#5105,#5106);
#4293=AXIS2_PLACEMENT_3D('',#6440,#5109,#5110);
#4294=AXIS2_PLACEMENT_3D('',#6441,#5111,#5112);
#4295=AXIS2_PLACEMENT_3D('',#6442,#5113,#5114);
#4296=AXIS2_PLACEMENT_3D('',#6448,#5118,#5119);
#4297=AXIS2_PLACEMENT_3D('',#6449,#5120,#5121);
#4298=AXIS2_PLACEMENT_3D('',#6452,#5123,#5124);
#4299=AXIS2_PLACEMENT_3D('',#6453,#5125,#5126);
#4300=AXIS2_PLACEMENT_3D('',#6456,#5128,#5129);
#4301=AXIS2_PLACEMENT_3D('',#6457,#5130,#5131);
#4302=AXIS2_PLACEMENT_3D('',#6460,#5133,#5134);
#4303=AXIS2_PLACEMENT_3D('',#6463,#5136,#5137);
#4304=AXIS2_PLACEMENT_3D('',#6464,#5138,#5139);
#4305=AXIS2_PLACEMENT_3D('',#6465,#5140,#5141);
#4306=AXIS2_PLACEMENT_3D('',#6468,#5143,#5144);
#4307=AXIS2_PLACEMENT_3D('',#6472,#5147,#5148);
#4308=AXIS2_PLACEMENT_3D('',#6473,#5149,#5150);
#4309=AXIS2_PLACEMENT_3D('',#6474,#5151,#5152);
#4310=AXIS2_PLACEMENT_3D('',#6477,#5154,#5155);
#4311=AXIS2_PLACEMENT_3D('',#6480,#5157,#5158);
#4312=AXIS2_PLACEMENT_3D('',#6481,#5159,#5160);
#4313=AXIS2_PLACEMENT_3D('',#6484,#5162,#5163);
#4314=AXIS2_PLACEMENT_3D('',#6485,#5164,#5165);
#4315=AXIS2_PLACEMENT_3D('',#6488,#5167,#5168);
#4316=AXIS2_PLACEMENT_3D('',#6489,#5169,#5170);
#4317=AXIS2_PLACEMENT_3D('',#6492,#5172,#5173);
#4318=AXIS2_PLACEMENT_3D('',#6493,#5174,#5175);
#4319=AXIS2_PLACEMENT_3D('',#6496,#5177,#5178);
#4320=AXIS2_PLACEMENT_3D('',#6500,#5181,#5182);
#4321=AXIS2_PLACEMENT_3D('',#6501,#5183,#5184);
#4322=AXIS2_PLACEMENT_3D('',#6504,#5186,#5187);
#4323=AXIS2_PLACEMENT_3D('',#6508,#5190,#5191);
#4324=AXIS2_PLACEMENT_3D('',#6509,#5192,#5193);
#4325=AXIS2_PLACEMENT_3D('',#6512,#5195,#5196);
#4326=AXIS2_PLACEMENT_3D('',#6514,#5198,#5199);
#4327=AXIS2_PLACEMENT_3D('',#6515,#5200,#5201);
#4328=AXIS2_PLACEMENT_3D('',#6523,#5203,#5204);
#4329=AXIS2_PLACEMENT_3D('',#6526,#5206,#5207);
#4330=AXIS2_PLACEMENT_3D('',#6527,#5208,#5209);
#4331=AXIS2_PLACEMENT_3D('',#6530,#5211,#5212);
#4332=AXIS2_PLACEMENT_3D('',#6531,#5213,#5214);
#4333=AXIS2_PLACEMENT_3D('',#6532,#5215,#5216);
#4334=AXIS2_PLACEMENT_3D('',#6535,#5218,#5219);
#4335=AXIS2_PLACEMENT_3D('',#6536,#5220,#5221);
#4336=AXIS2_PLACEMENT_3D('',#6539,#5223,#5224);
#4337=AXIS2_PLACEMENT_3D('',#6540,#5225,#5226);
#4338=AXIS2_PLACEMENT_3D('',#6543,#5228,#5229);
#4339=AXIS2_PLACEMENT_3D('',#6544,#5230,#5231);
#4340=AXIS2_PLACEMENT_3D('',#6547,#5233,#5234);
#4341=AXIS2_PLACEMENT_3D('',#6551,#5237,#5238);
#4342=AXIS2_PLACEMENT_3D('',#6552,#5239,#5240);
#4343=AXIS2_PLACEMENT_3D('',#6553,#5241,#5242);
#4344=AXIS2_PLACEMENT_3D('',#6554,#5243,#5244);
#4345=AXIS2_PLACEMENT_3D('',#6556,#5245,#5246);
#4346=AXIS2_PLACEMENT_3D('',#6566,#5249,#5250);
#4347=AXIS2_PLACEMENT_3D('',#6567,#5251,#5252);
#4348=AXIS2_PLACEMENT_3D('',#6571,#5254,#5255);
#4349=AXIS2_PLACEMENT_3D('',#6574,#5257,#5258);
#4350=AXIS2_PLACEMENT_3D('',#6580,#5259,#5260);
#4351=AXIS2_PLACEMENT_3D('',#6581,#5261,#5262);
#4352=AXIS2_PLACEMENT_3D('',#6583,#5263,#5264);
#4353=AXIS2_PLACEMENT_3D('',#6584,#5265,#5266);
#4354=AXIS2_PLACEMENT_3D('',#6586,#5267,#5268);
#4355=AXIS2_PLACEMENT_3D('',#6588,#5270,#5271);
#4356=AXIS2_PLACEMENT_3D('',#6590,#5273,#5274);
#4357=AXIS2_PLACEMENT_3D('',#6592,#5276,#5277);
#4358=AXIS2_PLACEMENT_3D('',#6594,#5279,#5280);
#4359=AXIS2_PLACEMENT_3D('',#6596,#5282,#5283);
#4360=AXIS2_PLACEMENT_3D('',#6597,#5284,#5285);
#4361=AXIS2_PLACEMENT_3D('',#6598,#5286,#5287);
#4362=AXIS2_PLACEMENT_3D('',#6600,#5288,#5289);
#4363=AXIS2_PLACEMENT_3D('',#6601,#5290,#5291);
#4364=AXIS2_PLACEMENT_3D('',#6603,#5292,#5293);
#4365=AXIS2_PLACEMENT_3D('',#6606,#5296,#5297);
#4366=AXIS2_PLACEMENT_3D('',#6608,#5299,#5300);
#4367=AXIS2_PLACEMENT_3D('',#6610,#5302,#5303);
#4368=AXIS2_PLACEMENT_3D('',#6612,#5305,#5306);
#4369=AXIS2_PLACEMENT_3D('',#6614,#5308,#5309);
#4370=AXIS2_PLACEMENT_3D('',#6616,#5311,#5312);
#4371=AXIS2_PLACEMENT_3D('',#6618,#5314,#5315);
#4372=AXIS2_PLACEMENT_3D('',#6620,#5317,#5318);
#4373=AXIS2_PLACEMENT_3D('',#6622,#5320,#5321);
#4374=AXIS2_PLACEMENT_3D('',#6623,#5322,#5323);
#4375=AXIS2_PLACEMENT_3D('',#6626,#5326,#5327);
#4376=AXIS2_PLACEMENT_3D('',#6628,#5329,#5330);
#4377=AXIS2_PLACEMENT_3D('',#6630,#5332,#5333);
#4378=AXIS2_PLACEMENT_3D('',#6632,#5335,#5336);
#4379=AXIS2_PLACEMENT_3D('',#6634,#5338,#5339);
#4380=AXIS2_PLACEMENT_3D('',#6635,#5340,#5341);
#4381=AXIS2_PLACEMENT_3D('',#6636,#5342,#5343);
#4382=AXIS2_PLACEMENT_3D('',#6638,#5344,#5345);
#4383=AXIS2_PLACEMENT_3D('',#6641,#5348,#5349);
#4384=AXIS2_PLACEMENT_3D('',#6643,#5351,#5352);
#4385=AXIS2_PLACEMENT_3D('',#6645,#5354,#5355);
#4386=AXIS2_PLACEMENT_3D('',#6647,#5357,#5358);
#4387=AXIS2_PLACEMENT_3D('',#6649,#5360,#5361);
#4388=AXIS2_PLACEMENT_3D('',#6651,#5363,#5364);
#4389=AXIS2_PLACEMENT_3D('',#6653,#5366,#5367);
#4390=AXIS2_PLACEMENT_3D('',#6655,#5369,#5370);
#4391=AXIS2_PLACEMENT_3D('',#6656,#5371,#5372);
#4392=AXIS2_PLACEMENT_3D('',#6659,#5375,#5376);
#4393=AXIS2_PLACEMENT_3D('',#6661,#5378,#5379);
#4394=AXIS2_PLACEMENT_3D('',#6663,#5381,#5382);
#4395=AXIS2_PLACEMENT_3D('',#6665,#5384,#5385);
#4396=AXIS2_PLACEMENT_3D('',#6667,#5387,#5388);
#4397=AXIS2_PLACEMENT_3D('',#6669,#5390,#5391);
#4398=AXIS2_PLACEMENT_3D('',#6671,#5393,#5394);
#4399=AXIS2_PLACEMENT_3D('',#6672,#5395,#5396);
#4400=AXIS2_PLACEMENT_3D('',#6673,#5397,#5398);
#4401=AXIS2_PLACEMENT_3D('',#6675,#5399,#5400);
#4402=AXIS2_PLACEMENT_3D('',#6678,#5402,#5403);
#4403=AXIS2_PLACEMENT_3D('',#6685,#5404,#5405);
#4404=AXIS2_PLACEMENT_3D('',#6686,#5406,#5407);
#4405=AXIS2_PLACEMENT_3D('',#6689,#5409,#5410);
#4406=AXIS2_PLACEMENT_3D('',#6690,#5411,#5412);
#4407=AXIS2_PLACEMENT_3D('',#6695,#5414,#5415);
#4408=AXIS2_PLACEMENT_3D('',#6699,#5417,#5418);
#4409=AXIS2_PLACEMENT_3D('',#6701,#5420,#5421);
#4410=AXIS2_PLACEMENT_3D('',#6709,#5423,#5424);
#4411=AXIS2_PLACEMENT_3D('',#6713,#5426,#5427);
#4412=AXIS2_PLACEMENT_3D('',#6720,#5428,#5429);
#4413=AXIS2_PLACEMENT_3D('',#6721,#5430,#5431);
#4414=AXIS2_PLACEMENT_3D('',#6722,#5432,#5433);
#4415=AXIS2_PLACEMENT_3D('',#6725,#5435,#5436);
#4416=AXIS2_PLACEMENT_3D('',#6726,#5437,#5438);
#4417=AXIS2_PLACEMENT_3D('',#6731,#5440,#5441);
#4418=AXIS2_PLACEMENT_3D('',#6735,#5444,#5445);
#4419=AXIS2_PLACEMENT_3D('',#6745,#5448,#5449);
#4420=AXIS2_PLACEMENT_3D('',#6749,#5451,#5452);
#4421=AXIS2_PLACEMENT_3D('',#6758,#5454,#5455);
#4422=AXIS2_PLACEMENT_3D('',#6759,#5456,#5457);
#4423=AXIS2_PLACEMENT_3D('',#6762,#5460,#5461);
#4424=AXIS2_PLACEMENT_3D('',#6772,#5464,#5465);
#4425=AXIS2_PLACEMENT_3D('',#6776,#5468,#5469);
#4426=AXIS2_PLACEMENT_3D('',#6777,#5470,#5471);
#4427=AXIS2_PLACEMENT_3D('',#6778,#5472,#5473);
#4428=AXIS2_PLACEMENT_3D('',#6780,#5474,#5475);
#4429=AXIS2_PLACEMENT_3D('',#6782,#5476,#5477);
#4430=AXIS2_PLACEMENT_3D('',#6783,#5478,#5479);
#4431=AXIS2_PLACEMENT_3D('',#6785,#5480,#5481);
#4432=AXIS2_PLACEMENT_3D('',#6786,#5482,#5483);
#4433=AXIS2_PLACEMENT_3D('',#6788,#5484,#5485);
#4434=AXIS2_PLACEMENT_3D('',#6790,#5486,#5487);
#4435=AXIS2_PLACEMENT_3D('',#6791,#5488,#5489);
#4436=AXIS2_PLACEMENT_3D('',#6793,#5490,#5491);
#4437=AXIS2_PLACEMENT_3D('',#6794,#5492,#5493);
#4438=AXIS2_PLACEMENT_3D('',#6796,#5494,#5495);
#4439=AXIS2_PLACEMENT_3D('',#6798,#5496,#5497);
#4440=AXIS2_PLACEMENT_3D('',#6799,#5498,#5499);
#4441=AXIS2_PLACEMENT_3D('',#6801,#5500,#5501);
#4442=AXIS2_PLACEMENT_3D('',#6802,#5502,#5503);
#4443=AXIS2_PLACEMENT_3D('',#6804,#5504,#5505);
#4444=AXIS2_PLACEMENT_3D('',#6806,#5506,#5507);
#4445=AXIS2_PLACEMENT_3D('',#6808,#5509,#5510);
#4446=AXIS2_PLACEMENT_3D('',#6809,#5511,#5512);
#4447=AXIS2_PLACEMENT_3D('',#6810,#5513,#5514);
#4448=AXIS2_PLACEMENT_3D('',#6812,#5515,#5516);
#4449=AXIS2_PLACEMENT_3D('',#6813,#5517,#5518);
#4450=AXIS2_PLACEMENT_3D('',#6815,#5519,#5520);
#4451=AXIS2_PLACEMENT_3D('',#6816,#5521,#5522);
#4452=AXIS2_PLACEMENT_3D('',#6817,#5523,#5524);
#4453=AXIS2_PLACEMENT_3D('',#6819,#5526,#5527);
#4454=AXIS2_PLACEMENT_3D('',#6821,#5529,#5530);
#4455=AXIS2_PLACEMENT_3D('',#6822,#5531,#5532);
#4456=AXIS2_PLACEMENT_3D('',#6823,#5533,#5534);
#4457=AXIS2_PLACEMENT_3D('',#6825,#5535,#5536);
#4458=AXIS2_PLACEMENT_3D('',#6826,#5537,#5538);
#4459=AXIS2_PLACEMENT_3D('',#6827,#5539,#5540);
#4460=AXIS2_PLACEMENT_3D('',#6828,#5541,#5542);
#4461=AXIS2_PLACEMENT_3D('',#6830,#5543,#5544);
#4462=AXIS2_PLACEMENT_3D('',#6831,#5545,#5546);
#4463=AXIS2_PLACEMENT_3D('',#6832,#5547,#5548);
#4464=AXIS2_PLACEMENT_3D('',#6835,#5550,#5551);
#4465=AXIS2_PLACEMENT_3D('',#6836,#5552,#5553);
#4466=AXIS2_PLACEMENT_3D('',#6839,#5555,#5556);
#4467=AXIS2_PLACEMENT_3D('',#6843,#5559,#5560);
#4468=AXIS2_PLACEMENT_3D('',#6844,#5561,#5562);
#4469=AXIS2_PLACEMENT_3D('',#6845,#5563,#5564);
#4470=AXIS2_PLACEMENT_3D('',#6849,#5567,#5568);
#4471=AXIS2_PLACEMENT_3D('',#6850,#5569,#5570);
#4472=AXIS2_PLACEMENT_3D('',#6853,#5572,#5573);
#4473=AXIS2_PLACEMENT_3D('',#6857,#5576,#5577);
#4474=AXIS2_PLACEMENT_3D('',#6858,#5578,#5579);
#4475=AXIS2_PLACEMENT_3D('',#6861,#5581,#5582);
#4476=AXIS2_PLACEMENT_3D('',#6865,#5585,#5586);
#4477=AXIS2_PLACEMENT_3D('',#6866,#5587,#5588);
#4478=AXIS2_PLACEMENT_3D('',#6869,#5590,#5591);
#4479=AXIS2_PLACEMENT_3D('',#6870,#5592,#5593);
#4480=AXIS2_PLACEMENT_3D('',#6873,#5595,#5596);
#4481=AXIS2_PLACEMENT_3D('',#6874,#5597,#5598);
#4482=AXIS2_PLACEMENT_3D('',#6877,#5600,#5601);
#4483=AXIS2_PLACEMENT_3D('',#6881,#5604,#5605);
#4484=AXIS2_PLACEMENT_3D('',#6882,#5606,#5607);
#4485=AXIS2_PLACEMENT_3D('',#6885,#5609,#5610);
#4486=AXIS2_PLACEMENT_3D('',#6889,#5613,#5614);
#4487=AXIS2_PLACEMENT_3D('',#6890,#5615,#5616);
#4488=AXIS2_PLACEMENT_3D('',#6893,#5618,#5619);
#4489=AXIS2_PLACEMENT_3D('',#6897,#5622,#5623);
#4490=AXIS2_PLACEMENT_3D('',#6898,#5624,#5625);
#4491=AXIS2_PLACEMENT_3D('',#6899,#5626,#5627);
#4492=AXIS2_PLACEMENT_3D('',#6900,#5628,#5629);
#4493=AXIS2_PLACEMENT_3D('',#6903,#5631,#5632);
#4494=AXIS2_PLACEMENT_3D('',#6905,#5634,#5635);
#4495=AXIS2_PLACEMENT_3D('',#6908,#5638,#5639);
#4496=AXIS2_PLACEMENT_3D('',#6911,#5642,#5643);
#4497=AXIS2_PLACEMENT_3D('',#6912,#5644,#5645);
#4498=AXIS2_PLACEMENT_3D('',#6915,#5648,#5649);
#4499=AXIS2_PLACEMENT_3D('',#6922,#5651,#5652);
#4500=AXIS2_PLACEMENT_3D('',#6929,#5654,#5655);
#4501=AXIS2_PLACEMENT_3D('',#6935,#5657,#5658);
#4502=AXIS2_PLACEMENT_3D('',#6937,#5660,#5661);
#4503=AXIS2_PLACEMENT_3D('',#6939,#5663,#5664);
#4504=AXIS2_PLACEMENT_3D('',#6946,#5666,#5667);
#4505=AXIS2_PLACEMENT_3D('',#6956,#5670,#5671);
#4506=AXIS2_PLACEMENT_3D('',#6959,#5673,#5674);
#4507=AXIS2_PLACEMENT_3D('',#6960,#5675,#5676);
#4508=AXIS2_PLACEMENT_3D('',#6963,#5678,#5679);
#4509=AXIS2_PLACEMENT_3D('',#6964,#5680,#5681);
#4510=AXIS2_PLACEMENT_3D('',#6965,#5682,#5683);
#4511=AXIS2_PLACEMENT_3D('',#6968,#5685,#5686);
#4512=AXIS2_PLACEMENT_3D('',#6976,#5689,#5690);
#4513=AXIS2_PLACEMENT_3D('',#6978,#5692,#5693);
#4514=AXIS2_PLACEMENT_3D('',#6981,#5696,#5697);
#4515=AXIS2_PLACEMENT_3D('',#6995,#5700,#5701);
#4516=AXIS2_PLACEMENT_3D('',#6996,#5702,#5703);
#4517=AXIS2_PLACEMENT_3D('',#6999,#5705,#5706);
#4518=AXIS2_PLACEMENT_3D('',#7014,#5709,#5710);
#4519=AXIS2_PLACEMENT_3D('',#7020,#5712,#5713);
#4520=AXIS2_PLACEMENT_3D('',#7022,#5715,#5716);
#4521=AXIS2_PLACEMENT_3D('',#7024,#5718,#5719);
#4522=AXIS2_PLACEMENT_3D('',#7026,#5721,#5722);
#4523=AXIS2_PLACEMENT_3D('',#7028,#5724,#5725);
#4524=AXIS2_PLACEMENT_3D('',#7030,#5727,#5728);
#4525=AXIS2_PLACEMENT_3D('',#7032,#5730,#5731);
#4526=AXIS2_PLACEMENT_3D('',#7033,#5732,#5733);
#4527=AXIS2_PLACEMENT_3D('',#7035,#5735,#5736);
#4528=AXIS2_PLACEMENT_3D('',#7037,#5738,#5739);
#4529=AXIS2_PLACEMENT_3D('',#7039,#5741,#5742);
#4530=AXIS2_PLACEMENT_3D('',#7041,#5744,#5745);
#4531=AXIS2_PLACEMENT_3D('',#7042,#5746,#5747);
#4532=AXIS2_PLACEMENT_3D('',#7043,#5748,#5749);
#4533=AXIS2_PLACEMENT_3D('',#7045,#5750,#5751);
#4534=AXIS2_PLACEMENT_3D('',#7046,#5752,#5753);
#4535=AXIS2_PLACEMENT_3D('',#7047,#5754,#5755);
#4536=AXIS2_PLACEMENT_3D('',#7049,#5756,#5757);
#4537=AXIS2_PLACEMENT_3D('',#7073,#5758,#5759);
#4538=AXIS2_PLACEMENT_3D('',#7074,#5760,#5761);
#4539=AXIS2_PLACEMENT_3D('',#7076,#5762,#5763);
#4540=AXIS2_PLACEMENT_3D('',#7077,#5764,#5765);
#4541=AXIS2_PLACEMENT_3D('',#7078,#5766,#5767);
#4542=AXIS2_PLACEMENT_3D('',#7080,#5768,#5769);
#4543=AXIS2_PLACEMENT_3D('',#7081,#5770,#5771);
#4544=AXIS2_PLACEMENT_3D('',#7082,#5772,#5773);
#4545=AXIS2_PLACEMENT_3D('',#7083,#5774,#5775);
#4546=AXIS2_PLACEMENT_3D('',#7085,#5776,#5777);
#4547=AXIS2_PLACEMENT_3D('',#7086,#5778,#5779);
#4548=AXIS2_PLACEMENT_3D('',#7087,#5780,#5781);
#4549=AXIS2_PLACEMENT_3D('',#7088,#5782,#5783);
#4550=AXIS2_PLACEMENT_3D('',#7089,#5784,#5785);
#4551=AXIS2_PLACEMENT_3D('',#7090,#5786,#5787);
#4552=AXIS2_PLACEMENT_3D('',#7091,#5788,#5789);
#4553=AXIS2_PLACEMENT_3D('',#7092,#5790,#5791);
#4554=AXIS2_PLACEMENT_3D('',#7094,#5792,#5793);
#4555=AXIS2_PLACEMENT_3D('',#7096,#5794,#5795);
#4556=AXIS2_PLACEMENT_3D('',#7097,#5796,#5797);
#4557=AXIS2_PLACEMENT_3D('',#7105,#5798,#5799);
#4558=AXIS2_PLACEMENT_3D('',#7106,#5800,#5801);
#4559=AXIS2_PLACEMENT_3D('',#7107,#5802,#5803);
#4560=AXIS2_PLACEMENT_3D('',#7108,#5804,#5805);
#4561=AXIS2_PLACEMENT_3D('',#7110,#5807,#5808);
#4562=AXIS2_PLACEMENT_3D('',#7111,#5809,#5810);
#4563=AXIS2_PLACEMENT_3D('',#7112,#5811,#5812);
#4564=AXIS2_PLACEMENT_3D('',#7113,#5813,#5814);
#4565=AXIS2_PLACEMENT_3D('',#7114,#5815,#5816);
#4566=AXIS2_PLACEMENT_3D('',#7116,#5818,#5819);
#4567=AXIS2_PLACEMENT_3D('',#7118,#5821,#5822);
#4568=AXIS2_PLACEMENT_3D('',#7119,#5823,#5824);
#4569=AXIS2_PLACEMENT_3D('',#7120,#5825,#5826);
#4570=AXIS2_PLACEMENT_3D('',#7121,#5827,#5828);
#4571=DIRECTION('',(0.,0.,1.));
#4572=DIRECTION('',(1.,0.,0.));
#4573=DIRECTION('',(1.47528498588854E-15,-1.,4.41425796803738E-15));
#4574=DIRECTION('',(-0.999999987663395,-1.4745915889147E-15,0.000157077084948649));
#4575=DIRECTION('',(-4.41192127782929E-20,-1.,-3.97046694025453E-22));
#4576=DIRECTION('',(4.41192127782929E-20,1.,3.97046694025453E-22));
#4577=DIRECTION('',(-1.,4.41192127782929E-20,0.));
#4578=DIRECTION('',(-4.41192127782929E-20,-1.,-3.97046694025453E-22));
#4579=DIRECTION('',(1.47528498588854E-15,-1.,4.41425796803738E-15));
#4580=DIRECTION('',(0.,-4.41425796803738E-15,-1.));
#4581=DIRECTION('',(0.816405880887027,1.27449649367138E-6,-0.577478517047564));
#4582=DIRECTION('',(-0.57747851704894,2.12398858701512E-6,-0.816405880884285));
#4583=DIRECTION('',(0.577478517048033,-2.58020488245246E-20,0.81640588088769));
#4584=DIRECTION('',(4.41192127781855E-20,0.999999999997565,2.20700243566522E-6));
#4585=DIRECTION('',(-0.577478517048097,0.,-0.816405880887645));
#4586=DIRECTION('',(1.86051346898885E-7,0.999999999996932,2.47003111821829E-6));
#4587=DIRECTION('',(0.577478517048017,0.,0.816405880887701));
#4588=DIRECTION('',(-1.56110645881811E-6,0.999999999998782,1.85288457211652E-22));
#4589=DIRECTION('',(-2.77685358703585E-17,-1.,-1.85288457211878E-22));
#4590=DIRECTION('',(1.,-2.77685358703589E-17,2.5467847705915E-9));
#4591=DIRECTION('',(1.,-2.77685358703589E-17,2.5467847705915E-9));
#4592=DIRECTION('',(-1.5842389787505E-14,1.,5.23081024913158E-13));
#4593=DIRECTION('',(0.,-5.23081024913158E-13,1.));
#4594=DIRECTION('',(-2.77685358703585E-17,-1.,-1.85288457211878E-22));
#4595=DIRECTION('',(1.,-2.77685358703585E-17,0.));
#4596=DIRECTION('',(-2.77685358703585E-17,-1.,-1.85288457211878E-22));
#4597=DIRECTION('',(1.,-2.77685358703585E-17,0.));
#4598=DIRECTION('',(1.07752576599712E-5,-1.13924671642144E-22,-0.999999999941947));
#4599=DIRECTION('',(-2.77685358703585E-17,-1.,-1.85288457211878E-22));
#4600=DIRECTION('',(1.,-2.77685358703585E-17,0.));
#4601=DIRECTION('',(1.,-2.77685358703585E-17,-2.42990901476058E-17));
#4602=DIRECTION('',(-2.77685358703585E-17,-1.,-1.85288457211878E-22));
#4603=DIRECTION('',(1.,-2.77685358703585E-17,0.));
#4604=DIRECTION('',(-1.5842389787505E-14,1.,5.23081024913158E-13));
#4605=DIRECTION('',(0.,-5.23081024913158E-13,1.));
#4606=DIRECTION('',(1.5842389787505E-14,-1.,-5.23081024913158E-13));
#4607=DIRECTION('',(0.,5.23081024913158E-13,-1.));
#4608=DIRECTION('',(-2.5467847705915E-9,-1.85217736727622E-22,1.));
#4609=DIRECTION('',(1.58423897887236E-14,-1.,-5.23081024860216E-13));
#4610=DIRECTION('',(0.,5.23081024860216E-13,-1.));
#4611=DIRECTION('',(0.707106417550158,-1.96354409386942E-17,0.707107144822751));
#4612=DIRECTION('',(-2.77685358703585E-17,-1.,-1.85288457211878E-22));
#4613=DIRECTION('',(1.,-2.77685358703585E-17,0.));
#4614=DIRECTION('',(-1.,2.77685358703585E-17,-2.42990038394634E-17));
#4615=DIRECTION('',(-2.77685358703585E-17,-1.,-1.85288457211878E-22));
#4616=DIRECTION('',(1.,-2.77685358703585E-17,0.));
#4617=DIRECTION('',(1.07752576599712E-5,-1.13924671642144E-22,-0.999999999941947));
#4618=DIRECTION('',(-2.77685358703585E-17,-1.,-1.85288457211878E-22));
#4619=DIRECTION('',(1.,-2.77685358703585E-17,0.));
#4620=DIRECTION('',(3.03810759859665E-16,-1.85288457220315E-22,1.));
#4621=DIRECTION('',(-2.77685358703585E-17,-1.,-1.85288457211878E-22));
#4622=DIRECTION('',(1.,-2.77685358703585E-17,0.));
#4623=DIRECTION('',(-2.77685358703585E-17,-1.,-1.85288457211878E-22));
#4624=DIRECTION('',(1.,-2.77685358703585E-17,0.));
#4625=DIRECTION('',(-2.77685358703585E-17,-1.,-1.85288457211878E-22));
#4626=DIRECTION('',(1.,-2.77685358703585E-17,0.));
#4627=DIRECTION('',(-2.77685358703585E-17,-1.,-1.85288457211878E-22));
#4628=DIRECTION('',(1.,-2.77685358703585E-17,0.));
#4629=DIRECTION('',(-2.77685358703585E-17,-1.,-1.85288457211878E-22));
#4630=DIRECTION('',(1.,-2.77685358703585E-17,0.));
#4631=DIRECTION('',(0.727393654257111,-2.01985296313858E-17,-0.686220425043212));
#4632=DIRECTION('',(-2.77685358703585E-17,-1.,-1.85288457211878E-22));
#4633=DIRECTION('',(1.,-2.77685358703585E-17,0.));
#4634=DIRECTION('',(-2.77685358703585E-17,-1.,-1.85288457211878E-22));
#4635=DIRECTION('',(1.,-2.77685358703585E-17,0.));
#4636=DIRECTION('',(-2.77685358703585E-17,-1.,-1.85288457211878E-22));
#4637=DIRECTION('',(1.,-2.77685358703585E-17,0.));
#4638=DIRECTION('',(-2.77685358703585E-17,-1.,-1.85288457211878E-22));
#4639=DIRECTION('',(1.,-2.77685358703585E-17,0.));
#4640=DIRECTION('',(-2.77685358703585E-17,-1.,-1.85288457211878E-22));
#4641=DIRECTION('',(1.,-2.77685358703585E-17,0.));
#4642=DIRECTION('',(-2.77685358703585E-17,-1.,-1.85288457211878E-22));
#4643=DIRECTION('',(1.,-2.77685358703585E-17,0.));
#4644=DIRECTION('',(1.,-2.77685358703585E-17,-2.13389747768569E-16));
#4645=DIRECTION('',(-2.77685358703585E-17,-1.,-1.85288457211878E-22));
#4646=DIRECTION('',(1.,-2.77685358703585E-17,0.));
#4647=DIRECTION('',(3.03810759856669E-16,-1.85288457220315E-22,1.));
#4648=DIRECTION('',(-2.77685358703585E-17,-1.,-1.85288457211878E-22));
#4649=DIRECTION('',(1.,-2.77685358703585E-17,0.));
#4650=DIRECTION('',(-1.,2.77685358703585E-17,-2.42990032545749E-17));
#4651=DIRECTION('',(-2.77685358703585E-17,-1.,-1.85288457211878E-22));
#4652=DIRECTION('',(1.,-2.77685358703585E-17,0.));
#4653=DIRECTION('',(-2.77685358703585E-17,-1.,-1.85288457211878E-22));
#4654=DIRECTION('',(1.,-2.77685358703585E-17,0.));
#4655=DIRECTION('',(-2.77685358703585E-17,-1.,-1.85288457211878E-22));
#4656=DIRECTION('',(1.,-2.77685358703585E-17,0.));
#4657=DIRECTION('',(-2.77685358703585E-17,-1.,-1.85288457211878E-22));
#4658=DIRECTION('',(1.,-2.77685358703585E-17,0.));
#4659=DIRECTION('',(-2.77685358703585E-17,-1.,-1.85288457211878E-22));
#4660=DIRECTION('',(1.,-2.77685358703585E-17,0.));
#4661=DIRECTION('',(-2.77685358703585E-17,-1.,-1.85288457211878E-22));
#4662=DIRECTION('',(1.,-2.77685358703585E-17,0.));
#4663=DIRECTION('',(-2.77685358703585E-17,-1.,-1.85288457211878E-22));
#4664=DIRECTION('',(1.,-2.77685358703585E-17,0.));
#4665=DIRECTION('',(1.,-2.77685358703585E-17,-2.42990102735746E-17));
#4666=DIRECTION('',(-2.77685358703585E-17,-1.,-1.85288457211878E-22));
#4667=DIRECTION('',(1.,-2.77685358703585E-17,0.));
#4668=DIRECTION('',(-2.77685358703585E-17,-1.,-1.85288457211878E-22));
#4669=DIRECTION('',(1.,-2.77685358703585E-17,0.));
#4670=DIRECTION('',(0.,1.,0.));
#4671=DIRECTION('',(0.,0.,1.));
#4672=DIRECTION('',(8.17478086909247E-42,1.85288457211878E-22,-1.));
#4673=DIRECTION('',(8.17478086909247E-42,1.85288457211878E-22,-1.));
#4674=DIRECTION('',(-0.577222007083263,0.,0.81658726082322));
#4675=DIRECTION('',(0.000157079632192741,0.,0.999999987662995));
#4676=DIRECTION('',(-1.,0.,-2.92631324400356E-9));
#4677=DIRECTION('',(0.000157079633055777,0.,0.999999987662994));
#4678=DIRECTION('',(-1.,-4.13590306276514E-24,-2.9263132717721E-9));
#4679=DIRECTION('',(0.,-1.,0.));
#4680=DIRECTION('',(0.,0.,-1.));
#4681=DIRECTION('',(-0.972852180103343,6.10622663543836E-16,0.231427387463481));
#4682=DIRECTION('',(-2.77685358703585E-17,-1.,-1.85288457211878E-22));
#4683=DIRECTION('',(1.,-2.77685358703585E-17,0.));
#4684=DIRECTION('',(0.,1.,0.));
#4685=DIRECTION('',(0.,0.,1.));
#4686=DIRECTION('',(-2.77685358703585E-17,-1.,-1.85288457211878E-22));
#4687=DIRECTION('',(1.,-2.77685358703585E-17,0.));
#4688=DIRECTION('',(0.,1.,0.));
#4689=DIRECTION('',(0.,0.,1.));
#4690=DIRECTION('',(0.,-1.,0.));
#4691=DIRECTION('',(0.,0.,-1.));
#4692=DIRECTION('',(0.,1.,0.));
#4693=DIRECTION('',(0.,0.,1.));
#4694=DIRECTION('',(1.87769999049528E-22,3.05628531213795E-37,1.));
#4695=DIRECTION('',(-2.77685358703585E-17,-1.,-1.85288457211878E-22));
#4696=DIRECTION('',(1.,-2.77685358703585E-17,0.));
#4697=DIRECTION('',(0.,1.,0.));
#4698=DIRECTION('',(0.,0.,1.));
#4699=DIRECTION('',(0.,1.,0.));
#4700=DIRECTION('',(0.,0.,1.));
#4701=DIRECTION('',(0.739579069826761,3.05311331771918E-16,0.673069683966069));
#4702=DIRECTION('',(0.,1.,0.));
#4703=DIRECTION('',(0.,0.,1.));
#4704=DIRECTION('',(0.,-1.,0.));
#4705=DIRECTION('',(0.,0.,-1.));
#4706=DIRECTION('',(0.,1.,0.));
#4707=DIRECTION('',(0.,0.,1.));
#4708=DIRECTION('',(1.85288457211861E-22,8.22846045575601E-37,1.));
#4709=DIRECTION('',(1.,3.6977854932235E-32,-2.77685358786783E-17));
#4710=DIRECTION('',(1.85288457211871E-22,1.99834039639789E-37,-1.));
#4711=DIRECTION('',(0.,1.,0.));
#4712=DIRECTION('',(0.,0.,1.));
#4713=DIRECTION('',(0.866028929583245,5.82867087928207E-16,-0.499993893087605));
#4714=DIRECTION('',(0.,1.,0.));
#4715=DIRECTION('',(0.,0.,1.));
#4716=DIRECTION('',(0.,-1.,0.));
#4717=DIRECTION('',(0.,0.,-1.));
#4718=DIRECTION('',(0.,1.,0.));
#4719=DIRECTION('',(0.,0.,1.));
#4720=DIRECTION('',(0.707106781186548,-6.38378239159465E-16,-0.707106781186547));
#4721=DIRECTION('',(0.,-1.,0.));
#4722=DIRECTION('',(0.,0.,-1.));
#4723=DIRECTION('',(-2.77685358703585E-17,-1.,-1.85288457211878E-22));
#4724=DIRECTION('',(1.,-2.77685358703585E-17,0.));
#4725=DIRECTION('',(1.83220505680492E-22,-8.22846045575601E-37,-1.));
#4726=DIRECTION('',(2.77685358703585E-17,1.,1.85288457211878E-22));
#4727=DIRECTION('',(-1.,2.77685358703585E-17,0.));
#4728=DIRECTION('',(-1.48623985786751E-15,-1.,-1.50646691670507E-15));
#4729=DIRECTION('',(0.,1.50646691670507E-15,-1.));
#4730=DIRECTION('',(2.77685358703585E-17,1.,1.85288457211878E-22));
#4731=DIRECTION('',(-1.,2.77685358703585E-17,0.));
#4732=DIRECTION('',(-0.972852178748881,-5.41233724504764E-16,-0.231427393157238));
#4733=DIRECTION('',(0.,-1.,0.));
#4734=DIRECTION('',(0.,0.,-1.));
#4735=DIRECTION('',(-1.,-4.13590306276514E-24,-2.9263132717721E-9));
#4736=DIRECTION('',(-0.000157079632185123,0.,-0.999999987662994));
#4737=DIRECTION('',(8.17478086909247E-42,1.85288457211878E-22,-1.));
#4738=DIRECTION('',(-7.40649910192487E-15,-1.,4.41565311071085E-15));
#4739=DIRECTION('',(1.,-7.40649910192487E-15,0.));
#4740=DIRECTION('',(8.17478086909247E-42,1.85288457211878E-22,-1.));
#4741=DIRECTION('',(-1.,2.77685358703585E-17,5.14518917045142E-39));
#4742=DIRECTION('',(0.000157079632176558,0.,0.999999987662995));
#4743=DIRECTION('',(-1.,0.,-2.92631324400356E-9));
#4744=DIRECTION('',(0.000157079630557786,0.,0.999999987662995));
#4745=DIRECTION('',(-1.,-4.13590306276514E-24,-2.9263132717721E-9));
#4746=DIRECTION('',(-0.000157079632158582,0.,-0.999999987662994));
#4747=DIRECTION('',(-1.,2.77685358703585E-17,5.14518917045142E-39));
#4748=DIRECTION('',(3.46944322149217E-18,1.,-5.55111777010374E-17));
#4749=DIRECTION('',(0.,5.55111777010374E-17,1.));
#4750=DIRECTION('',(3.46944322149217E-18,1.,-5.55111777010374E-17));
#4751=DIRECTION('',(0.,5.55111777010374E-17,1.));
#4752=DIRECTION('',(3.46944322149217E-18,1.,-5.55111777010374E-17));
#4753=DIRECTION('',(0.,5.55111777010374E-17,1.));
#4754=DIRECTION('',(-1.98324182425725E-16,1.,2.51713125042695E-16));
#4755=DIRECTION('',(0.,-2.51713125042695E-16,1.));
#4756=DIRECTION('',(0.,5.55111777010374E-17,1.));
#4757=DIRECTION('',(-1.58423897871041E-14,1.,1.49456508206265E-14));
#4758=DIRECTION('',(-1.,-1.58423897871041E-14,0.));
#4759=DIRECTION('',(0.727393654257133,0.,-0.686220425043189));
#4760=DIRECTION('',(-1.1107753191179E-26,1.,1.32348898008484E-22));
#4761=DIRECTION('',(0.,-1.32348898008484E-22,1.));
#4762=DIRECTION('',(1.11077531911908E-26,-1.,-1.32348898008484E-22));
#4763=DIRECTION('',(0.,1.32348898008484E-22,-1.));
#4764=DIRECTION('',(-1.5842389787505E-14,1.,5.23081024913158E-13));
#4765=DIRECTION('',(0.,-5.23081024913158E-13,1.));
#4766=DIRECTION('',(-1.5842389787505E-14,1.,5.23081024913158E-13));
#4767=DIRECTION('',(0.,-5.23081024913158E-13,1.));
#4768=DIRECTION('',(-1.5842389787505E-14,1.,5.23081024913158E-13));
#4769=DIRECTION('',(0.,-5.23081024913158E-13,1.));
#4770=DIRECTION('',(1.11077531911908E-26,-1.,-1.32348898008484E-22));
#4771=DIRECTION('',(0.,1.32348898008484E-22,-1.));
#4772=DIRECTION('',(1.11077531911849E-26,-1.,-1.32348898008484E-22));
#4773=DIRECTION('',(0.,1.32348898008484E-22,-1.));
#4774=DIRECTION('',(-8.89917073258856E-13,1.,5.23081024913158E-13));
#4775=DIRECTION('',(-1.,-8.89917073258856E-13,0.));
#4776=DIRECTION('',(1.,-3.46944322149217E-18,1.92592879191911E-34));
#4777=DIRECTION('',(1.5842389787505E-14,-1.,-5.23081024913158E-13));
#4778=DIRECTION('',(0.,5.23081024913158E-13,-1.));
#4779=DIRECTION('',(-1.5842389787505E-14,1.,5.23081024913158E-13));
#4780=DIRECTION('',(0.,-5.23081024913158E-13,1.));
#4781=DIRECTION('',(1.5842389787505E-14,-1.,-5.23081024913158E-13));
#4782=DIRECTION('',(0.,5.23081024913158E-13,-1.));
#4783=DIRECTION('',(6.47310730651679E-14,-1.,5.55110188823598E-17));
#4784=DIRECTION('',(1.,6.47310730651679E-14,0.));
#4785=DIRECTION('',(-3.1671785506707E-14,1.,7.80613698316763E-14));
#4786=DIRECTION('',(0.,-7.80613698316763E-14,1.));
#4787=DIRECTION('',(-1.5842389787505E-14,1.,5.23081024913158E-13));
#4788=DIRECTION('',(0.,-5.23081024913158E-13,1.));
#4789=DIRECTION('',(1.5842389787505E-14,-1.,-5.23081024913158E-13));
#4790=DIRECTION('',(0.,5.23081024913158E-13,-1.));
#4791=DIRECTION('',(0.707106417550178,0.,0.70710714482273));
#4792=DIRECTION('',(1.5842389787505E-14,-1.,-5.23081024913158E-13));
#4793=DIRECTION('',(0.,5.23081024913158E-13,-1.));
#4794=DIRECTION('',(1.07752577213793E-5,0.,-0.999999999941947));
#4795=DIRECTION('',(1.5842389787505E-14,-1.,-5.23081024913158E-13));
#4796=DIRECTION('',(0.,5.23081024913158E-13,-1.));
#4797=DIRECTION('',(1.,-3.46944322149217E-18,1.92592879191911E-34));
#4798=DIRECTION('',(1.,-3.46944322149217E-18,1.92592879191911E-34));
#4799=DIRECTION('',(1.5842389787505E-14,-1.,-5.23081024913158E-13));
#4800=DIRECTION('',(0.,5.23081024913158E-13,-1.));
#4801=DIRECTION('',(0.,5.55111777010374E-17,1.));
#4802=DIRECTION('',(-1.5842389787505E-14,1.,5.23081024913158E-13));
#4803=DIRECTION('',(0.,-5.23081024913158E-13,1.));
#4804=DIRECTION('',(1.,-3.46944322149217E-18,1.92592879191911E-34));
#4805=DIRECTION('',(1.5842389787505E-14,-1.,-5.23081024913158E-13));
#4806=DIRECTION('',(0.,5.23081024913158E-13,-1.));
#4807=DIRECTION('',(-1.5842389787505E-14,1.,5.23081024913158E-13));
#4808=DIRECTION('',(0.,-5.23081024913158E-13,1.));
#4809=DIRECTION('',(1.5842389787505E-14,-1.,-5.23081024913158E-13));
#4810=DIRECTION('',(0.,5.23081024913158E-13,-1.));
#4811=DIRECTION('',(-1.5842389787505E-14,1.,5.23081024913158E-13));
#4812=DIRECTION('',(0.,-5.23081024913158E-13,1.));
#4813=DIRECTION('',(1.5842389787505E-14,-1.,-5.23081024913158E-13));
#4814=DIRECTION('',(0.,5.23081024913158E-13,-1.));
#4815=DIRECTION('',(-1.5842389787505E-14,1.,5.23081024913158E-13));
#4816=DIRECTION('',(0.,-5.23081024913158E-13,1.));
#4817=DIRECTION('',(1.11077531911908E-26,-1.,-1.32348898008484E-22));
#4818=DIRECTION('',(0.,1.32348898008484E-22,-1.));
#4819=DIRECTION('',(0.,5.55111777010374E-17,1.));
#4820=DIRECTION('',(1.5842389787505E-14,-1.,-5.23081024913158E-13));
#4821=DIRECTION('',(0.,5.23081024913158E-13,-1.));
#4822=DIRECTION('',(-1.5842389787505E-14,1.,5.23081024913158E-13));
#4823=DIRECTION('',(0.,-5.23081024913158E-13,1.));
#4824=DIRECTION('',(1.5842389787505E-14,-1.,-5.23081024913158E-13));
#4825=DIRECTION('',(0.,5.23081024913158E-13,-1.));
#4826=DIRECTION('',(1.,-3.46944322149217E-18,1.92592879191911E-34));
#4827=DIRECTION('',(-1.5842389787505E-14,1.,5.23081024913158E-13));
#4828=DIRECTION('',(0.,-5.23081024913158E-13,1.));
#4829=DIRECTION('',(1.07752576954693E-5,0.,-0.999999999941947));
#4830=DIRECTION('',(1.5842389787505E-14,-1.,-5.23081024913158E-13));
#4831=DIRECTION('',(0.,5.23081024913158E-13,-1.));
#4832=DIRECTION('',(-1.5842389787505E-14,1.,5.23081024913158E-13));
#4833=DIRECTION('',(0.,-5.23081024913158E-13,1.));
#4834=DIRECTION('',(-1.5842389787505E-14,1.,5.23081024913158E-13));
#4835=DIRECTION('',(0.,-5.23081024913158E-13,1.));
#4836=DIRECTION('',(1.,-3.46944322149217E-18,1.92592879191911E-34));
#4837=DIRECTION('',(1.58423897887236E-14,-1.,-5.23081024860216E-13));
#4838=DIRECTION('',(0.,5.23081024860216E-13,-1.));
#4839=DIRECTION('',(-1.2978460660659E-15,-1.,1.06867709088374E-15));
#4840=DIRECTION('',(1.,-1.2978460660659E-15,0.));
#4841=DIRECTION('',(-1.2978460660659E-15,-1.,1.06867709088374E-15));
#4842=DIRECTION('',(1.,-1.2978460660659E-15,0.));
#4843=DIRECTION('',(3.0180010570437E-16,-1.,-4.6931686857417E-16));
#4844=DIRECTION('',(0.,4.6931686857417E-16,-1.));
#4845=DIRECTION('',(-1.,3.46944322149217E-18,6.42847781894492E-40));
#4846=DIRECTION('',(0.000157079632179432,0.,0.999999987662994));
#4847=DIRECTION('',(-1.,0.,-2.92631324400356E-9));
#4848=DIRECTION('',(-5.98364045925238E-15,-1.,-1.23389124709789E-22));
#4849=DIRECTION('',(1.,-5.98364045925238E-15,0.));
#4850=DIRECTION('',(-0.972852178748881,2.70147261892468E-17,-0.231427393157238));
#4851=DIRECTION('',(3.46944725516857E-18,1.,-1.42259564656186E-15));
#4852=DIRECTION('',(0.,1.42259564656186E-15,1.));
#4853=DIRECTION('',(0.,5.55111777010374E-17,1.));
#4854=DIRECTION('',(3.46944773354516E-18,1.,-1.59013702446424E-14));
#4855=DIRECTION('',(0.,1.59013702446424E-14,1.));
#4856=DIRECTION('',(0.707106781186548,-4.17055200426376E-17,-0.707106781186547));
#4857=DIRECTION('',(1.11077531911849E-26,-1.,-1.32348898008484E-22));
#4858=DIRECTION('',(0.,1.32348898008484E-22,-1.));
#4859=DIRECTION('',(1.11077531912025E-26,-1.,-1.32348898008484E-22));
#4860=DIRECTION('',(0.,1.32348898008484E-22,-1.));
#4861=DIRECTION('',(1.11077531911966E-26,-1.,-1.32348898008484E-22));
#4862=DIRECTION('',(0.,1.32348898008484E-22,-1.));
#4863=DIRECTION('',(0.866028929583245,5.29395592033938E-23,-0.499993893087605));
#4864=DIRECTION('',(-1.58973441533878E-14,1.,9.1781865794137E-15));
#4865=DIRECTION('',(-1.,-1.58973441533878E-14,0.));
#4866=DIRECTION('',(8.3207024721808E-27,-5.23402047027309E-13,1.));
#4867=DIRECTION('',(1.58973441533878E-14,-1.,-5.23402047027309E-13));
#4868=DIRECTION('',(0.,5.23402047027309E-13,-1.));
#4869=DIRECTION('',(1.,-3.46944322149217E-18,1.92592879191911E-34));
#4870=DIRECTION('',(1.58973441533878E-14,-1.,-5.23402047027309E-13));
#4871=DIRECTION('',(0.,5.23402047027309E-13,-1.));
#4872=DIRECTION('',(0.,5.55111777010374E-17,1.));
#4873=DIRECTION('',(-1.58423897875051E-14,1.,5.23081024913158E-13));
#4874=DIRECTION('',(0.,-5.23081024913158E-13,1.));
#4875=DIRECTION('',(-1.5842389787505E-14,1.,5.23081024913158E-13));
#4876=DIRECTION('',(0.,-5.23081024913158E-13,1.));
#4877=DIRECTION('',(-1.58423897875051E-14,1.,5.23081024913158E-13));
#4878=DIRECTION('',(0.,-5.23081024913158E-13,1.));
#4879=DIRECTION('',(-0.739579069826803,0.,-0.673069683966022));
#4880=DIRECTION('',(-5.9448311523424E-14,1.,4.9050303524211E-13));
#4881=DIRECTION('',(0.,-4.9050303524211E-13,1.));
#4882=DIRECTION('',(-1.5842389787505E-14,1.,5.23081024913158E-13));
#4883=DIRECTION('',(0.,-5.23081024913158E-13,1.));
#4884=DIRECTION('',(-1.5842389787505E-14,1.,5.23081024913158E-13));
#4885=DIRECTION('',(0.,-5.23081024913158E-13,1.));
#4886=DIRECTION('',(0.,5.55111777010374E-17,1.));
#4887=DIRECTION('',(-1.11077531911908E-26,1.,1.32348898008484E-22));
#4888=DIRECTION('',(0.,-1.32348898008484E-22,1.));
#4889=DIRECTION('',(1.11077531911908E-26,-1.,-1.32348898008484E-22));
#4890=DIRECTION('',(0.,1.32348898008484E-22,-1.));
#4891=DIRECTION('',(1.11077531911908E-26,-1.,-1.32348898008484E-22));
#4892=DIRECTION('',(0.,1.32348898008484E-22,-1.));
#4893=DIRECTION('',(0.,5.55111777010374E-17,1.));
#4894=DIRECTION('',(1.71512808600107E-15,1.,-1.01541685030047E-15));
#4895=DIRECTION('',(-1.,1.71512808600107E-15,0.));
#4896=DIRECTION('',(1.71512807938362E-15,1.,-1.01541685030047E-15));
#4897=DIRECTION('',(-1.,1.71512807938362E-15,0.));
#4898=DIRECTION('',(1.71512809923596E-15,1.,-1.01541687677025E-15));
#4899=DIRECTION('',(-1.,1.71512809923596E-15,0.));
#4900=DIRECTION('',(0.972852180103367,0.,-0.231427387463382));
#4901=DIRECTION('',(-2.5533842636519E-15,1.,9.84071162649555E-23));
#4902=DIRECTION('',(-1.,-2.5533842636519E-15,0.));
#4903=DIRECTION('',(-1.,0.,-2.92631324400356E-9));
#4904=DIRECTION('',(-0.000157079632214691,0.,-0.999999987662994));
#4905=DIRECTION('',(0.577222007083259,0.,-0.816587260823223));
#4906=DIRECTION('',(-1.,3.46944322149217E-18,6.42847781894492E-40));
#4907=DIRECTION('',(0.000157079632094072,0.,0.999999987662994));
#4908=DIRECTION('',(-1.,0.,-2.92631324400356E-9));
#4909=DIRECTION('',(-0.00015707963213026,0.,-0.999999987662994));
#4910=DIRECTION('',(0.999999987662977,-1.85663353024714E-7,-0.000157079632138597));
#4911=DIRECTION('',(-0.000157079631679521,2.47006031262259E-6,-0.999999987659944));
#4912=DIRECTION('',(1.85663355315244E-7,0.999999999999983,1.85288457211875E-22));
#4913=DIRECTION('',(0.000111203357585553,0.707106776814287,0.707106776814594));
#4914=DIRECTION('',(-3.09835466457205E-31,1.,1.05879118406788E-22));
#4915=DIRECTION('',(4.41192127782929E-20,1.,3.97046694025453E-22));
#4916=DIRECTION('',(-0.999999987663395,4.41191498670743E-20,0.000157077084948649));
#4917=DIRECTION('',(4.41192127782929E-20,1.,3.97046694025453E-22));
#4918=DIRECTION('',(-1.,4.41192127782929E-20,0.));
#4919=DIRECTION('',(1.75173875766267E-41,3.97046694025453E-22,-1.));
#4920=DIRECTION('',(-1.,4.41192127782929E-20,8.17478086909247E-42));
#4921=DIRECTION('',(0.577222007083237,-2.51423572785255E-20,-0.816587260823239));
#4922=DIRECTION('',(1.75173875766267E-41,3.97046694025453E-22,-1.));
#4923=DIRECTION('',(-0.816587260822222,1.57768347956816E-6,-0.577222007082518));
#4924=DIRECTION('',(-0.577222007084644,-1.90960301286827E-6,0.816587260820011));
#4925=DIRECTION('',(4.41192127781281E-20,0.999999999996265,2.73323515078089E-6));
#4926=DIRECTION('',(-1.93204517784988E-6,-0.999999999998134,-1.85288457211532E-22));
#4927=DIRECTION('',(1.86051347202902E-7,0.999999999996932,2.47003111815659E-6));
#4928=DIRECTION('',(-7.40649910192487E-15,-1.,4.41565311071085E-15));
#4929=DIRECTION('',(-0.999999987663395,7.40719260847259E-15,0.000157077084948649));
#4930=DIRECTION('',(4.41192127782929E-20,1.,3.97046694025453E-22));
#4931=DIRECTION('',(-1.,4.41192127782929E-20,0.));
#4932=DIRECTION('',(-4.41192127782929E-20,-1.,-3.97046694025453E-22));
#4933=DIRECTION('',(-4.41192127782929E-20,-1.,-3.97046694025453E-22));
#4934=DIRECTION('',(4.41192127782929E-20,1.,3.97046694025453E-22));
#4935=DIRECTION('',(-0.999999987663395,4.41191498670743E-20,0.000157077084948649));
#4936=DIRECTION('',(4.41192127782929E-20,1.,3.97046694025453E-22));
#4937=DIRECTION('',(-1.,4.41192127782929E-20,0.));
#4938=DIRECTION('',(1.75173875766267E-41,3.97046694025453E-22,-1.));
#4939=DIRECTION('',(-1.,4.41192127782929E-20,8.17478086909247E-42));
#4940=DIRECTION('',(1.75173875766267E-41,3.97046694025453E-22,-1.));
#4941=DIRECTION('',(-0.999999987662977,1.85663353024714E-7,0.000157079632138597));
#4942=DIRECTION('',(0.000157079631679521,-2.47006031262259E-6,0.999999987659944));
#4943=DIRECTION('',(-1.85663355315244E-7,-0.999999999999983,-1.85288457211875E-22));
#4944=DIRECTION('',(-3.09835466457205E-31,1.,1.05879118406788E-22));
#4945=DIRECTION('',(-0.999999987662977,1.85663353024714E-7,0.000157079632138597));
#4946=DIRECTION('',(0.000157079631679521,-2.47006031262259E-6,0.999999987659944));
#4947=DIRECTION('',(-3.09835466457205E-31,1.,1.05879118406788E-22));
#4948=DIRECTION('',(-0.000111203357683505,-0.707106776814293,-0.707106776814587));
#4949=DIRECTION('',(2.92631324400356E-9,1.05879118406788E-22,-1.));
#4950=DIRECTION('',(-1.,0.,-2.92631324400356E-9));
#4951=DIRECTION('',(-1.,-4.13590306276514E-24,-2.9263132717721E-9));
#4952=DIRECTION('',(-0.999999987662977,1.85663353024714E-7,0.000157079632138597));
#4953=DIRECTION('',(0.000157079631679521,-2.47006031262259E-6,0.999999987659944));
#4954=DIRECTION('',(-3.09835466457205E-31,1.,1.05879118406788E-22));
#4955=DIRECTION('',(-0.000111203357683502,-0.707106776814269,-0.707106776814612));
#4956=DIRECTION('',(2.92631324400356E-9,1.05879118406788E-22,-1.));
#4957=DIRECTION('',(-1.,0.,-2.92631324400356E-9));
#4958=DIRECTION('',(-3.09835466457205E-31,1.,1.05879118406788E-22));
#4959=DIRECTION('',(-2.5533842636519E-15,1.,9.84071162649555E-23));
#4960=DIRECTION('',(-1.,-4.13590306276514E-24,-2.9263132717721E-9));
#4961=DIRECTION('',(2.92631324400356E-9,1.05879118406788E-22,-1.));
#4962=DIRECTION('',(-1.,0.,-2.92631324400356E-9));
#4963=DIRECTION('',(-3.09835466457205E-31,1.,1.05879118406788E-22));
#4964=DIRECTION('',(-1.,-4.13590306276514E-24,-2.9263132717721E-9));
#4965=DIRECTION('',(-5.98364045925238E-15,-1.,-1.23389124709789E-22));
#4966=DIRECTION('',(1.71512809923596E-15,1.,-1.01541687677025E-15));
#4967=DIRECTION('',(-0.515747147418255,1.46233089760906E-17,-0.856740847590409));
#4968=DIRECTION('',(0.,-1.,0.));
#4969=DIRECTION('',(0.,0.,-1.));
#4970=DIRECTION('',(1.71512809923596E-15,1.,-1.01541687677025E-15));
#4971=DIRECTION('',(1.71512809923596E-15,1.,-1.01541687677025E-15));
#4972=DIRECTION('',(1.71512807938362E-15,1.,-1.01541685030047E-15));
#4973=DIRECTION('',(1.,-1.71512807679757E-15,2.5467847705915E-9));
#4974=DIRECTION('',(0.,-1.,0.));
#4975=DIRECTION('',(0.,0.,-1.));
#4976=DIRECTION('',(1.71512807938362E-15,1.,-1.01541685030047E-15));
#4977=DIRECTION('',(1.71512808600107E-15,1.,-1.01541685030047E-15));
#4978=DIRECTION('',(-0.947360920067384,1.29974175349356E-15,-0.320167592252995));
#4979=DIRECTION('',(0.,-1.,0.));
#4980=DIRECTION('',(0.,0.,-1.));
#4981=DIRECTION('',(1.71512808600107E-15,1.,-1.01541685030047E-15));
#4982=DIRECTION('',(-1.,1.71512808445492E-15,-3.49652902682887E-9));
#4983=DIRECTION('',(-3.49652902682887E-9,-2.74408234663851E-17,1.));
#4984=DIRECTION('',(-3.49652902682868E-9,6.20385459414771E-24,1.));
#4985=DIRECTION('',(1.11077531911908E-26,-1.,-1.32348898008484E-22));
#4986=DIRECTION('',(1.11077531911908E-26,-1.,-1.32348898008484E-22));
#4987=DIRECTION('',(0.83902900602006,-7.19999542154199E-23,0.544086690755241));
#4988=DIRECTION('',(0.,1.,0.));
#4989=DIRECTION('',(0.,0.,1.));
#4990=DIRECTION('',(1.11077531911908E-26,-1.,-1.32348898008484E-22));
#4991=DIRECTION('',(1.11077531911908E-26,-1.,-1.32348898008484E-22));
#4992=DIRECTION('',(-1.,-1.11074161270231E-26,-2.54678484506328E-9));
#4993=DIRECTION('',(0.,-1.,0.));
#4994=DIRECTION('',(0.,0.,-1.));
#4995=DIRECTION('',(-1.11077531911908E-26,1.,1.32348898008484E-22));
#4996=DIRECTION('',(-1.11077531911908E-26,1.,1.32348898008484E-22));
#4997=DIRECTION('',(0.851059055347247,6.95018866364828E-23,-0.525069980394473));
#4998=DIRECTION('',(0.,1.,0.));
#4999=DIRECTION('',(0.,0.,1.));
#5000=DIRECTION('',(-1.11077531911908E-26,1.,1.32348898008484E-22));
#5001=DIRECTION('',(-1.,-1.58423897887236E-14,2.48154183765908E-24));
#5002=DIRECTION('',(2.48983289747728E-24,-5.23346536019623E-13,1.));
#5003=DIRECTION('',(1.87769999049528E-22,3.05628531213795E-37,1.));
#5004=DIRECTION('',(-1.5842389787505E-14,1.,5.23081024913158E-13));
#5005=DIRECTION('',(-1.5842389787505E-14,1.,5.23081024913158E-13));
#5006=DIRECTION('',(-0.876183290112146,-2.65994410371803E-13,0.481978051500537));
#5007=DIRECTION('',(0.,-1.,0.));
#5008=DIRECTION('',(0.,0.,-1.));
#5009=DIRECTION('',(-1.5842389787505E-14,1.,5.23081024913158E-13));
#5010=DIRECTION('',(-1.5842389787505E-14,1.,5.23081024913158E-13));
#5011=DIRECTION('',(0.635611282695603,4.13892996583975E-13,-0.772009259860301));
#5012=DIRECTION('',(0.,1.,0.));
#5013=DIRECTION('',(0.,0.,1.));
#5014=DIRECTION('',(-5.9448311523424E-14,1.,4.9050303524211E-13));
#5015=DIRECTION('',(-1.58423897875051E-14,1.,5.23081024913158E-13));
#5016=DIRECTION('',(0.892325905144276,2.50251014937025E-13,-0.45139171349112));
#5017=DIRECTION('',(0.,1.,0.));
#5018=DIRECTION('',(0.,0.,1.));
#5019=DIRECTION('',(-1.5842389787505E-14,1.,5.23081024913158E-13));
#5020=DIRECTION('',(1.58973441533878E-14,-1.,-5.23402047027309E-13));
#5021=DIRECTION('',(-1.,-1.58973441533878E-14,2.86985925493722E-42));
#5022=DIRECTION('',(-8.3207024721808E-27,5.23402047027309E-13,-1.));
#5023=DIRECTION('',(1.85288457211861E-22,8.22846045575601E-37,1.));
#5024=DIRECTION('',(1.58973441533878E-14,-1.,-5.23402047027309E-13));
#5025=DIRECTION('',(-8.3207024721808E-27,5.23402047027309E-13,-1.));
#5026=DIRECTION('',(1.58973441533878E-14,-1.,-5.23402047027309E-13));
#5027=DIRECTION('',(-8.3207024721808E-27,5.23402047027309E-13,-1.));
#5028=DIRECTION('',(1.58973441533878E-14,-1.,-5.23402047027309E-13));
#5029=DIRECTION('',(-8.3207024721808E-27,5.23402047027309E-13,-1.));
#5030=DIRECTION('',(1.58973441533878E-14,-1.,-5.23402047027309E-13));
#5031=DIRECTION('',(-8.3207024721808E-27,5.23402047027309E-13,-1.));
#5032=DIRECTION('',(1.58973441533878E-14,-1.,-5.23402047027309E-13));
#5033=DIRECTION('',(1.58973441533878E-14,-1.,-5.23402047027309E-13));
#5034=DIRECTION('',(-0.707106781186548,-3.81342256593648E-13,0.707106781186548));
#5035=DIRECTION('',(1.58973441533878E-14,-1.,-5.23402047027309E-13));
#5036=DIRECTION('',(0.,5.23402047027309E-13,-1.));
#5037=DIRECTION('',(1.58973441533878E-14,-1.,-5.23402047027309E-13));
#5038=DIRECTION('',(0.,5.23402047027309E-13,-1.));
#5039=DIRECTION('',(1.58973441533878E-14,-1.,-5.23402047027309E-13));
#5040=DIRECTION('',(-1.84095708291221E-13,-5.23081024860219E-13,1.));
#5041=DIRECTION('',(1.,1.58938747101022E-14,1.8409570829123E-13));
#5042=DIRECTION('',(1.58423897887236E-14,-1.,-5.23081024860216E-13));
#5043=DIRECTION('',(-1.5842389787505E-14,1.,5.23081024913158E-13));
#5044=DIRECTION('',(-1.5842389787505E-14,1.,5.23081024913158E-13));
#5045=DIRECTION('',(0.381362172483687,-4.77507859681504E-13,0.924425710048418));
#5046=DIRECTION('',(-1.5842389787505E-14,1.,5.23081024913158E-13));
#5047=DIRECTION('',(-1.11077531911904E-26,1.,1.32348898008484E-22));
#5048=DIRECTION('',(-0.0131805866381247,1.32337254756743E-22,-0.999913132294938));
#5049=DIRECTION('',(-1.11077531911904E-26,1.,1.32348898008484E-22));
#5050=DIRECTION('',(0.,-1.32348898008484E-22,1.));
#5051=DIRECTION('',(-0.135790562387156,0.707106781178104,-0.693945907962949));
#5052=DIRECTION('',(-1.1107753191179E-26,1.,1.32348898008484E-22));
#5053=DIRECTION('',(0.635599606571975,1.02182907154633E-22,-0.772018872907619));
#5054=DIRECTION('',(-1.1107753191179E-26,1.,1.32348898008484E-22));
#5055=DIRECTION('',(0.,-1.32348898008484E-22,1.));
#5056=DIRECTION('',(0.707106781153942,0.707106781178104,7.61925754271436E-6));
#5057=DIRECTION('',(-0.707106781145533,0.707106781186512,-7.61925776039832E-6));
#5058=DIRECTION('',(-1.07752576599712E-5,6.77626357803441E-21,0.999999999941947));
#5059=DIRECTION('',(0.707106781145463,0.707106781186583,7.61925776039755E-6));
#5060=DIRECTION('',(-1.07752576599712E-5,6.77626357803441E-21,0.999999999941947));
#5061=DIRECTION('',(-1.11077531912025E-26,1.,1.32348898008484E-22));
#5062=DIRECTION('',(0.707102971547405,-9.35774531379029E-23,0.707110590805165));
#5063=DIRECTION('',(1.33850382102302E-14,0.707106781188718,0.707106781184377));
#5064=DIRECTION('',(-1.11077531912025E-26,1.,1.32348898008484E-22));
#5065=DIRECTION('',(0.,-1.32348898008484E-22,1.));
#5066=DIRECTION('',(2.45326859752687E-18,0.707106781186736,-0.707106781186359));
#5067=DIRECTION('',(-1.,1.39925556414549E-25,-3.46944558284189E-18));
#5068=DIRECTION('',(-2.45326839964356E-18,0.707106781186359,0.707106781186736));
#5069=DIRECTION('',(-1.,1.39925556414549E-25,-3.46944558284189E-18));
#5070=DIRECTION('',(-1.11077531911672E-26,1.,1.32348898008484E-22));
#5071=DIRECTION('',(-0.507342065274647,-1.14056604582555E-22,0.861744758500367));
#5072=DIRECTION('',(-1.11077531911672E-26,1.,1.32348898008484E-22));
#5073=DIRECTION('',(0.,-1.32348898008484E-22,1.));
#5074=DIRECTION('',(-1.5842389787505E-14,1.,5.23081024913158E-13));
#5075=DIRECTION('',(0.998812372796565,-9.66203600851687E-15,0.0487221094421728));
#5076=DIRECTION('',(1.5842389787505E-14,-1.,-5.23081024913158E-13));
#5077=DIRECTION('',(1.5842389787505E-14,-1.,-5.23081024913158E-13));
#5078=DIRECTION('',(1.5842389787505E-14,-1.,-5.23081024913158E-13));
#5079=DIRECTION('',(-0.852477447596197,-2.86953209740013E-13,0.52276400157229));
#5080=DIRECTION('',(1.5842389787505E-14,-1.,-5.23081024913158E-13));
#5081=DIRECTION('',(1.,1.58423897887236E-14,-2.48154183765908E-24));
#5082=DIRECTION('',(-2.48983289747728E-24,5.23346536019623E-13,-1.));
#5083=DIRECTION('',(1.58423897887236E-14,-1.,-5.23081024860216E-13));
#5084=DIRECTION('',(1.58423897887236E-14,-1.,-5.23081024860216E-13));
#5085=DIRECTION('',(-0.707106781186485,3.58671878538894E-13,-0.70710678118661));
#5086=DIRECTION('',(0.500000257129583,0.707106781186607,-0.499999742870201));
#5087=DIRECTION('',(-0.707106417550158,5.27355936696949E-16,-0.70710714482275));
#5088=DIRECTION('',(-0.500000257129667,0.707106781186488,0.499999742870286));
#5089=DIRECTION('',(-0.707106417550158,5.27355936696949E-16,-0.70710714482275));
#5090=DIRECTION('',(-0.500000257123959,0.707106781194366,0.499999742864852));
#5091=DIRECTION('',(-1.11077531911908E-26,1.,1.32348898008484E-22));
#5092=DIRECTION('',(-0.923879434111984,5.0637499775278E-23,-0.382683669921935));
#5093=DIRECTION('',(-1.11077531911908E-26,1.,1.32348898008484E-22));
#5094=DIRECTION('',(0.,-1.32348898008484E-22,1.));
#5095=DIRECTION('',(-2.45325865169637E-18,0.707107925497299,-0.707105636873944));
#5096=DIRECTION('',(2.45327004509294E-18,0.707105636873944,0.707107925497299));
#5097=DIRECTION('',(1.,-2.44174989266264E-24,-3.46943971359461E-18));
#5098=DIRECTION('',(1.,-2.44174989266264E-24,-3.46943971359461E-18));
#5099=DIRECTION('',(-4.81232559802143E-14,0.70710792550236,-0.707105636868883));
#5100=DIRECTION('',(-1.11077531911908E-26,1.,1.32348898008484E-22));
#5101=DIRECTION('',(0.707110590805166,9.35921534727449E-23,-0.707102971547404));
#5102=DIRECTION('',(-1.11077531911908E-26,1.,1.32348898008484E-22));
#5103=DIRECTION('',(0.,-1.32348898008484E-22,1.));
#5104=DIRECTION('',(0.707105636827833,0.70710792550236,7.61924503096066E-6));
#5105=DIRECTION('',(-0.707107925457455,0.707105636872739,-7.61927009065411E-6));
#5106=DIRECTION('',(-1.07752576599712E-5,0.,0.999999999941947));
#5107=DIRECTION('',(-1.07752576599712E-5,0.,0.999999999941947));
#5108=DIRECTION('',(0.707106781133426,0.70710678119862,7.61925849334129E-6));
#5109=DIRECTION('',(-1.11077531911966E-26,1.,1.32348898008484E-22));
#5110=DIRECTION('',(0.382678217282131,-1.22270473217533E-22,0.923881692652133));
#5111=DIRECTION('',(-1.11077531911966E-26,1.,1.32348898008484E-22));
#5112=DIRECTION('',(0.,-1.32348898008484E-22,1.));
#5113=DIRECTION('',(0.707107925491694,0.707105636879549,-2.1482686512791E-16));
#5114=DIRECTION('',(-3.03810717726778E-16,1.43155434375866E-22,-1.));
#5115=DIRECTION('',(-0.707105636879549,0.707107925491694,2.14826372275368E-16));
#5116=DIRECTION('',(-3.03810717726778E-16,1.43155434375866E-22,-1.));
#5117=DIRECTION('',(-0.707105636884919,0.707107925486325,4.73774633639164E-14));
#5118=DIRECTION('',(-1.11077531911908E-26,1.,1.32348898008484E-22));
#5119=DIRECTION('',(-0.62978988625328,1.02797067256928E-22,-0.776765536808296));
#5120=DIRECTION('',(-1.11077531911908E-26,1.,1.32348898008484E-22));
#5121=DIRECTION('',(0.,-1.32348898008484E-22,1.));
#5122=DIRECTION('',(0.146179522877711,0.70710792549929,-0.691830852728711));
#5123=DIRECTION('',(-1.11077531911904E-26,1.,1.32348898008484E-22));
#5124=DIRECTION('',(-0.0131805866381247,1.32337254756743E-22,-0.999913132294938));
#5125=DIRECTION('',(-1.11077531911904E-26,1.,1.32348898008484E-22));
#5126=DIRECTION('',(0.,-1.32348898008484E-22,1.));
#5127=DIRECTION('',(0.222598140700279,0.70710792549929,-0.671154564502745));
#5128=DIRECTION('',(-1.11077531912025E-26,1.,1.32348898008484E-22));
#5129=DIRECTION('',(0.940038602788938,4.51504243243652E-23,-0.341068065445332));
#5130=DIRECTION('',(-1.11077531912025E-26,1.,1.32348898008484E-22));
#5131=DIRECTION('',(0.,-1.32348898008484E-22,1.));
#5132=DIRECTION('',(-0.601177900705574,-0.707106781186541,-0.372270240152566));
#5133=DIRECTION('',(1.11077531911908E-26,-1.,-1.32348898008484E-22));
#5134=DIRECTION('',(-1.,-1.11074161270231E-26,-2.54678484506329E-9));
#5135=DIRECTION('',(0.661637355634741,0.707106781186564,-0.249471460549386));
#5136=DIRECTION('',(1.11077531911908E-26,-1.,-1.32348898008484E-22));
#5137=DIRECTION('',(0.,1.32348898008484E-22,-1.));
#5138=DIRECTION('',(-1.1107753191179E-26,1.,1.32348898008484E-22));
#5139=DIRECTION('',(0.974351798470828,-2.97716708080365E-23,0.225030159793443));
#5140=DIRECTION('',(-1.1107753191179E-26,1.,1.32348898008484E-22));
#5141=DIRECTION('',(0.,-1.32348898008484E-22,1.));
#5142=DIRECTION('',(0.485231115932356,0.70710678119298,0.514344985512587));
#5143=DIRECTION('',(-0.485231115941184,0.707106781180115,-0.514344985521945));
#5144=DIRECTION('',(-0.727393654257111,0.,0.686220425043212));
#5145=DIRECTION('',(0.485231115936108,0.707106781187188,0.51434498551701));
#5146=DIRECTION('',(-0.727393654257111,0.,0.686220425043212));
#5147=DIRECTION('',(-1.11077531911908E-26,1.,1.32348898008484E-22));
#5148=DIRECTION('',(-1.,-1.11077531911908E-26,2.12877363524763E-24));
#5149=DIRECTION('',(-1.11077531911908E-26,1.,1.32348898008484E-22));
#5150=DIRECTION('',(0.,-1.32348898008484E-22,1.));
#5151=DIRECTION('',(-1.1107753191179E-26,1.,1.32348898008484E-22));
#5152=DIRECTION('',(0.537864483675203,1.11580239924551E-22,-0.843031314484111));
#5153=DIRECTION('',(-7.06540463013025E-16,0.707107925501851,-0.707105636869392));
#5154=DIRECTION('',(-1.1107753191179E-26,1.,1.32348898008484E-22));
#5155=DIRECTION('',(0.,-1.32348898008484E-22,1.));
#5156=DIRECTION('',(0.641255155445786,0.707107925501851,-0.297976856998441));
#5157=DIRECTION('',(1.11077531911908E-26,-1.,-1.32348898008484E-22));
#5158=DIRECTION('',(-0.209000883988448,-1.29428353895913E-22,0.977915451607166));
#5159=DIRECTION('',(1.11077531911908E-26,-1.,-1.32348898008484E-22));
#5160=DIRECTION('',(0.,1.32348898008484E-22,-1.));
#5161=DIRECTION('',(0.632204138925141,0.70710792550185,-0.316727498677318));
#5162=DIRECTION('',(-1.11077531911996E-26,1.,1.32348898008484E-22));
#5163=DIRECTION('',(0.978992018039791,-2.69748772165495E-23,0.203898574331402));
#5164=DIRECTION('',(-1.11077531911996E-26,1.,1.32348898008484E-22));
#5165=DIRECTION('',(0.,-1.32348898008484E-22,1.));
#5166=DIRECTION('',(-0.453189666404628,-0.707107925549965,-0.542786797820735));
#5167=DIRECTION('',(1.11077531911908E-26,-1.,-1.32348898008484E-22));
#5168=DIRECTION('',(-0.612813733376907,1.04578917282235E-22,-0.79022739017618));
#5169=DIRECTION('',(1.11077531911908E-26,-1.,-1.32348898008484E-22));
#5170=DIRECTION('',(0.,1.32348898008484E-22,-1.));
#5171=DIRECTION('',(0.479719021155251,0.707107925503223,0.519488250523894));
#5172=DIRECTION('',(-1.11077531911849E-26,1.,1.32348898008484E-22));
#5173=DIRECTION('',(0.364233085876059,-1.23253518125422E-22,0.931307821911318));
#5174=DIRECTION('',(-1.11077531911849E-26,1.,1.32348898008484E-22));
#5175=DIRECTION('',(0.,-1.32348898008484E-22,1.));
#5176=DIRECTION('',(1.31253874947453E-16,0.707107925500816,0.707105636870427));
#5177=DIRECTION('',(-1.31254293626206E-16,0.707105636870427,-0.707107925500816));
#5178=DIRECTION('',(-1.,4.34150090993854E-24,1.85621306115532E-16));
#5179=DIRECTION('',(-1.,4.34150090993854E-24,1.85621306115532E-16));
#5180=DIRECTION('',(-2.04111689312282E-15,0.707107925505691,0.707105636865552));
#5181=DIRECTION('',(-1.11077531911908E-26,1.,1.32348898008484E-22));
#5182=DIRECTION('',(-0.707106781186547,-9.35926576319711E-23,0.707106781186548));
#5183=DIRECTION('',(-1.11077531911908E-26,1.,1.32348898008484E-22));
#5184=DIRECTION('',(0.,-1.32348898008484E-22,1.));
#5185=DIRECTION('',(-0.707105636872578,0.707107925498666,2.14826372273251E-16));
#5186=DIRECTION('',(0.707107925498666,0.707105636872578,-2.1482686512791E-16));
#5187=DIRECTION('',(-3.0381071772528E-16,1.43156931929687E-22,-1.));
#5188=DIRECTION('',(-3.0381071772528E-16,1.43156931929687E-22,-1.));
#5189=DIRECTION('',(-0.707105636869017,0.707107925502226,-5.01957746623378E-13));
#5190=DIRECTION('',(-1.11077531911908E-26,1.,1.32348898008484E-22));
#5191=DIRECTION('',(-0.707106781186548,9.35769488967605E-23,-0.707106781186547));
#5192=DIRECTION('',(-1.11077531911908E-26,1.,1.32348898008484E-22));
#5193=DIRECTION('',(0.,-1.32348898008484E-22,1.));
#5194=DIRECTION('',(-2.4532586516971E-18,0.707107925497087,-0.707105636874156));
#5195=DIRECTION('',(2.45327045868325E-18,0.707105636874156,0.707107925497087));
#5196=DIRECTION('',(1.,-2.7342024575625E-24,-3.46944000604811E-18));
#5197=DIRECTION('',(1.,-2.7342024575625E-24,-3.46944000604811E-18));
#5198=DIRECTION('',(-1.11077531911849E-26,1.,1.32348898008484E-22));
#5199=DIRECTION('',(0.184769666931051,1.30072147575946E-22,-0.982781852794499));
#5200=DIRECTION('',(-1.11077531911849E-26,1.,1.32348898008484E-22));
#5201=DIRECTION('',(0.,-1.32348898008484E-22,1.));
#5202=DIRECTION('',(0.130651884444528,0.707106781186545,-0.694931712538072));
#5203=DIRECTION('',(1.11077531911908E-26,-1.,-1.32348898008484E-22));
#5204=DIRECTION('',(1.,1.11074161270231E-26,2.54678484506328E-9));
#5205=DIRECTION('',(0.655229701029133,-0.707106781186542,0.265845893120963));
#5206=DIRECTION('',(1.11077531911908E-26,-1.,-1.32348898008484E-22));
#5207=DIRECTION('',(0.,1.32348898008484E-22,-1.));
#5208=DIRECTION('',(-1.11077531911849E-26,1.,1.32348898008484E-22));
#5209=DIRECTION('',(0.923379734878,5.08173877947177E-23,-0.383887828950899));
#5210=DIRECTION('',(0.652928072142222,0.707106781186813,-0.271449687066067));
#5211=DIRECTION('',(-1.11077531911849E-26,1.,1.32348898008484E-22));
#5212=DIRECTION('',(0.,-1.32348898008484E-22,1.));
#5213=DIRECTION('',(-1.11077531911908E-26,1.,1.32348898008484E-22));
#5214=DIRECTION('',(1.,1.11077531911908E-26,-2.34107720534312E-24));
#5215=DIRECTION('',(-1.11077531911908E-26,1.,1.32348898008484E-22));
#5216=DIRECTION('',(0.,-1.32348898008484E-22,1.));
#5217=DIRECTION('',(0.655641221592542,0.707107925489151,-0.264826302053002));
#5218=DIRECTION('',(-1.1107753191179E-26,1.,1.32348898008484E-22));
#5219=DIRECTION('',(0.962711263241016,-3.57937865760079E-23,0.270531003082618));
#5220=DIRECTION('',(-1.1107753191179E-26,1.,1.32348898008484E-22));
#5221=DIRECTION('',(0.,-1.32348898008484E-22,1.));
#5222=DIRECTION('',(0.421727920177322,0.707107925492256,0.567577257339429));
#5223=DIRECTION('',(1.11077531911908E-26,-1.,-1.32348898008484E-22));
#5224=DIRECTION('',(0.209000883988448,1.29428353895913E-22,-0.977915451607166));
#5225=DIRECTION('',(1.11077531911908E-26,-1.,-1.32348898008484E-22));
#5226=DIRECTION('',(0.,1.32348898008484E-22,-1.));
#5227=DIRECTION('',(-0.641255155448465,-0.707107925498937,-0.297976856999593));
#5228=DIRECTION('',(-1.11077531911908E-26,1.,1.32348898008484E-22));
#5229=DIRECTION('',(0.537864483675204,-1.11568290992681E-22,0.84303131448411));
#5230=DIRECTION('',(-1.11077531911908E-26,1.,1.32348898008484E-22));
#5231=DIRECTION('',(0.,-1.32348898008484E-22,1.));
#5232=DIRECTION('',(-4.33344817314186E-14,0.707107925494885,0.707105636876359));
#5233=DIRECTION('',(2.45326549559957E-18,0.707105636876205,-0.707107925495039));
#5234=DIRECTION('',(-1.,7.22712433290823E-25,-3.46943499869278E-18));
#5235=DIRECTION('',(-1.,7.22712433290823E-25,-3.46943499869278E-18));
#5236=DIRECTION('',(-2.45325653331557E-18,0.707107925495039,0.707105636876205));
#5237=DIRECTION('',(-1.11077531911908E-26,1.,1.32348898008484E-22));
#5238=DIRECTION('',(-0.964910188655535,-3.47629096244995E-23,0.262580136013256));
#5239=DIRECTION('',(-1.11077531911908E-26,1.,1.32348898008484E-22));
#5240=DIRECTION('',(0.,-1.32348898008484E-22,1.));
#5241=DIRECTION('',(-1.11077531911908E-26,1.,1.32348898008484E-22));
#5242=DIRECTION('',(-1.,-1.11074161270329E-26,-2.5467847705915E-9));
#5243=DIRECTION('',(-1.11077531911908E-26,1.,1.32348898008484E-22));
#5244=DIRECTION('',(0.,-1.32348898008484E-22,1.));
#5245=DIRECTION('',(1.58973441533878E-14,-1.,-5.23402047027309E-13));
#5246=DIRECTION('',(0.707106781186548,-3.58860016886214E-13,0.707106781186548));
#5247=DIRECTION('',(1.58973441533878E-14,-1.,-5.23402047027309E-13));
#5248=DIRECTION('',(1.58973441533878E-14,-1.,-5.23402047027309E-13));
#5249=DIRECTION('',(-8.3207024721808E-27,5.23402047027309E-13,-1.));
#5250=DIRECTION('',(-1.58973441533878E-14,1.,5.23402047027309E-13));
#5251=DIRECTION('',(-8.3207024721808E-27,5.23402047027309E-13,-1.));
#5252=DIRECTION('',(0.,1.,5.23402047027309E-13));
#5253=DIRECTION('',(1.,4.35507270664462E-39,-8.3207024721808E-27));
#5254=DIRECTION('',(8.3207024721808E-27,-5.23402047027309E-13,1.));
#5255=DIRECTION('',(0.,-1.,-5.23402047027309E-13));
#5256=DIRECTION('',(1.58973441533878E-14,-1.,-5.23402047027309E-13));
#5257=DIRECTION('',(1.58973441533878E-14,-1.,-5.23402047027309E-13));
#5258=DIRECTION('',(-0.707106781186548,-3.81342256593648E-13,0.707106781186548));
#5259=DIRECTION('',(-1.2978460660659E-15,-1.,1.06867709088374E-15));
#5260=DIRECTION('',(-0.999999987663395,1.29801391473707E-15,0.00015707708494863));
#5261=DIRECTION('',(-1.2978460660659E-15,-1.,1.06867709088374E-15));
#5262=DIRECTION('',(1.,-1.2978460660659E-15,0.));
#5263=DIRECTION('',(-1.2978460660659E-15,-1.,1.06867709088374E-15));
#5264=DIRECTION('',(-0.999999987663395,1.29801391473707E-15,0.00015707708494863));
#5265=DIRECTION('',(-1.2978460660659E-15,-1.,1.06867709088374E-15));
#5266=DIRECTION('',(1.,-1.2978460660659E-15,0.));
#5267=DIRECTION('',(1.5842389787505E-14,-1.,-5.23081024913158E-13));
#5268=DIRECTION('',(-0.507342065274647,-4.58799842243593E-13,0.861744758500367));
#5269=DIRECTION('',(1.5842389787505E-14,-1.,-5.23081024913158E-13));
#5270=DIRECTION('',(-2.8951321439356E-24,5.23081024886688E-13,-1.));
#5271=DIRECTION('',(-1.,-1.58938747094608E-14,2.88681835966315E-24));
#5272=DIRECTION('',(-1.5842389787505E-14,1.,5.23081024913158E-13));
#5273=DIRECTION('',(-1.5842389787505E-14,1.,5.23081024913158E-13));
#5274=DIRECTION('',(0.707102971547405,-3.58673931670157E-13,0.707110590805165));
#5275=DIRECTION('',(-1.5842389787505E-14,1.,5.23081024913158E-13));
#5276=DIRECTION('',(-0.999999999941947,-1.58367534549133E-14,-1.07752576599157E-5));
#5277=DIRECTION('',(-1.07752576599157E-5,-5.2334670724601E-13,0.999999999941947));
#5278=DIRECTION('',(1.5842389787505E-14,-1.,-5.23081024913158E-13));
#5279=DIRECTION('',(1.5842389787505E-14,-1.,-5.23081024913158E-13));
#5280=DIRECTION('',(0.635599606571975,4.13897840008916E-13,-0.772018872907619));
#5281=DIRECTION('',(1.5842389787505E-14,-1.,-5.23081024913158E-13));
#5282=DIRECTION('',(-1.5842389787505E-14,1.,5.23081024913158E-13));
#5283=DIRECTION('',(-0.0131805866381247,5.22826774073813E-13,-0.999913132294938));
#5284=DIRECTION('',(1.11077531911908E-26,-1.,-1.32348898008484E-22));
#5285=DIRECTION('',(-1.,-1.11074161270231E-26,-2.54678484506328E-9));
#5286=DIRECTION('',(3.12379829636873E-17,1.,-5.55110453521394E-17));
#5287=DIRECTION('',(0.,5.55110453521394E-17,1.));
#5288=DIRECTION('',(-1.5842389787505E-14,1.,5.23081024913158E-13));
#5289=DIRECTION('',(1.,1.5842389787505E-14,-2.19994843764185E-24));
#5290=DIRECTION('',(-1.5842389787505E-14,1.,5.23081024913158E-13));
#5291=DIRECTION('',(0.,-5.23081024913158E-13,1.));
#5292=DIRECTION('',(2.8951321439356E-24,-5.23081024886688E-13,1.));
#5293=DIRECTION('',(1.,1.58938747094608E-14,-2.88681835966315E-24));
#5294=DIRECTION('',(1.5842389787505E-14,-1.,-5.23081024913158E-13));
#5295=DIRECTION('',(1.5842389787505E-14,-1.,-5.23081024913158E-13));
#5296=DIRECTION('',(1.5842389787505E-14,-1.,-5.23081024913158E-13));
#5297=DIRECTION('',(-0.707106781186548,3.58671878577158E-13,-0.707106781186547));
#5298=DIRECTION('',(1.5842389787505E-14,-1.,-5.23081024913158E-13));
#5299=DIRECTION('',(1.,1.58423897876332E-14,-2.48299783270149E-16));
#5300=DIRECTION('',(-2.4829978327844E-16,5.23346536019623E-13,-1.));
#5301=DIRECTION('',(-1.5842389787505E-14,1.,5.23081024913158E-13));
#5302=DIRECTION('',(-1.5842389787505E-14,1.,5.23081024913158E-13));
#5303=DIRECTION('',(-0.707106781186547,-3.81076401075049E-13,0.707106781186548));
#5304=DIRECTION('',(-1.5842389787505E-14,1.,5.23081024913158E-13));
#5305=DIRECTION('',(-1.89090745925891E-16,5.23081024860219E-13,-1.));
#5306=DIRECTION('',(-1.,-1.58938747114808E-14,1.89090745917577E-16));
#5307=DIRECTION('',(1.5842389787505E-14,-1.,-5.23081024913158E-13));
#5308=DIRECTION('',(1.5842389787505E-14,-1.,-5.23081024913158E-13));
#5309=DIRECTION('',(0.364233085876059,-4.81379127475059E-13,0.931307821911318));
#5310=DIRECTION('',(1.5842389787505E-14,-1.,-5.23081024913158E-13));
#5311=DIRECTION('',(-1.5842389787505E-14,1.,5.23081024913158E-13));
#5312=DIRECTION('',(-0.612813733376907,4.03644519136513E-13,-0.79022739017618));
#5313=DIRECTION('',(1.5842389787505E-14,-1.,-5.23081024913158E-13));
#5314=DIRECTION('',(1.5842389787505E-14,-1.,-5.23081024913158E-13));
#5315=DIRECTION('',(0.978992018039791,-9.11459020909589E-14,0.203898574331402));
#5316=DIRECTION('',(1.5842389787505E-14,-1.,-5.23081024913158E-13));
#5317=DIRECTION('',(-1.5842389787505E-14,1.,5.23081024913158E-13));
#5318=DIRECTION('',(-0.209000883988448,-5.14840090175168E-13,0.977915451607166));
#5319=DIRECTION('',(1.5842389787505E-14,-1.,-5.23081024913158E-13));
#5320=DIRECTION('',(1.5842389787505E-14,-1.,-5.23081024913158E-13));
#5321=DIRECTION('',(0.537864483675203,4.49494742817473E-13,-0.843031314484111));
#5322=DIRECTION('',(1.5842389787505E-14,-1.,-5.23081024913158E-13));
#5323=DIRECTION('',(-0.923879434111984,1.85538108168433E-13,-0.382683669921935));
#5324=DIRECTION('',(1.5842389787505E-14,-1.,-5.23081024913158E-13));
#5325=DIRECTION('',(1.5842389787505E-14,-1.,-5.23081024913158E-13));
#5326=DIRECTION('',(0.70710714482275,3.81076216599341E-13,-0.707106417550158));
#5327=DIRECTION('',(-0.707106417550158,3.58823414010861E-13,-0.70710714482275));
#5328=DIRECTION('',(1.5842389787505E-14,-1.,-5.23081024913158E-13));
#5329=DIRECTION('',(1.5842389787505E-14,-1.,-5.23081024913158E-13));
#5330=DIRECTION('',(0.382678217282131,-4.7720244520961E-13,0.923881692652133));
#5331=DIRECTION('',(1.5842389787505E-14,-1.,-5.23081024913158E-13));
#5332=DIRECTION('',(-0.999999999941947,-1.58367534549133E-14,-1.07752576599157E-5));
#5333=DIRECTION('',(-1.07752576599157E-5,-5.2334670724601E-13,0.999999999941947));
#5334=DIRECTION('',(-1.584239264961E-14,1.,5.2334653657053E-13));
#5335=DIRECTION('',(1.5842389787505E-14,-1.,-5.23081024913158E-13));
#5336=DIRECTION('',(0.707110590805166,3.81074468678564E-13,-0.707102971547404));
#5337=DIRECTION('',(1.5842389787505E-14,-1.,-5.23081024913158E-13));
#5338=DIRECTION('',(2.8951321439356E-24,-5.23081024886688E-13,1.));
#5339=DIRECTION('',(1.,1.58938747094608E-14,-2.88681835966315E-24));
#5340=DIRECTION('',(-1.5842389787505E-14,1.,5.23081024913158E-13));
#5341=DIRECTION('',(1.,1.5842389787505E-14,-2.19994843764185E-24));
#5342=DIRECTION('',(-1.5842389787505E-14,1.,5.23081024913158E-13));
#5343=DIRECTION('',(0.,-5.23081024913158E-13,1.));
#5344=DIRECTION('',(1.11077531911908E-26,-1.,-1.32348898008484E-22));
#5345=DIRECTION('',(-1.,-1.11074161270231E-26,-2.54678484506329E-9));
#5346=DIRECTION('',(-3.1671785506707E-14,1.,7.80613698316763E-14));
#5347=DIRECTION('',(1.11077531911849E-26,-1.,-1.32348898008484E-22));
#5348=DIRECTION('',(1.11077531911849E-26,-1.,-1.32348898008484E-22));
#5349=DIRECTION('',(0.184769666931051,1.30072147575946E-22,-0.982781852794499));
#5350=DIRECTION('',(-8.89917073258856E-13,1.,5.23081024913158E-13));
#5351=DIRECTION('',(-8.89917073258856E-13,1.,5.23081024913158E-13));
#5352=DIRECTION('',(-0.964910188655535,-9.96040737713635E-13,0.262580136013256));
#5353=DIRECTION('',(-8.89917073258856E-13,1.,5.23081024913158E-13));
#5354=DIRECTION('',(-2.8951321439356E-24,5.23081024886688E-13,-1.));
#5355=DIRECTION('',(-1.,-1.58938747094608E-14,2.88681835966315E-24));
#5356=DIRECTION('',(1.5842389787505E-14,-1.,-5.23081024913158E-13));
#5357=DIRECTION('',(1.5842389787505E-14,-1.,-5.23081024913158E-13));
#5358=DIRECTION('',(0.537864483675204,-4.32452625210997E-13,0.84303131448411));
#5359=DIRECTION('',(1.5842389787505E-14,-1.,-5.23081024913158E-13));
#5360=DIRECTION('',(-1.5842389787505E-14,1.,5.23081024913158E-13));
#5361=DIRECTION('',(0.209000883988448,5.14840090175168E-13,-0.977915451607166));
#5362=DIRECTION('',(-1.5842389787505E-14,1.,5.23081024913158E-13));
#5363=DIRECTION('',(1.5842389787505E-14,-1.,-5.23081024913158E-13));
#5364=DIRECTION('',(0.962711263241016,-1.26257987278155E-13,0.270531003082618));
#5365=DIRECTION('',(1.5842389787505E-14,-1.,-5.23081024913158E-13));
#5366=DIRECTION('',(6.47310730651679E-14,-1.,5.55110188823598E-17));
#5367=DIRECTION('',(-1.,-6.47310730651679E-14,2.36337317872294E-24));
#5368=DIRECTION('',(-3.1671785506707E-14,1.,7.80613698316763E-14));
#5369=DIRECTION('',(-3.1671785506707E-14,1.,7.80613698316763E-14));
#5370=DIRECTION('',(-0.923379734878,-5.92118946939114E-14,0.383887828950899));
#5371=DIRECTION('',(1.,1.58423897876332E-14,-2.48299783270149E-16));
#5372=DIRECTION('',(-2.4829978327844E-16,5.23346536019623E-13,-1.));
#5373=DIRECTION('',(-1.58423897871041E-14,1.,1.49456508206265E-14));
#5374=DIRECTION('',(-1.5842389787505E-14,1.,5.23081024913158E-13));
#5375=DIRECTION('',(-1.58423897871041E-14,1.,1.49456508206265E-14));
#5376=DIRECTION('',(-1.,-1.58423897871041E-14,2.41259458519588E-24));
#5377=DIRECTION('',(-1.58423897871041E-14,1.,1.49456508206265E-14));
#5378=DIRECTION('',(-0.686220425043212,7.94093387989277E-23,-0.727393654257111));
#5379=DIRECTION('',(0.727393654257111,-6.08150730236172E-17,-0.686220425043212));
#5380=DIRECTION('',(-1.1107753191179E-26,1.,1.32348898008484E-22));
#5381=DIRECTION('',(-1.1107753191179E-26,1.,1.32348898008484E-22));
#5382=DIRECTION('',(0.974351798470828,-2.97716708080365E-23,0.225030159793443));
#5383=DIRECTION('',(-1.1107753191179E-26,1.,1.32348898008484E-22));
#5384=DIRECTION('',(1.11077531911908E-26,-1.,-1.32348898008484E-22));
#5385=DIRECTION('',(-1.,-1.11074161270231E-26,-2.54678484506329E-9));
#5386=DIRECTION('',(-1.5842389787505E-14,1.,5.23081024913158E-13));
#5387=DIRECTION('',(-1.5842389787505E-14,1.,5.23081024913158E-13));
#5388=DIRECTION('',(0.940038602788938,1.93298691198977E-13,-0.341068065445332));
#5389=DIRECTION('',(-1.5842389787505E-14,1.,5.23081024913158E-13));
#5390=DIRECTION('',(-1.5842389787505E-14,1.,5.23081024913158E-13));
#5391=DIRECTION('',(-0.0131805866381247,5.22826774073813E-13,-0.999913132294938));
#5392=DIRECTION('',(-1.5842389787505E-14,1.,5.23081024913158E-13));
#5393=DIRECTION('',(-1.5842389787505E-14,1.,5.23081024913158E-13));
#5394=DIRECTION('',(-0.62978988625328,3.9633393624865E-13,-0.776765536808296));
#5395=DIRECTION('',(-1.98324182425725E-16,1.,2.51713125042695E-16));
#5396=DIRECTION('',(1.,1.98324181784666E-16,2.5467847705915E-9));
#5397=DIRECTION('',(0.,1.,0.));
#5398=DIRECTION('',(0.,0.,1.));
#5399=DIRECTION('',(8.3207024721808E-27,-5.23402047027309E-13,1.));
#5400=DIRECTION('',(-1.58973441533878E-14,1.,5.23402047027309E-13));
#5401=DIRECTION('',(8.3207024721808E-27,-5.23402047027309E-13,1.));
#5402=DIRECTION('',(8.3207024721808E-27,-5.23402047027309E-13,1.));
#5403=DIRECTION('',(0.,-1.,-5.23402047027309E-13));
#5404=DIRECTION('',(1.58973441533878E-14,-1.,-5.23402047027309E-13));
#5405=DIRECTION('',(-0.707106781186548,3.58860016886214E-13,-0.707106781186548));
#5406=DIRECTION('',(1.58973441533878E-14,-1.,-5.23402047027309E-13));
#5407=DIRECTION('',(0.,5.23402047027309E-13,-1.));
#5408=DIRECTION('',(1.58973441533878E-14,-1.,-5.23402047027309E-13));
#5409=DIRECTION('',(3.46944322149217E-18,1.,-5.55111777010374E-17));
#5410=DIRECTION('',(0.,5.55111777010374E-17,1.));
#5411=DIRECTION('',(1.58973441533878E-14,-1.,-5.23402047027309E-13));
#5412=DIRECTION('',(0.,5.23402047027309E-13,-1.));
#5413=DIRECTION('',(0.,5.55111777010374E-17,1.));
#5414=DIRECTION('',(-1.58973441533878E-14,1.,5.23402047027309E-13));
#5415=DIRECTION('',(0.,-5.23402047027309E-13,1.));
#5416=DIRECTION('',(1.,-3.46944322149217E-18,1.92592879191911E-34));
#5417=DIRECTION('',(1.58973441533878E-14,-1.,-5.23402047027309E-13));
#5418=DIRECTION('',(0.,5.23402047027309E-13,-1.));
#5419=DIRECTION('',(1.,-3.46944322149217E-18,1.92592879191911E-34));
#5420=DIRECTION('',(1.58973441533878E-14,-1.,-5.23402047027309E-13));
#5421=DIRECTION('',(-0.707106781186548,-3.81342256593648E-13,0.707106781186548));
#5422=DIRECTION('',(1.58973441533878E-14,-1.,-5.23402047027309E-13));
#5423=DIRECTION('',(8.3207024721808E-27,-5.23402047027309E-13,1.));
#5424=DIRECTION('',(-1.58973441533878E-14,1.,5.23402047027309E-13));
#5425=DIRECTION('',(8.3207024721808E-27,-5.23402047027309E-13,1.));
#5426=DIRECTION('',(8.3207024721808E-27,-5.23402047027309E-13,1.));
#5427=DIRECTION('',(0.,-1.,-5.23402047027309E-13));
#5428=DIRECTION('',(8.3207024721808E-27,-5.23402047027309E-13,1.));
#5429=DIRECTION('',(0.,-1.,-5.23402047027309E-13));
#5430=DIRECTION('',(1.58973441533878E-14,-1.,-5.23402047027309E-13));
#5431=DIRECTION('',(-0.707106781186548,3.58860016886214E-13,-0.707106781186548));
#5432=DIRECTION('',(1.58973441533878E-14,-1.,-5.23402047027309E-13));
#5433=DIRECTION('',(0.,5.23402047027309E-13,-1.));
#5434=DIRECTION('',(1.58973441533878E-14,-1.,-5.23402047027309E-13));
#5435=DIRECTION('',(3.46944322149217E-18,1.,-5.55111777010374E-17));
#5436=DIRECTION('',(0.,5.55111777010374E-17,1.));
#5437=DIRECTION('',(1.58973441533878E-14,-1.,-5.23402047027309E-13));
#5438=DIRECTION('',(0.,5.23402047027309E-13,-1.));
#5439=DIRECTION('',(0.,5.55111777010374E-17,1.));
#5440=DIRECTION('',(1.58973441533878E-14,-1.,-5.23402047027309E-13));
#5441=DIRECTION('',(0.,5.23402047027309E-13,-1.));
#5442=DIRECTION('',(1.,-3.46944322149217E-18,1.92592879191911E-34));
#5443=DIRECTION('',(1.,-3.46944322149217E-18,1.92592879191911E-34));
#5444=DIRECTION('',(1.58973441533878E-14,-1.,-5.23402047027309E-13));
#5445=DIRECTION('',(0.707106781186548,3.81342256593648E-13,-0.707106781186548));
#5446=DIRECTION('',(1.58973441533878E-14,-1.,-5.23402047027309E-13));
#5447=DIRECTION('',(1.58973441533878E-14,-1.,-5.23402047027309E-13));
#5448=DIRECTION('',(-8.3207024721808E-27,5.23402047027309E-13,-1.));
#5449=DIRECTION('',(-1.58973441533878E-14,1.,5.23402047027309E-13));
#5450=DIRECTION('',(-8.3207024721808E-27,5.23402047027309E-13,-1.));
#5451=DIRECTION('',(-8.3207024721808E-27,5.23402047027309E-13,-1.));
#5452=DIRECTION('',(0.,1.,5.23402047027309E-13));
#5453=DIRECTION('',(-8.3207024721808E-27,5.23402047027309E-13,-1.));
#5454=DIRECTION('',(-8.3207024721808E-27,5.23402047027309E-13,-1.));
#5455=DIRECTION('',(0.,1.,5.23402047027309E-13));
#5456=DIRECTION('',(-1.58973441533878E-14,1.,5.23402047027309E-13));
#5457=DIRECTION('',(0.707106781186548,-3.58860016886214E-13,0.707106781186548));
#5458=DIRECTION('',(-1.58973441533878E-14,1.,5.23402047027309E-13));
#5459=DIRECTION('',(-1.58973441533878E-14,1.,5.23402047027309E-13));
#5460=DIRECTION('',(1.58973441533878E-14,-1.,-5.23402047027309E-13));
#5461=DIRECTION('',(0.707106781186548,3.81342256593648E-13,-0.707106781186548));
#5462=DIRECTION('',(1.58973441533878E-14,-1.,-5.23402047027309E-13));
#5463=DIRECTION('',(1.58973441533878E-14,-1.,-5.23402047027309E-13));
#5464=DIRECTION('',(-8.3207024721808E-27,5.23402047027309E-13,-1.));
#5465=DIRECTION('',(-1.58973441533878E-14,1.,5.23402047027309E-13));
#5466=DIRECTION('',(-8.3207024721808E-27,5.23402047027309E-13,-1.));
#5467=DIRECTION('',(-8.3207024721808E-27,5.23402047027309E-13,-1.));
#5468=DIRECTION('',(-8.3207024721808E-27,5.23402047027309E-13,-1.));
#5469=DIRECTION('',(0.,1.,5.23402047027309E-13));
#5470=DIRECTION('',(2.77685358703585E-17,1.,1.85288457211878E-22));
#5471=DIRECTION('',(-1.,2.77685358703589E-17,-2.5467847705915E-9));
#5472=DIRECTION('',(2.77685358703585E-17,1.,1.85288457211878E-22));
#5473=DIRECTION('',(-1.,2.77685358703585E-17,0.));
#5474=DIRECTION('',(0.,1.,0.));
#5475=DIRECTION('',(0.,0.,1.));
#5476=DIRECTION('',(4.40825098697851E-20,1.,4.2351647362715E-22));
#5477=DIRECTION('',(-0.999999987663395,4.40824428012235E-20,0.00015707708494863));
#5478=DIRECTION('',(-1.4862398514407E-15,-1.,-1.50646686376551E-15));
#5479=DIRECTION('',(0.,1.50646686376551E-15,-1.));
#5480=DIRECTION('',(2.77685358703585E-17,1.,1.85288457211878E-22));
#5481=DIRECTION('',(-1.,2.77685358703589E-17,-2.5467847705915E-9));
#5482=DIRECTION('',(2.77685358703585E-17,1.,1.85288457211878E-22));
#5483=DIRECTION('',(-1.,2.77685358703585E-17,0.));
#5484=DIRECTION('',(3.35438949637478E-15,1.,2.51713177982254E-16));
#5485=DIRECTION('',(-1.,3.35438949637478E-15,0.));
#5486=DIRECTION('',(1.11077531911908E-26,-1.,-1.32348898008484E-22));
#5487=DIRECTION('',(-1.,-1.11074161270329E-26,-2.5467847705915E-9));
#5488=DIRECTION('',(1.11077531911908E-26,-1.,-1.32348898008484E-22));
#5489=DIRECTION('',(0.,1.32348898008484E-22,-1.));
#5490=DIRECTION('',(2.77685358703585E-17,1.,1.85288457211878E-22));
#5491=DIRECTION('',(-1.,2.77685358703589E-17,-2.5467847705915E-9));
#5492=DIRECTION('',(3.94650844109699E-15,1.,-1.22858423230092E-15));
#5493=DIRECTION('',(-1.,3.94650844109699E-15,0.));
#5494=DIRECTION('',(1.11077531911908E-26,-1.,-1.32348898008484E-22));
#5495=DIRECTION('',(0.,1.32348898008484E-22,-1.));
#5496=DIRECTION('',(4.40825098697851E-20,1.,4.2351647362715E-22));
#5497=DIRECTION('',(-0.999999987663395,4.40824428012235E-20,0.00015707708494863));
#5498=DIRECTION('',(-1.4862398514407E-15,-1.,-1.50646686376551E-15));
#5499=DIRECTION('',(0.,1.50646686376551E-15,-1.));
#5500=DIRECTION('',(2.77685358703585E-17,1.,1.85288457211878E-22));
#5501=DIRECTION('',(-1.,2.77685358703589E-17,-2.5467847705915E-9));
#5502=DIRECTION('',(-3.4549783919432E-15,1.,-1.22858428524048E-15));
#5503=DIRECTION('',(-1.,-3.4549783919432E-15,0.));
#5504=DIRECTION('',(1.11077531911908E-26,-1.,-1.32348898008484E-22));
#5505=DIRECTION('',(0.,1.32348898008484E-22,-1.));
#5506=DIRECTION('',(0.,1.,5.23402047027309E-13));
#5507=DIRECTION('',(8.3207024721808E-27,-5.23402047027309E-13,1.));
#5508=DIRECTION('',(1.,1.58973441533878E-14,-2.86985925493722E-42));
#5509=DIRECTION('',(3.12379829636873E-17,1.,-5.55110453521394E-17));
#5510=DIRECTION('',(-1.,3.12379828223126E-17,-2.5467847705915E-9));
#5511=DIRECTION('',(3.12379829636872E-17,1.,-5.55110188823598E-17));
#5512=DIRECTION('',(-1.,3.12379828223126E-17,-2.5467847705915E-9));
#5513=DIRECTION('',(1.11077531911908E-26,-1.,-1.32348898008484E-22));
#5514=DIRECTION('',(0.,1.32348898008484E-22,-1.));
#5515=DIRECTION('',(3.12379829636872E-17,1.,-5.55110188823598E-17));
#5516=DIRECTION('',(-1.,3.12379828223126E-17,-2.5467847705915E-9));
#5517=DIRECTION('',(1.11077531911908E-26,-1.,-1.32348898008484E-22));
#5518=DIRECTION('',(0.,1.32348898008484E-22,-1.));
#5519=DIRECTION('',(0.,1.,0.));
#5520=DIRECTION('',(1.,0.,2.5467847705915E-9));
#5521=DIRECTION('',(-8.3207024721808E-27,5.23402047027309E-13,-1.));
#5522=DIRECTION('',(-1.58973441533878E-14,1.,5.23402047027309E-13));
#5523=DIRECTION('',(-8.3207024721808E-27,5.23402047027309E-13,-1.));
#5524=DIRECTION('',(-1.58973441533878E-14,1.,5.23402047027309E-13));
#5525=DIRECTION('',(1.,4.35507270664462E-39,-8.3207024721808E-27));
#5526=DIRECTION('',(0.,1.,5.23402047027309E-13));
#5527=DIRECTION('',(8.3207024721808E-27,-5.23402047027309E-13,1.));
#5528=DIRECTION('',(1.,1.58973441533878E-14,-2.86985925493722E-42));
#5529=DIRECTION('',(-8.3207024721808E-27,5.23402047027309E-13,-1.));
#5530=DIRECTION('',(-1.58973441533878E-14,1.,5.23402047027309E-13));
#5531=DIRECTION('',(3.35438949637478E-15,1.,2.51713177982254E-16));
#5532=DIRECTION('',(-1.,3.35438949701584E-15,-2.5467847705915E-9));
#5533=DIRECTION('',(1.11077531911908E-26,-1.,-1.32348898008484E-22));
#5534=DIRECTION('',(0.,1.32348898008484E-22,-1.));
#5535=DIRECTION('',(1.11077531911908E-26,-1.,-1.32348898008484E-22));
#5536=DIRECTION('',(-1.,-1.11074161270329E-26,-2.5467847705915E-9));
#5537=DIRECTION('',(1.11077531911908E-26,-1.,-1.32348898008484E-22));
#5538=DIRECTION('',(-1.,-1.11074161270329E-26,-2.5467847705915E-9));
#5539=DIRECTION('',(1.11077531911908E-26,-1.,-1.32348898008484E-22));
#5540=DIRECTION('',(-1.,-1.11074161270329E-26,-2.5467847705915E-9));
#5541=DIRECTION('',(1.11077531911908E-26,-1.,-1.32348898008484E-22));
#5542=DIRECTION('',(0.,1.32348898008484E-22,-1.));
#5543=DIRECTION('',(2.77685358703585E-17,1.,1.85288457211878E-22));
#5544=DIRECTION('',(-1.,2.77685358703589E-17,-2.5467847705915E-9));
#5545=DIRECTION('',(-1.5842389787505E-14,1.,5.23081024913158E-13));
#5546=DIRECTION('',(-0.723670272197246,-3.72466881331918E-13,0.690145881055566));
#5547=DIRECTION('',(0.,-1.,0.));
#5548=DIRECTION('',(0.,0.,-1.));
#5549=DIRECTION('',(-1.58423897875051E-14,1.,5.23081024913158E-13));
#5550=DIRECTION('',(-1.58423897875051E-14,1.,5.23081024913158E-13));
#5551=DIRECTION('',(0.694199947467099,3.87502203407239E-13,-0.719782212156342));
#5552=DIRECTION('',(0.,1.,0.));
#5553=DIRECTION('',(0.,0.,1.));
#5554=DIRECTION('',(-1.58423897875051E-14,1.,5.23081024913158E-13));
#5555=DIRECTION('',(-0.673069683966069,-4.02778634800949E-13,0.739579069826761));
#5556=DIRECTION('',(-0.739579069826761,3.40150324620483E-13,-0.673069683966069));
#5557=DIRECTION('',(0.739579069826761,3.05311331771918E-16,0.673069683966069));
#5558=DIRECTION('',(-5.9448311523424E-14,1.,4.9050303524211E-13));
#5559=DIRECTION('',(-5.9448311523424E-14,1.,4.9050303524211E-13));
#5560=DIRECTION('',(0.636534936955252,4.16140347450447E-13,-0.771247868091299));
#5561=DIRECTION('',(0.,1.,0.));
#5562=DIRECTION('',(0.,0.,1.));
#5563=DIRECTION('',(8.3207024721808E-27,-5.23402047027309E-13,1.));
#5564=DIRECTION('',(-1.,-1.58973441533878E-14,2.86985925493722E-42));
#5565=DIRECTION('',(1.,3.6977854932235E-32,-2.77685358786783E-17));
#5566=DIRECTION('',(1.58973441533878E-14,-1.,-5.23402047027309E-13));
#5567=DIRECTION('',(1.58973441533878E-14,-1.,-5.23402047027309E-13));
#5568=DIRECTION('',(0.707106781186548,-3.58860016886214E-13,0.707106781186548));
#5569=DIRECTION('',(1.58973441533878E-14,-1.,-5.23402047027309E-13));
#5570=DIRECTION('',(0.,5.23402047027309E-13,-1.));
#5571=DIRECTION('',(1.58973441533878E-14,-1.,-5.23402047027309E-13));
#5572=DIRECTION('',(1.,1.58973441533878E-14,-2.86985925493722E-42));
#5573=DIRECTION('',(8.3207024721808E-27,-5.23402047027309E-13,1.));
#5574=DIRECTION('',(1.85288457211871E-22,1.99834039639789E-37,-1.));
#5575=DIRECTION('',(-1.58973441533878E-14,1.,9.1781865794137E-15));
#5576=DIRECTION('',(-1.58973441533878E-14,1.,9.1781865794137E-15));
#5577=DIRECTION('',(-0.866023640868885,-9.17835454905059E-15,-0.500003053446877));
#5578=DIRECTION('',(0.,1.,0.));
#5579=DIRECTION('',(0.,0.,1.));
#5580=DIRECTION('',(-1.58973441533878E-14,1.,9.1781865794137E-15));
#5581=DIRECTION('',(0.499993893087605,-1.05879118406788E-22,0.866028929583245));
#5582=DIRECTION('',(0.866028929583245,5.29395592033938E-23,-0.499993893087605));
#5583=DIRECTION('',(0.866028929583245,5.82867087928207E-16,-0.499993893087605));
#5584=DIRECTION('',(1.11077531911966E-26,-1.,-1.32348898008484E-22));
#5585=DIRECTION('',(1.11077531911966E-26,-1.,-1.32348898008484E-22));
#5586=DIRECTION('',(-0.150455857744017,1.30840663276289E-22,-0.98861672799448));
#5587=DIRECTION('',(0.,1.,0.));
#5588=DIRECTION('',(0.,0.,1.));
#5589=DIRECTION('',(1.11077531911966E-26,-1.,-1.32348898008484E-22));
#5590=DIRECTION('',(1.11077531912025E-26,-1.,-1.32348898008484E-22));
#5591=DIRECTION('',(0.819074737373056,-7.59177211743519E-23,0.573686826236458));
#5592=DIRECTION('',(0.,-1.,0.));
#5593=DIRECTION('',(0.,0.,-1.));
#5594=DIRECTION('',(1.11077531911849E-26,-1.,-1.32348898008484E-22));
#5595=DIRECTION('',(1.11077531911849E-26,-1.,-1.32348898008484E-22));
#5596=DIRECTION('',(-0.994223743125599,1.41936058453628E-23,-0.107327296645928));
#5597=DIRECTION('',(0.,1.,0.));
#5598=DIRECTION('',(0.,0.,1.));
#5599=DIRECTION('',(1.11077531911849E-26,-1.,-1.32348898008484E-22));
#5600=DIRECTION('',(0.707106781186547,1.12415134588921E-14,0.707106781186548));
#5601=DIRECTION('',(0.707106781186548,-4.17055200426376E-17,-0.707106781186547));
#5602=DIRECTION('',(0.707106781186548,-6.38378239159465E-16,-0.707106781186547));
#5603=DIRECTION('',(3.46944773354516E-18,1.,-1.59013702446424E-14));
#5604=DIRECTION('',(3.46944773354516E-18,1.,-1.59013702446424E-14));
#5605=DIRECTION('',(0.923879532511287,6.08198559277772E-15,0.38268343236509));
#5606=DIRECTION('',(0.,-1.,0.));
#5607=DIRECTION('',(0.,0.,-1.));
#5608=DIRECTION('',(3.46944773354516E-18,1.,-1.59013702446424E-14));
#5609=DIRECTION('',(-1.,3.46944696306156E-18,2.06795153138257E-24));
#5610=DIRECTION('',(-2.06795153157517E-24,-5.55110321172496E-17,-1.));
#5611=DIRECTION('',(1.83220505680492E-22,-8.22846045575601E-37,-1.));
#5612=DIRECTION('',(3.46944725516857E-18,1.,-1.42259564656186E-15));
#5613=DIRECTION('',(3.46944725516857E-18,1.,-1.42259564656186E-15));
#5614=DIRECTION('',(0.784674261447785,-8.84601238266742E-16,-0.619908302429782));
#5615=DIRECTION('',(0.,-1.,0.));
#5616=DIRECTION('',(0.,0.,-1.));
#5617=DIRECTION('',(3.46944725516857E-18,1.,-1.42259564656186E-15));
#5618=DIRECTION('',(0.231427393157238,-1.38477819303558E-15,-0.972852178748881));
#5619=DIRECTION('',(-0.972852178748881,2.70147261892468E-17,-0.231427393157238));
#5620=DIRECTION('',(-0.972852178748881,-5.41233724504764E-16,-0.231427393157238));
#5621=DIRECTION('',(-5.98364045925238E-15,-1.,-1.23389124709789E-22));
#5622=DIRECTION('',(-5.98364045925238E-15,-1.,-1.23389124709789E-22));
#5623=DIRECTION('',(0.116507128383512,-6.97136644638067E-16,-0.993189855483748));
#5624=DIRECTION('',(0.,-1.,0.));
#5625=DIRECTION('',(0.,0.,-1.));
#5626=DIRECTION('',(-2.5533842636519E-15,1.,9.84071162649555E-23));
#5627=DIRECTION('',(-0.11650712257073,-2.97487355638516E-16,-0.993189856165622));
#5628=DIRECTION('',(0.,-1.,0.));
#5629=DIRECTION('',(0.,0.,-1.));
#5630=DIRECTION('',(-2.5533842636519E-15,1.,9.84071162649555E-23));
#5631=DIRECTION('',(-0.231427387463481,-5.90922953591747E-16,-0.972852180103343));
#5632=DIRECTION('',(-0.972852180103343,2.70146335450181E-17,0.231427387463481));
#5633=DIRECTION('',(-0.972852180103343,6.10622663543836E-16,0.231427387463481));
#5634=DIRECTION('',(1.58973441533878E-14,-1.,-5.23402047027309E-13));
#5635=DIRECTION('',(0.707106781186548,-3.58860016886214E-13,0.707106781186548));
#5636=DIRECTION('',(-1.96353200234299E-17,0.707106781186744,-0.707106781186351));
#5637=DIRECTION('',(-0.70710678118654,0.707106781186555,-1.31018724570106E-22));
#5638=DIRECTION('',(1.58973441533878E-14,-1.,-5.23402047027309E-13));
#5639=DIRECTION('',(-0.707106781186548,-3.81342256593648E-13,0.707106781186548));
#5640=DIRECTION('',(-1.96353200234299E-17,0.707106781186744,-0.707106781186351));
#5641=DIRECTION('',(0.707106781186508,0.707106781186587,-1.31018724570094E-22));
#5642=DIRECTION('',(1.96353200234408E-17,0.707106781186351,0.707106781186744));
#5643=DIRECTION('',(1.,3.6977854932235E-32,-2.77685358786783E-17));
#5644=DIRECTION('',(0.,1.,0.));
#5645=DIRECTION('',(0.636534936955252,0.,-0.771247868091299));
#5646=DIRECTION('',(0.423212008264462,0.707106781237177,-0.566472943739734));
#5647=DIRECTION('',(0.475932137743399,0.707106781186688,-0.522961375498038));
#5648=DIRECTION('',(0.,1.,0.));
#5649=DIRECTION('',(0.635611282695603,0.,-0.772009259860301));
#5650=DIRECTION('',(0.378580951236535,0.707106781237177,-0.597223964094911));
#5651=DIRECTION('',(0.,-1.,0.));
#5652=DIRECTION('',(-0.876183290112146,0.,0.481978051500537));
#5653=DIRECTION('',(0.707106781186524,0.707106781186571,-1.32773439631309E-22));
#5654=DIRECTION('',(-0.707106781186571,0.707106781186524,1.32773439631317E-22));
#5655=DIRECTION('',(1.87769999049528E-22,3.05628531213795E-37,1.));
#5656=DIRECTION('',(0.707106781186552,0.707106781186544,3.80747421230818E-15));
#5657=DIRECTION('',(0.,1.,0.));
#5658=DIRECTION('',(0.851059055347247,0.,-0.525069980394473));
#5659=DIRECTION('',(-0.317210245547474,-0.707106781186618,0.631963337638832));
#5660=DIRECTION('',(0.,-1.,0.));
#5661=DIRECTION('',(-1.,0.,-2.54678484506328E-9));
#5662=DIRECTION('',(0.288456680045889,0.707106781186545,0.645594875860169));
#5663=DIRECTION('',(0.,1.,0.));
#5664=DIRECTION('',(0.83902900602006,0.,0.544086690755241));
#5665=DIRECTION('',(0.70710678118655,0.707106781186545,2.47242259282147E-9));
#5666=DIRECTION('',(-0.707106781186555,0.70710678118654,-2.47241938548619E-9));
#5667=DIRECTION('',(-3.49652902682868E-9,6.20385459414771E-24,1.));
#5668=DIRECTION('',(-0.707106781186559,-0.707106781186537,-2.47203489774113E-9));
#5669=DIRECTION('',(-3.49652902682868E-9,6.20385459414771E-24,1.));
#5670=DIRECTION('',(0.,-1.,0.));
#5671=DIRECTION('',(-0.947360920067384,0.,-0.320167592252994));
#5672=DIRECTION('',(-0.562139586986395,-0.70710678118651,-0.428951144937065));
#5673=DIRECTION('',(0.,-1.,0.));
#5674=DIRECTION('',(0.,0.,-1.));
#5675=DIRECTION('',(0.,-1.,0.));
#5676=DIRECTION('',(-1.,0.,-2.5467847705915E-9));
#5677=DIRECTION('',(-0.531335492398987,-0.707106781186522,-0.466564673456063));
#5678=DIRECTION('',(0.,-1.,0.));
#5679=DIRECTION('',(0.,0.,-1.));
#5680=DIRECTION('',(0.,-1.,0.));
#5681=DIRECTION('',(-0.515747147418255,0.,-0.856740847590409));
#5682=DIRECTION('',(0.,-1.,0.));
#5683=DIRECTION('',(0.,0.,-1.));
#5684=DIRECTION('',(0.163643875027715,0.707106781186545,0.687910373643193));
#5685=DIRECTION('',(-0.163643875027713,0.70710678118655,-0.687910373643188));
#5686=DIRECTION('',(-0.972852180103343,6.10622663543836E-16,0.231427387463481));
#5687=DIRECTION('',(-0.972852180103343,6.10622663543836E-16,0.231427387463481));
#5688=DIRECTION('',(-0.163643875027434,-0.70710678118663,-0.687910373643173));
#5689=DIRECTION('',(0.,-1.,0.));
#5690=DIRECTION('',(-0.11650712257073,0.,-0.993189856165622));
#5691=DIRECTION('',(-2.06921595834618E-9,0.707106781186571,0.707106781186524));
#5692=DIRECTION('',(0.,-1.,0.));
#5693=DIRECTION('',(0.116507128383512,0.,-0.993189855483748));
#5694=DIRECTION('',(-0.163643879053809,0.707106781186548,0.68791037268544));
#5695=DIRECTION('',(2.06896085006491E-9,-0.707106781186749,-0.707106781186346));
#5696=DIRECTION('',(0.163643879053808,0.707106781186547,-0.687910372685442));
#5697=DIRECTION('',(-0.972852178748881,-5.41233724504764E-16,-0.231427393157238));
#5698=DIRECTION('',(0.163643879053628,-0.707106781186579,-0.687910372685452));
#5699=DIRECTION('',(-0.972852178748881,-5.41233724504764E-16,-0.231427393157238));
#5700=DIRECTION('',(0.,-1.,0.));
#5701=DIRECTION('',(0.784674261447785,0.,-0.619908302429782));
#5702=DIRECTION('',(0.,-1.,0.));
#5703=DIRECTION('',(0.,0.,-1.));
#5704=DIRECTION('',(-0.70710678118654,0.707106781186555,-1.29556462019103E-22));
#5705=DIRECTION('',(0.707106781186555,0.70710678118654,1.29556462019105E-22));
#5706=DIRECTION('',(1.83220505680492E-22,-8.22846045575601E-37,-1.));
#5707=DIRECTION('',(-0.70710678118654,0.707106781186555,-1.29556462019103E-22));
#5708=DIRECTION('',(1.83220505680492E-22,-8.22846045575601E-37,-1.));
#5709=DIRECTION('',(0.,-1.,0.));
#5710=DIRECTION('',(0.923879532511287,0.,0.38268343236509));
#5711=DIRECTION('',(-0.499999999999993,0.707106781186557,-0.499999999999994));
#5712=DIRECTION('',(0.500000000000007,0.707106781186538,0.500000000000007));
#5713=DIRECTION('',(0.707106781186548,-6.38378239159465E-16,-0.707106781186547));
#5714=DIRECTION('',(-0.499999999999762,0.70710678118656,-0.500000000000221));
#5715=DIRECTION('',(0.,1.,0.));
#5716=DIRECTION('',(-0.994223743125599,0.,-0.107327296645928));
#5717=DIRECTION('',(0.595188198005488,-0.707106781186597,-0.381773504783804));
#5718=DIRECTION('',(0.,-1.,0.));
#5719=DIRECTION('',(1.,0.,2.54678484506328E-9));
#5720=DIRECTION('',(0.155369330487907,0.707106781186563,-0.689826334046272));
#5721=DIRECTION('',(0.,1.,0.));
#5722=DIRECTION('',(-0.150455857744017,0.,-0.98861672799448));
#5723=DIRECTION('',(-0.353549072354107,0.707106781186549,-0.612374928812039));
#5724=DIRECTION('',(0.353549072354107,0.707106781186547,0.612374928812041));
#5725=DIRECTION('',(0.866028929583245,5.82867087928207E-16,-0.499993893087605));
#5726=DIRECTION('',(-0.353549072354271,0.707106781186758,-0.612374928811702));
#5727=DIRECTION('',(0.,1.,0.));
#5728=DIRECTION('',(-0.866023640868885,0.,-0.500003053446877));
#5729=DIRECTION('',(-0.70710678118654,0.707106781186555,-1.31018724570106E-22));
#5730=DIRECTION('',(0.707106781186555,0.70710678118654,1.31018724570109E-22));
#5731=DIRECTION('',(1.85288457211871E-22,1.99834039639789E-37,-1.));
#5732=DIRECTION('',(-0.707106781186587,0.707106781186508,1.31018724570107E-22));
#5733=DIRECTION('',(1.85288457211861E-22,8.22846045575601E-37,1.));
#5734=DIRECTION('',(0.707106781162853,0.707106781210242,-2.12355005029865E-14));
#5735=DIRECTION('',(0.,1.,0.));
#5736=DIRECTION('',(0.892325905144276,0.,-0.45139171349112));
#5737=DIRECTION('',(-0.498023210075935,-0.707106781069933,0.501969005408281));
#5738=DIRECTION('',(0.,-1.,0.));
#5739=DIRECTION('',(-0.723670272197246,0.,0.690145881055566));
#5740=DIRECTION('',(0.505403292848701,0.707106781198296,-0.494537674561883));
#5741=DIRECTION('',(0.,1.,0.));
#5742=DIRECTION('',(0.694199947467099,0.,-0.719782212156342));
#5743=DIRECTION('',(0.475932137743399,0.707106781186688,-0.522961375498038));
#5744=DIRECTION('',(-0.475932137743588,0.707106781186408,0.522961375498245));
#5745=DIRECTION('',(0.739579069826761,3.05311331771918E-16,0.673069683966069));
#5746=DIRECTION('',(-1.4862398514407E-15,-1.,-1.50646686376551E-15));
#5747=DIRECTION('',(-0.999999987663395,1.48600320168201E-15,0.00015707708494863));
#5748=DIRECTION('',(0.,1.,0.));
#5749=DIRECTION('',(0.,0.,1.));
#5750=DIRECTION('',(0.,1.,0.));
#5751=DIRECTION('',(-0.999999987663395,0.,0.00015707708494863));
#5752=DIRECTION('',(-1.4862398514407E-15,-1.,-1.50646686376551E-15));
#5753=DIRECTION('',(-0.999999987663395,1.48600320168201E-15,0.00015707708494863));
#5754=DIRECTION('',(0.,1.,0.));
#5755=DIRECTION('',(0.,0.,1.));
#5756=DIRECTION('',(0.,1.,0.));
#5757=DIRECTION('',(0.999999987663395,0.,-0.00015707708494863));
#5758=DIRECTION('',(3.94650844109699E-15,1.,-1.22858423230092E-15));
#5759=DIRECTION('',(-1.,3.94650843796805E-15,-2.5467847705915E-9));
#5760=DIRECTION('',(-2.77685358703585E-17,-1.,-1.85288457211878E-22));
#5761=DIRECTION('',(1.,-2.77685358703585E-17,0.));
#5762=DIRECTION('',(-2.77685358703585E-17,-1.,-1.85288457211878E-22));
#5763=DIRECTION('',(5.14518917045142E-39,1.85288457211878E-22,-1.));
#5764=DIRECTION('',(3.94650792824502E-15,1.,-1.22858788513051E-15));
#5765=DIRECTION('',(-1.,3.94650792511607E-15,-2.5467847705915E-9));
#5766=DIRECTION('',(2.77685358703585E-17,1.,1.85288457211878E-22));
#5767=DIRECTION('',(-1.,2.77685358703585E-17,0.));
#5768=DIRECTION('',(-2.77685358703585E-17,-1.,-1.85288457211878E-22));
#5769=DIRECTION('',(1.,-2.77685358703589E-17,2.5467847705915E-9));
#5770=DIRECTION('',(2.77685358703585E-17,1.,1.85288457211878E-22));
#5771=DIRECTION('',(-1.,2.77685358703585E-17,0.));
#5772=DIRECTION('',(-3.4549783919432E-15,1.,-1.22858428524048E-15));
#5773=DIRECTION('',(-1.,-3.45497839507214E-15,-2.5467847705915E-9));
#5774=DIRECTION('',(-2.77685358703585E-17,-1.,-1.85288457211878E-22));
#5775=DIRECTION('',(1.,-2.77685358703585E-17,0.));
#5776=DIRECTION('',(-2.77685358703585E-17,-1.,-1.85288457211878E-22));
#5777=DIRECTION('',(5.14518917045142E-39,1.85288457211878E-22,-1.));
#5778=DIRECTION('',(-2.77685358703585E-17,-1.,-1.85288457211878E-22));
#5779=DIRECTION('',(1.,-2.77685358703589E-17,2.5467847705915E-9));
#5780=DIRECTION('',(-2.77685358703585E-17,-1.,-1.85288457211878E-22));
#5781=DIRECTION('',(1.,-2.77685358703585E-17,0.));
#5782=DIRECTION('',(-3.45497856068805E-15,1.,-1.22858550285034E-15));
#5783=DIRECTION('',(-1.,-3.454978563817E-15,-2.5467847705915E-9));
#5784=DIRECTION('',(-2.77685358703585E-17,-1.,-1.85288457211878E-22));
#5785=DIRECTION('',(1.,-2.77685358703585E-17,0.));
#5786=DIRECTION('',(-2.77685358703585E-17,-1.,-1.85288457211878E-22));
#5787=DIRECTION('',(5.14518917045142E-39,1.85288457211878E-22,-1.));
#5788=DIRECTION('',(4.41153967614826E-20,1.,4.2351647362715E-22));
#5789=DIRECTION('',(-0.999999987663395,4.41153296925153E-20,0.000157077084948649));
#5790=DIRECTION('',(-1.48623985786751E-15,-1.,-1.50646691670507E-15));
#5791=DIRECTION('',(0.,1.50646691670507E-15,-1.));
#5792=DIRECTION('',(3.0180010570437E-16,-1.,-4.6931686857417E-16));
#5793=DIRECTION('',(0.,4.6931686857417E-16,-1.));
#5794=DIRECTION('',(3.0180010570437E-16,-1.,-4.6931686857417E-16));
#5795=DIRECTION('',(-0.999999987663395,-3.01873820906814E-16,0.000157077084948649));
#5796=DIRECTION('',(2.77685358703585E-17,1.,1.85288457211878E-22));
#5797=DIRECTION('',(-5.14518917045142E-39,-1.85288457211878E-22,1.));
#5798=DIRECTION('',(-1.48623985786751E-15,-1.,-1.50646691670507E-15));
#5799=DIRECTION('',(-0.999999987663395,1.48600320810051E-15,0.000157077084948649));
#5800=DIRECTION('',(2.06921595834631E-9,0.707106781186524,-0.707106781186571));
#5801=DIRECTION('',(-1.,-4.13590306276514E-24,-2.9263132717721E-9));
#5802=DIRECTION('',(2.06921595834631E-9,0.707106781186524,-0.707106781186571));
#5803=DIRECTION('',(-1.,-4.13590306276514E-24,-2.9263132717721E-9));
#5804=DIRECTION('',(2.06921595834631E-9,0.707106781186524,-0.707106781186571));
#5805=DIRECTION('',(-1.,-4.13590306276514E-24,-2.9263132717721E-9));
#5806=DIRECTION('',(0.000111203357634618,0.707106776814287,0.707106776814594));
#5807=DIRECTION('',(-0.999999987662977,1.85663353024714E-7,0.000157079632138597));
#5808=DIRECTION('',(0.000157079631679521,-2.47006031262259E-6,0.999999987659944));
#5809=DIRECTION('',(1.86051346898943E-7,0.999999999996932,2.47003111858659E-6));
#5810=DIRECTION('',(-0.000157079631679521,2.47006031299089E-6,-0.999999987659944));
#5811=DIRECTION('',(0.999999987662977,-1.85663353024714E-7,-0.000157079632138597));
#5812=DIRECTION('',(-0.000157079631679521,2.47006031262259E-6,-0.999999987659944));
#5813=DIRECTION('',(1.86051346898943E-7,0.999999999996932,2.47003111858659E-6));
#5814=DIRECTION('',(-0.000157079631679521,2.47006031299089E-6,-0.999999987659944));
#5815=DIRECTION('',(0.,1.85288457211878E-22,-1.));
#5816=DIRECTION('',(0.,1.,1.85288457211878E-22));
#5817=DIRECTION('',(-4.41192127782929E-20,-1.,-3.97046694025453E-22));
#5818=DIRECTION('',(0.,1.85288457211878E-22,-1.));
#5819=DIRECTION('',(0.,1.,1.85288457211878E-22));
#5820=DIRECTION('',(-4.41192127782929E-20,-1.,-3.97046694025453E-22));
#5821=DIRECTION('',(-1.,4.41192127782929E-20,0.));
#5822=DIRECTION('',(-4.41192127782929E-20,-1.,0.));
#5823=DIRECTION('',(-1.,4.41192127782929E-20,0.));
#5824=DIRECTION('',(-4.41192127782929E-20,-1.,0.));
#5825=DIRECTION('',(-1.,4.41192127782929E-20,0.));
#5826=DIRECTION('',(-4.41192127782929E-20,-1.,0.));
#5827=DIRECTION('',(-1.,4.41192127782929E-20,0.));
#5828=DIRECTION('',(-4.41192127782929E-20,-1.,0.));
#5829=CARTESIAN_POINT('',(0.,0.,0.));
#5830=CARTESIAN_POINT('',(16.5623938089868,4.19251356959717,12.7989437567223));
#5831=CARTESIAN_POINT('',(16.8623938089868,6.49251335846251,12.7989437567223));
#5832=CARTESIAN_POINT('',(16.8623938089868,4.19251356959714,12.7989437567223));
#5833=CARTESIAN_POINT('',(16.8623938089868,3.99251335846251,12.7989437567223));
#5834=CARTESIAN_POINT('',(16.5623938089868,3.99251335846251,12.7989437567223));
#5835=CARTESIAN_POINT('',(16.2623938089868,3.99251335846251,12.7989437567223));
#5836=CARTESIAN_POINT('',(16.2623938089868,6.49251335846251,12.7989437567223));
#5837=CARTESIAN_POINT('',(16.2623938089868,4.19251356959712,12.7989437567223));
#5838=CARTESIAN_POINT('',(16.5623938089868,4.19251356959714,12.7989437567223));
#5839=CARTESIAN_POINT('',(19.5073710402344,3.0924976956932,12.6550622632957));
#5840=CARTESIAN_POINT('',(19.5073701037623,3.99251335846251,12.6550629257021));
#5841=CARTESIAN_POINT('',(19.4249481891893,3.99251335846251,12.5385395680621));
#5842=CARTESIAN_POINT('',(19.4323937772807,3.99251335846251,12.5490657118493));
#5843=CARTESIAN_POINT('',(19.4323937772807,3.09249792963223,12.5490637255131));
#5844=CARTESIAN_POINT('',(19.4323937772807,4.19251356959712,12.5490661532503));
#5845=CARTESIAN_POINT('',(19.5073712448938,4.19251356959712,12.6550649803691));
#5846=CARTESIAN_POINT('',(19.5073712448938,4.19251356959712,12.6550649803691));
#5847=CARTESIAN_POINT('',(19.5073710402344,3.09249769569319,12.6550622632957));
#5848=CARTESIAN_POINT('',(19.5073711593101,3.73251335846249,12.6550638441543));
#5849=CARTESIAN_POINT('',(19.1472911918589,3.73251335846249,12.1460035166468));
#5850=CARTESIAN_POINT('',(19.424948595077,3.73251335846249,12.5385395680621));
#5851=CARTESIAN_POINT('',(19.4249495942097,3.09249756702455,12.5385395680621));
#5852=CARTESIAN_POINT('',(17.7622187487059,4.19251356959712,16.0068485374091));
#5853=CARTESIAN_POINT('',(17.7622187517286,4.19251356959712,14.8199561892738));
#5854=CARTESIAN_POINT('',(15.9555626172514,4.19251356959725,14.8199561846726));
#5855=CARTESIAN_POINT('',(16.0211205053457,4.19251353532909,14.8199561847978));
#5856=CARTESIAN_POINT('',(16.0211205064919,4.19251350106154,13.9199561846726));
#5857=CARTESIAN_POINT('',(16.4834152119833,4.19251350244949,14.6921502051587));
#5858=CARTESIAN_POINT('',(17.8543336913282,4.19251356959712,15.7636832303445));
#5859=CARTESIAN_POINT('',(17.5201895231389,4.19251356959712,14.0560683997665));
#5860=CARTESIAN_POINT('',(17.5643580403269,4.19251356959712,14.2817877813245));
#5861=CARTESIAN_POINT('',(17.7943582514472,4.19251356959712,14.281790259636));
#5862=CARTESIAN_POINT('',(17.7943396634961,4.19251356959712,16.0068488835202));
#5863=CARTESIAN_POINT('',(17.7943458720893,4.19251356959712,15.4306591224011));
#5864=CARTESIAN_POINT('',(17.5143456609718,4.19251356959712,15.4306561053267));
#5865=CARTESIAN_POINT('',(17.5143456609718,4.19251356959712,15.7106563164605));
#5866=CARTESIAN_POINT('',(17.7622187487059,4.19251356959712,15.7106563164605));
#5867=CARTESIAN_POINT('',(16.4553188942562,4.19251356959712,15.7106563164605));
#5868=CARTESIAN_POINT('',(16.4553188942562,4.19251356959712,15.3306561053267));
#5869=CARTESIAN_POINT('',(16.0794946987276,4.19251350772286,15.3868369516409));
#5870=CARTESIAN_POINT('',(15.6623900967552,4.19251356959696,15.7706561053267));
#5871=CARTESIAN_POINT('',(15.9194098535824,4.19251356959724,15.2654489831252));
#5872=CARTESIAN_POINT('',(16.0055626170732,4.19251356959734,15.0961040648581));
#5873=CARTESIAN_POINT('',(15.8155626170732,4.19251356959723,15.0961040646162));
#5874=CARTESIAN_POINT('',(15.8155626147538,4.19251356959712,16.0068485324514));
#5875=CARTESIAN_POINT('',(15.8155626172466,4.1925135695973,14.9599561844943));
#5876=CARTESIAN_POINT('',(15.9555626170732,4.1925135695973,14.9599561846726));
#5877=CARTESIAN_POINT('',(17.2939744706865,4.19251356959712,16.4750923338308));
#5878=CARTESIAN_POINT('',(16.9141402768641,4.19251356959712,16.0952577493416));
#5879=CARTESIAN_POINT('',(17.5297312908101,4.19251356959712,16.7108493964348));
#5880=CARTESIAN_POINT('',(17.0237420336064,4.19251356959712,15.9856561053267));
#5881=CARTESIAN_POINT('',(17.0237420336064,4.19251356959712,15.8306558941931));
#5882=CARTESIAN_POINT('',(17.7622187487059,4.19251356959712,15.8306558941931));
#5883=CARTESIAN_POINT('',(17.5143383337966,4.19251356959712,15.8306558941931));
#5884=CARTESIAN_POINT('',(17.5143383337966,4.19251356959712,16.1106561053267));
#5885=CARTESIAN_POINT('',(17.794338544914,4.19251356959712,16.110659122401));
#5886=CARTESIAN_POINT('',(17.7943396634961,4.19251356959712,16.0068488835202));
#5887=CARTESIAN_POINT('',(17.7943332586776,4.19251356959712,16.6012494225872));
#5888=CARTESIAN_POINT('',(17.6393330475524,4.19251356959712,16.6012477524199));
#5889=CARTESIAN_POINT('',(17.9143334801945,4.19251356959712,16.0068485374091));
#5890=CARTESIAN_POINT('',(17.9143334801945,4.19251356959712,14.3911862941002));
#5891=CARTESIAN_POINT('',(17.9143334801945,4.19251356959712,15.1858362453139));
#5892=CARTESIAN_POINT('',(18.1443336913282,4.19251356959712,14.3911862941002));
#5893=CARTESIAN_POINT('',(18.1918814965953,4.19251356959712,14.1661545111547));
#5894=CARTESIAN_POINT('',(17.8543336913282,4.19251356959712,15.7636832303445));
#5895=CARTESIAN_POINT('',(18.3683421678287,4.19251356959712,14.2138987886996));
#5896=CARTESIAN_POINT('',(18.3085297557566,4.19251356959712,14.394238899582));
#5897=CARTESIAN_POINT('',(18.4700667839715,4.19251356959712,14.4942682390112));
#5898=CARTESIAN_POINT('',(18.9461752111892,4.19251356959712,14.7890911164505));
#5899=CARTESIAN_POINT('',(18.4221853565888,4.19251356959712,14.9866623588039));
#5900=CARTESIAN_POINT('',(18.2444028199057,4.19251356959712,15.0536955586509));
#5901=CARTESIAN_POINT('',(18.3747848455487,4.19251356959712,15.1919005065377));
#5902=CARTESIAN_POINT('',(17.6438919362499,4.19251356959712,15.8814221155658));
#5903=CARTESIAN_POINT('',(18.2347157169713,4.19251356959712,15.3240411932008));
#5904=CARTESIAN_POINT('',(18.1043336913282,4.19251356959712,15.1858362453139));
#5905=CARTESIAN_POINT('',(19.3146998740721,4.19251356959712,16.1106561053267));
#5906=CARTESIAN_POINT('',(19.5686245630483,4.19251356959712,15.9926630099217));
#5907=CARTESIAN_POINT('',(19.3146998740721,4.19251356959712,15.8306558941931));
#5908=CARTESIAN_POINT('',(20.0463900967552,4.19251356959712,15.7706561053267));
#5909=CARTESIAN_POINT('',(19.5753680000437,4.19251356959712,16.0066331281391));
#5910=CARTESIAN_POINT('',(19.2803236835415,4.19251356959712,16.154447168907));
#5911=CARTESIAN_POINT('',(19.4918234620882,4.19251356959712,16.407761169749));
#5912=CARTESIAN_POINT('',(23.5808164292154,4.19251356959712,21.3051618906138));
#5913=CARTESIAN_POINT('',(19.2524571373256,4.19251356959712,16.6179768989322));
#5914=CARTESIAN_POINT('',(18.8928910848991,4.19251356959712,16.2286024291165));
#5915=CARTESIAN_POINT('',(18.8928910848991,4.19251356959712,16.7586026402502));
#5916=CARTESIAN_POINT('',(17.7622187487059,4.19251356959712,16.7586026402502));
#5917=CARTESIAN_POINT('',(18.1943336913282,4.19251356959712,16.7586026402502));
#5918=CARTESIAN_POINT('',(18.1943336913282,4.19251356959712,16.4786024291165));
#5919=CARTESIAN_POINT('',(17.9143334801945,4.19251356959712,16.4786024291165));
#5920=CARTESIAN_POINT('',(17.9143334801945,4.19251356959712,16.0068485374091));
#5921=CARTESIAN_POINT('',(17.9143334801945,4.19251356959712,16.1106561053266));
#5922=CARTESIAN_POINT('',(18.1943336913282,4.19251356959712,16.1106561053267));
#5923=CARTESIAN_POINT('',(18.1943336913282,4.19251356959712,15.8306558941931));
#5924=CARTESIAN_POINT('',(17.7622187487059,4.19251356959712,15.8306558941931));
#5925=CARTESIAN_POINT('',(18.8075979609909,4.19251356959712,15.5261775060463));
#5926=CARTESIAN_POINT('',(18.8427042367191,4.19251356959712,15.3394487465161));
#5927=CARTESIAN_POINT('',(18.7229558750495,4.19251346403734,15.3560723697161));
#5928=CARTESIAN_POINT('',(18.9461752111892,4.19251356959712,14.7890911164505));
#5929=CARTESIAN_POINT('',(19.465090464157,4.19251356959712,14.9996302429013));
#5930=CARTESIAN_POINT('',(19.641151258438,4.19251356959712,15.0710632671151));
#5931=CARTESIAN_POINT('',(19.8165936030218,4.19251356959712,14.9981244985626));
#5932=CARTESIAN_POINT('',(17.8405607754259,4.19251356959712,15.8196445335694));
#5933=CARTESIAN_POINT('',(19.8248079366035,4.19251356959712,15.0181683286758));
#5934=CARTESIAN_POINT('',(19.5651866425585,4.19251356959712,15.1230344429039));
#5935=CARTESIAN_POINT('',(19.7321827751475,4.19251356959712,15.3477841034938));
#5936=CARTESIAN_POINT('',(20.0463900967552,4.19251356959712,15.7706561053267));
#5937=CARTESIAN_POINT('',(19.5686245630483,4.19251356959712,15.5486492007317));
#5938=CARTESIAN_POINT('',(19.3146998740721,4.19251356959712,15.4306561053267));
#5939=CARTESIAN_POINT('',(19.3146998740721,4.19251356959712,15.7106563164606));
#5940=CARTESIAN_POINT('',(17.7622187487059,4.19251356959712,15.7106563164606));
#5941=CARTESIAN_POINT('',(18.8178886622778,4.19251356959712,15.7106563164606));
#5942=CARTESIAN_POINT('',(18.8178886622778,4.19251356959712,15.5206561053267));
#5943=CARTESIAN_POINT('',(18.9461752111892,4.19251356959712,14.7890911164505));
#5944=CARTESIAN_POINT('',(19.2861754223238,4.19251356959712,14.7890911164505));
#5945=CARTESIAN_POINT('',(18.6302996421743,4.19251356959712,17.7580984532006));
#5946=CARTESIAN_POINT('',(18.6302996421743,4.19251356959712,18.0980984532006));
#5947=CARTESIAN_POINT('',(16.8623938089868,4.19251356959712,16.0068485374091));
#5948=CARTESIAN_POINT('',(16.8623938089868,4.19251356959712,12.5385395680621));
#5949=CARTESIAN_POINT('',(16.2623938089868,4.19251356959712,16.0068485374091));
#5950=CARTESIAN_POINT('',(16.2623938089868,4.19251356959712,12.5494532536594));
#5951=CARTESIAN_POINT('',(16.5472913095187,4.19251356959712,12.146413059904));
#5952=CARTESIAN_POINT('',(16.1873712858526,4.19251356959712,12.6555864847463));
#5953=CARTESIAN_POINT('',(16.1873712858526,4.19251356959712,12.6555864847463));
#5954=CARTESIAN_POINT('',(16.1875533227767,4.19251356959714,13.8144695258608));
#5955=CARTESIAN_POINT('',(17.7165271224109,4.19251356959715,13.8144695303351));
#5956=CARTESIAN_POINT('',(16.1874514057968,4.19251356959715,13.8144695258605));
#5957=CARTESIAN_POINT('',(16.18745140951,4.19251356959712,13.8144695258606));
#5958=CARTESIAN_POINT('',(16.1874576926954,4.19251356959713,13.8544695258605));
#5959=CARTESIAN_POINT('',(17.3583805175842,4.19251356959714,13.854469529287));
#5960=CARTESIAN_POINT('',(16.039509007119,4.19251356959713,13.8544695254276));
#5961=CARTESIAN_POINT('',(16.0395090069435,4.19251356959712,13.9144695254276));
#5962=CARTESIAN_POINT('',(16.0256233636957,4.19251356959712,13.8560983946214));
#5963=CARTESIAN_POINT('',(16.6992969890324,4.19251356959711,13.6958412350001));
#5964=CARTESIAN_POINT('',(15.6391706941483,4.19251356959711,13.9480298653225));
#5965=CARTESIAN_POINT('',(15.6543900874374,4.19251356959711,14.257656043266));
#5966=CARTESIAN_POINT('',(15.6870156891452,4.19251356959712,14.5659344403573));
#5967=CARTESIAN_POINT('',(15.4183628438607,4.19251356959715,14.7743226567241));
#5968=CARTESIAN_POINT('',(15.4000018784507,4.19251356959712,14.4348187908415));
#5969=CARTESIAN_POINT('',(15.6543900874374,4.19251356959711,14.257656043266));
#5970=CARTESIAN_POINT('',(15.3548527470142,4.19251356959712,14.3375145537216));
#5971=CARTESIAN_POINT('',(15.2158944582226,4.19251356959712,14.3204677365376));
#5972=CARTESIAN_POINT('',(15.2730059670935,4.19251356959713,14.4482890006312));
#5973=CARTESIAN_POINT('',(15.4198641327617,4.19251356959713,14.7769722511575));
#5974=CARTESIAN_POINT('',(15.258367041466,4.19251356959712,15.0987154554416));
#5975=CARTESIAN_POINT('',(15.1955626170732,4.19251356959712,15.2238378126632));
#5976=CARTESIAN_POINT('',(15.3355626170732,4.19251356959712,15.2238378126632));
#5977=CARTESIAN_POINT('',(15.3355626170732,4.19251356959712,15.3449523311008));
#5978=CARTESIAN_POINT('',(15.3355626170732,4.19251356959711,15.6454211320776));
#5979=CARTESIAN_POINT('',(15.6623900967552,4.19251356959711,15.7706561053267));
#5980=CARTESIAN_POINT('',(15.5887840455506,4.19251356959713,16.1128287945155));
#5981=CARTESIAN_POINT('',(12.127963764295,4.19251356959776,21.3051618906138));
#5982=CARTESIAN_POINT('',(15.8626796544858,4.19251356959712,16.3062122789906));
#5983=CARTESIAN_POINT('',(15.7788879518216,4.19251356959712,16.4183681997637));
#5984=CARTESIAN_POINT('',(15.8731177075769,4.19251356959712,16.3148271299879));
#5985=CARTESIAN_POINT('',(16.7687008606561,4.19251356959712,17.129871652475));
#5986=CARTESIAN_POINT('',(16.7821520084946,4.19251356959712,17.1421131560464));
#5987=CARTESIAN_POINT('',(16.6879222527393,4.19251356959712,17.2456542258222));
#5988=CARTESIAN_POINT('',(16.7879869995104,4.19251356959622,17.1477407617155));
#5989=CARTESIAN_POINT('',(30.4468249338523,4.19251356959534,3.78255291105583));
#5990=CARTESIAN_POINT('',(16.9874383232257,4.19251356958739,17.3485770915586));
#5991=CARTESIAN_POINT('',(15.8323679913936,4.19251356957809,18.5127989469175));
#5992=CARTESIAN_POINT('',(17.4723679912693,4.19251356957809,18.5127989469175));
#5993=CARTESIAN_POINT('',(17.4723679911641,4.19251356959712,18.035538205628));
#5994=CARTESIAN_POINT('',(17.4723679911641,4.19251356959713,20.0242278738472));
#5995=CARTESIAN_POINT('',(18.0193154752966,4.19251356959713,20.0242278738472));
#5996=CARTESIAN_POINT('',(18.2364122018873,4.19251356959712,20.0242278738472));
#5997=CARTESIAN_POINT('',(18.2364122018873,4.19251356959712,17.4173238874361));
#5998=CARTESIAN_POINT('',(18.2364122018873,4.19251356959712,18.435928553772));
#5999=CARTESIAN_POINT('',(18.3764122018873,4.19251356959712,18.435928553772));
#6000=CARTESIAN_POINT('',(18.306413056855,4.19251356959712,18.3146845036303));
#6001=CARTESIAN_POINT('',(18.6961679081371,4.19251356959712,18.089663099858));
#6002=CARTESIAN_POINT('',(18.4430906607877,4.19251356959712,18.2357749372708));
#6003=CARTESIAN_POINT('',(18.51308980582,4.19251356959712,18.3570189874125));
#6004=CARTESIAN_POINT('',(18.5438513638294,4.19251356959712,18.2204403413918));
#6005=CARTESIAN_POINT('',(18.6449250544316,4.19251356959714,17.7716819330382));
#6006=CARTESIAN_POINT('',(19.0321177364522,4.19251356959711,17.523323669657));
#6007=CARTESIAN_POINT('',(19.192045148591,4.19251356959711,17.4207409086952));
#6008=CARTESIAN_POINT('',(19.0576948601656,4.19251356959712,17.2863906202697));
#6009=CARTESIAN_POINT('',(19.9026428047305,4.19251356959714,16.4414426757049));
#6010=CARTESIAN_POINT('',(20.289180272987,4.19251356959713,16.0549052074484));
#6011=CARTESIAN_POINT('',(20.0863626170732,4.19251356959712,15.8520875515346));
#6012=CARTESIAN_POINT('',(20.3671250772445,4.19251356959713,15.9107598964622));
#6013=CARTESIAN_POINT('',(20.0463900967552,4.19251356959711,15.7706561053267));
#6014=CARTESIAN_POINT('',(20.3731900967552,4.19251356959711,15.6453494414975));
#6015=CARTESIAN_POINT('',(20.3731900967552,4.19251356959712,15.9971562317921));
#6016=CARTESIAN_POINT('',(20.3731900967552,4.19251356959711,14.402108676336));
#6017=CARTESIAN_POINT('',(20.0543900897034,4.19251356959711,14.2576560699082));
#6018=CARTESIAN_POINT('',(19.738462280514,4.19251356959711,14.4082868084074));
#6019=CARTESIAN_POINT('',(19.4781671544775,4.19251356959712,14.2591343784519));
#6020=CARTESIAN_POINT('',(19.737693553546,4.19251356959711,14.1086483386125));
#6021=CARTESIAN_POINT('',(20.0543900897034,4.19251356959711,14.2576560699082));
#6022=CARTESIAN_POINT('',(19.9669016142563,4.19251356959711,13.9187670516973));
#6023=CARTESIAN_POINT('',(19.3328963221055,4.19251356959714,13.7679464078056));
#6024=CARTESIAN_POINT('',(19.7034611966224,4.19251356959713,13.8560984053839));
#6025=CARTESIAN_POINT('',(19.689575553033,4.19251356959712,13.9144695361088));
#6026=CARTESIAN_POINT('',(19.6895755532085,4.19251356959712,13.8544695361088));
#6027=CARTESIAN_POINT('',(17.3583805175842,4.19251356959714,13.854469529287));
#6028=CARTESIAN_POINT('',(19.5075596469225,4.19251356959713,13.8544695355762));
#6029=CARTESIAN_POINT('',(19.5075596469225,4.19251356959712,13.8544695355762));
#6030=CARTESIAN_POINT('',(19.4323937772807,4.19251356959712,16.0068485374091));
#6031=CARTESIAN_POINT('',(19.4323937772807,4.19251356959714,12.7985400620689));
#6032=CARTESIAN_POINT('',(19.1323937772807,4.19251356959714,12.7985400620689));
#6033=CARTESIAN_POINT('',(18.8323937772807,4.19251356959712,12.7985400620689));
#6034=CARTESIAN_POINT('',(18.8323937772807,4.19251356959712,16.0068485374091));
#6035=CARTESIAN_POINT('',(18.8323937772807,4.19251356959712,12.5385395680621));
#6036=CARTESIAN_POINT('',(17.9662674665451,4.19251356959712,12.5385395680621));
#6037=CARTESIAN_POINT('',(18.7573528891693,4.19251356959712,12.5385395680621));
#6038=CARTESIAN_POINT('',(18.7572912822539,4.19251356959712,12.146065913918));
#6039=CARTESIAN_POINT('',(18.757553354484,4.19251356959714,13.8144695333815));
#6040=CARTESIAN_POINT('',(17.7165271224109,4.19251356959715,13.8144695303351));
#6041=CARTESIAN_POINT('',(18.7574514375041,4.19251356959715,13.8144695333812));
#6042=CARTESIAN_POINT('',(18.7574514412174,4.19251356959712,13.8144695333812));
#6043=CARTESIAN_POINT('',(18.7574577244027,4.19251356959711,13.8544695333811));
#6044=CARTESIAN_POINT('',(17.3583805175842,4.1925135695971,13.854469529287));
#6045=CARTESIAN_POINT('',(16.9375596152151,4.19251356959711,13.8544695280555));
#6046=CARTESIAN_POINT('',(16.9375596152151,4.19251356959712,13.8544695280555));
#6047=CARTESIAN_POINT('',(16.9373528667159,4.19251356959712,12.5385395680621));
#6048=CARTESIAN_POINT('',(17.9662674665451,4.19251356959712,12.5385395680621));
#6049=CARTESIAN_POINT('',(17.8543763569142,3.73251335846249,16.4343486727659));
#6050=CARTESIAN_POINT('',(19.1323936916971,3.73251335846249,12.798538925854));
#6051=CARTESIAN_POINT('',(19.1323936916971,3.73251335846249,12.968538925854));
#6052=CARTESIAN_POINT('',(16.5623937234031,3.73251335846249,12.7989426205074));
#6053=CARTESIAN_POINT('',(16.5623937234031,3.73251335846249,12.9689426205074));
#6054=CARTESIAN_POINT('',(15.6543900874374,3.73251335846249,14.257656043266));
#6055=CARTESIAN_POINT('',(15.6543900874374,3.73251335846249,14.397656043266));
#6056=CARTESIAN_POINT('',(17.9543336913282,3.73251335846249,16.4343486727659));
#6057=CARTESIAN_POINT('',(17.9543336913282,3.73251335846274,14.3911862941));
#6058=CARTESIAN_POINT('',(17.9543336913282,3.73251335846232,15.1858362453139));
#6059=CARTESIAN_POINT('',(18.1043336913282,3.73251335846215,15.1858362453139));
#6060=CARTESIAN_POINT('',(18.2072667550847,3.73251335846232,15.2949452934525));
#6061=CARTESIAN_POINT('',(18.2072667550847,3.73251335846249,15.2949452934525));
#6062=CARTESIAN_POINT('',(18.3473358836622,3.7325133584625,15.1628046067894));
#6063=CARTESIAN_POINT('',(18.2444028199057,3.7325133584625,15.0536955586509));
#6064=CARTESIAN_POINT('',(18.3847572981624,3.7325133584625,15.0007746702108));
#6065=CARTESIAN_POINT('',(18.9461752111892,3.7325133584625,14.7890911164505));
#6066=CARTESIAN_POINT('',(18.436058846843,3.7325133584628,14.4732093429556));
#6067=CARTESIAN_POINT('',(18.3085297557566,3.73251335846314,14.3942388995817));
#6068=CARTESIAN_POINT('',(18.355750028604,3.73251335846297,14.2518652860425));
#6069=CARTESIAN_POINT('',(17.8543336913282,3.73251335846187,15.7636832303443));
#6070=CARTESIAN_POINT('',(18.183612277014,3.73251335846292,14.2052906440527));
#6071=CARTESIAN_POINT('',(18.1443336913282,3.73251335846299,14.3911862941));
#6072=CARTESIAN_POINT('',(18.9461752111892,3.7325133584625,14.7890911164505));
#6073=CARTESIAN_POINT('',(19.5021560489882,3.73251335846254,15.0146688369822));
#6074=CARTESIAN_POINT('',(18.8353134110306,3.7325133584625,15.3787602281272));
#6075=CARTESIAN_POINT('',(18.8075979609909,3.7325133584625,15.5261775060463));
#6076=CARTESIAN_POINT('',(18.7418787881029,3.7325133584627,15.3913406034412));
#6077=CARTESIAN_POINT('',(18.8178886622782,3.73251335846326,15.5206561053265));
#6078=CARTESIAN_POINT('',(18.8178886622782,3.73251335846284,15.6706561053266));
#6079=CARTESIAN_POINT('',(17.8543763569142,3.73251335846249,15.6706561053266));
#6080=CARTESIAN_POINT('',(19.3146998740721,3.73251335846261,15.6706561053266));
#6081=CARTESIAN_POINT('',(19.3146998740721,3.73251335846285,15.4306561053265));
#6082=CARTESIAN_POINT('',(19.5323494433619,3.73251335846272,15.5317929679828));
#6083=CARTESIAN_POINT('',(20.0463900967552,3.73251335846252,15.7706561053265));
#6084=CARTESIAN_POINT('',(19.7083260768435,3.73251335846276,15.3156768638618));
#6085=CARTESIAN_POINT('',(19.5651866425585,3.73251335846288,15.1230344429037));
#6086=CARTESIAN_POINT('',(19.787719012511,3.73251335846272,15.0331492699146));
#6087=CARTESIAN_POINT('',(17.8405607754259,3.73251335846238,15.8196445335694));
#6088=CARTESIAN_POINT('',(19.7796582186698,3.73251335846255,15.0134800927724));
#6089=CARTESIAN_POINT('',(19.641151258438,3.73251335846258,15.0710632671151));
#6090=CARTESIAN_POINT('',(20.0463900967552,3.73251335846288,15.7706561053265));
#6091=CARTESIAN_POINT('',(20.0463900967552,3.73251335846276,16.0056561053265));
#6092=CARTESIAN_POINT('',(17.0237420336064,3.7325133584626,15.9856561053265));
#6093=CARTESIAN_POINT('',(17.0237420336064,3.73251335846258,15.8706561053266));
#6094=CARTESIAN_POINT('',(16.9424247119518,3.73251335846253,16.0669733433448));
#6095=CARTESIAN_POINT('',(16.9424247119518,3.73251335846249,16.0669733433449));
#6096=CARTESIAN_POINT('',(17.5580157258978,3.73251335846246,16.682564990438));
#6097=CARTESIAN_POINT('',(17.6393330475524,3.73251335846248,16.6012477524197));
#6098=CARTESIAN_POINT('',(17.7543330475457,3.73251335846248,16.6012489915743));
#6099=CARTESIAN_POINT('',(17.7543330475457,3.73251335846249,16.6012489915745));
#6100=CARTESIAN_POINT('',(17.7543383337826,3.73251335846251,16.1106586913883));
#6101=CARTESIAN_POINT('',(17.5143383337966,3.73251335846252,16.1106561053265));
#6102=CARTESIAN_POINT('',(17.5143383337966,3.73251335846256,15.8706561053266));
#6103=CARTESIAN_POINT('',(17.8543763569142,3.73251335846249,15.8706561053266));
#6104=CARTESIAN_POINT('',(17.8543763569142,3.73251335846249,15.8706561053266));
#6105=CARTESIAN_POINT('',(19.3146998740721,3.73251335846256,15.8706561053265));
#6106=CARTESIAN_POINT('',(18.1943336913282,3.73251335846257,15.8706561053265));
#6107=CARTESIAN_POINT('',(18.1943336913282,3.73251335846253,16.1106561053265));
#6108=CARTESIAN_POINT('',(17.9543336913282,3.73251335846251,16.1106561053265));
#6109=CARTESIAN_POINT('',(17.9543336913282,3.73251335846249,16.4343486727659));
#6110=CARTESIAN_POINT('',(17.9543336913282,3.73251335846252,16.4786024291163));
#6111=CARTESIAN_POINT('',(18.1943336913282,3.73251335846256,16.4786024291163));
#6112=CARTESIAN_POINT('',(18.1943336913282,3.73251335846243,16.7186024291163));
#6113=CARTESIAN_POINT('',(17.8543763569142,3.73251335846249,16.7186024291164));
#6114=CARTESIAN_POINT('',(18.8928910848991,3.73251335846253,16.7186024291163));
#6115=CARTESIAN_POINT('',(18.8928910848991,3.73251335846278,16.2286024291163));
#6116=CARTESIAN_POINT('',(19.2253199443369,3.73251335846191,16.5885900030864));
#6117=CARTESIAN_POINT('',(23.5808164292154,3.73251335845882,21.3051618906136));
#6118=CARTESIAN_POINT('',(19.4661870063797,3.73251335846191,16.3770562999493));
#6119=CARTESIAN_POINT('',(19.2803236835415,3.7325133584626,16.1544471689068));
#6120=CARTESIAN_POINT('',(19.5396048867009,3.73251335846268,16.0245500646734));
#6121=CARTESIAN_POINT('',(20.0463900967552,3.73251335846283,15.7706561053265));
#6122=CARTESIAN_POINT('',(19.5323494433619,3.73251335846263,16.0095192426702));
#6123=CARTESIAN_POINT('',(19.3146998740721,3.73251335846251,16.1106561053265));
#6124=CARTESIAN_POINT('',(15.6623900967552,3.73251335846281,15.7706561053265));
#6125=CARTESIAN_POINT('',(15.6623900967552,3.73251335846269,16.0056561053265));
#6126=CARTESIAN_POINT('',(18.9461752111892,3.7325133584625,14.7890911164505));
#6127=CARTESIAN_POINT('',(18.9461752111892,3.7325133584625,14.6190911164505));
#6128=CARTESIAN_POINT('',(15.8155626170732,3.73251335846249,16.4343486727659));
#6129=CARTESIAN_POINT('',(15.8155626170732,3.73251335846268,14.9599561846723));
#6130=CARTESIAN_POINT('',(15.8155626170732,3.73251335846278,15.0961040648579));
#6131=CARTESIAN_POINT('',(16.0055626170732,3.73251335846308,15.0961040648578));
#6132=CARTESIAN_POINT('',(15.9194098535824,3.73251335846285,15.2654489831249));
#6133=CARTESIAN_POINT('',(15.6623900967552,3.73251335846245,15.7706561053265));
#6134=CARTESIAN_POINT('',(16.1580233257046,3.73251335846271,15.4956268449126));
#6135=CARTESIAN_POINT('',(16.4553188942562,3.73251335846291,15.3306561053265));
#6136=CARTESIAN_POINT('',(16.4553188942562,3.73251335846261,15.6706561053266));
#6137=CARTESIAN_POINT('',(17.8543763569142,3.73251335846249,15.6706561053266));
#6138=CARTESIAN_POINT('',(17.5143456609718,3.7325133584626,15.6706561053266));
#6139=CARTESIAN_POINT('',(17.5143456609718,3.73251335846282,15.4306561053265));
#6140=CARTESIAN_POINT('',(17.7543456609579,3.73251335846266,15.4306586913883));
#6141=CARTESIAN_POINT('',(17.7543456609579,3.73251335846249,15.4306586913884));
#6142=CARTESIAN_POINT('',(17.7543580403159,3.73251335846282,14.2817898286232));
#6143=CARTESIAN_POINT('',(17.5643580403269,3.73251335846314,14.2817877813242));
#6144=CARTESIAN_POINT('',(17.527871037883,3.73251335846313,14.0953241155535));
#6145=CARTESIAN_POINT('',(17.8543336913282,3.73251335846211,15.7636832303443));
#6146=CARTESIAN_POINT('',(16.6556943012429,3.73251335846301,14.5581693927896));
#6147=CARTESIAN_POINT('',(16.0211205064919,3.73251335846361,13.9199561846723));
#6148=CARTESIAN_POINT('',(16.0211205064918,3.73251335846282,14.8199561846723));
#6149=CARTESIAN_POINT('',(17.8543763569142,3.73251335846249,14.8199561846723));
#6150=CARTESIAN_POINT('',(15.9555626170732,3.73251335846272,14.8199561846723));
#6151=CARTESIAN_POINT('',(15.9555626170732,3.73251335846286,14.9599561846723));
#6152=CARTESIAN_POINT('',(15.4183628438607,3.73251335846249,14.7743226567241));
#6153=CARTESIAN_POINT('',(15.5883628438607,3.73251335846249,14.7743226567241));
#6154=CARTESIAN_POINT('',(18.6302996421743,3.73251335846249,17.7580984532006));
#6155=CARTESIAN_POINT('',(18.8002996421743,3.73251335846249,17.7580984532006));
#6156=CARTESIAN_POINT('',(19.4781671544775,3.73251335846249,14.2591343784519));
#6157=CARTESIAN_POINT('',(19.4781671544775,3.73251335846249,14.0891343784519));
#6158=CARTESIAN_POINT('',(17.8543763569142,3.73251335846249,12.5385395680621));
#6159=CARTESIAN_POINT('',(18.7573528464667,3.73251335846249,12.5385395680621));
#6160=CARTESIAN_POINT('',(19.5073711593101,3.73251335846249,12.6550638441543));
#6161=CARTESIAN_POINT('',(19.5075532783319,3.7325133584625,13.8144695355762));
#6162=CARTESIAN_POINT('',(17.7165271224109,3.7325133584625,13.8144695303351));
#6163=CARTESIAN_POINT('',(19.6895755533256,3.73251335846249,13.8144695361088));
#6164=CARTESIAN_POINT('',(19.689575553033,3.73251335846249,13.9144695361088));
#6165=CARTESIAN_POINT('',(19.7127182923487,3.73251335846249,13.8171843182339));
#6166=CARTESIAN_POINT('',(20.3246308170376,3.7325133584625,13.9627494138594));
#6167=CARTESIAN_POINT('',(20.3363328360709,3.7325133584625,13.9655331541015));
#6168=CARTESIAN_POINT('',(20.3131900967552,3.7325133584625,14.0628183719764));
#6169=CARTESIAN_POINT('',(20.4131900967552,3.7325133584625,14.0628183719764));
#6170=CARTESIAN_POINT('',(20.4131900967552,3.73251335846249,16.4343486727659));
#6171=CARTESIAN_POINT('',(20.4131900967552,3.7325133584625,15.8520875515346));
#6172=CARTESIAN_POINT('',(20.0863626170732,3.7325133584625,15.8520875515346));
#6173=CARTESIAN_POINT('',(20.3174645442344,3.7325133584625,16.0831894786959));
#6174=CARTESIAN_POINT('',(20.7838420348424,3.7325133584625,15.6168119880879));
#6175=CARTESIAN_POINT('',(19.0859791314131,3.73251335846249,17.3146748915172));
#6176=CARTESIAN_POINT('',(19.192045148591,3.73251335846249,17.4207409086952));
#6177=CARTESIAN_POINT('',(19.0657866653235,3.73251335846249,17.5017272989282));
#6178=CARTESIAN_POINT('',(18.6449250544316,3.73251335846249,17.7716819330382));
#6179=CARTESIAN_POINT('',(18.5350623472553,3.7325133584625,18.2594628116834));
#6180=CARTESIAN_POINT('',(18.51308980582,3.7325133584625,18.3570189874125));
#6181=CARTESIAN_POINT('',(18.4630904165113,3.7325133584625,18.2704160944542));
#6182=CARTESIAN_POINT('',(18.5147574194381,3.7325133584625,18.240586622187));
#6183=CARTESIAN_POINT('',(18.3264128125785,3.7325133584625,18.3493256608137));
#6184=CARTESIAN_POINT('',(18.3764122018873,3.73251335846248,18.435928553772));
#6185=CARTESIAN_POINT('',(18.2764122018873,3.73251335846268,18.435928553772));
#6186=CARTESIAN_POINT('',(18.2764122018873,3.73251335846267,18.8277992374632));
#6187=CARTESIAN_POINT('',(18.2764122018873,3.73251335846215,19.1692275993372));
#6188=CARTESIAN_POINT('',(18.2364122018873,3.7325133584618,19.1692275993372));
#6189=CARTESIAN_POINT('',(18.2364122018873,3.73251335846214,19.2092275993373));
#6190=CARTESIAN_POINT('',(17.8543763569142,3.73251335846249,19.2092275993373));
#6191=CARTESIAN_POINT('',(17.4723679911641,3.73251335846212,19.2092275993373));
#6192=CARTESIAN_POINT('',(17.4723679911641,3.73251335846177,19.1692275993372));
#6193=CARTESIAN_POINT('',(17.4323679911641,3.73251335846213,19.1692275993372));
#6194=CARTESIAN_POINT('',(17.4323679911641,3.73251335846249,16.4343486727659));
#6195=CARTESIAN_POINT('',(17.4323679911641,3.73251335846207,18.5127989469173));
#6196=CARTESIAN_POINT('',(15.8323679913936,3.73251335846162,18.5127989469173));
#6197=CARTESIAN_POINT('',(16.9592658761133,3.73251335846575,17.3769727465618));
#6198=CARTESIAN_POINT('',(30.4468249338523,3.73251335847658,3.78255291105562));
#6199=CARTESIAN_POINT('',(16.759397071862,3.73251335846582,17.1757160371738));
#6200=CARTESIAN_POINT('',(16.6879222527393,3.73251335846224,17.2456542258219));
#6201=CARTESIAN_POINT('',(16.755229221136,3.73251335846238,17.1716963188392));
#6202=CARTESIAN_POINT('',(16.755229221136,3.73251335846249,17.1716963188392));
#6203=CARTESIAN_POINT('',(15.8461949202182,3.7325133584618,16.3444102927808));
#6204=CARTESIAN_POINT('',(15.7788879518216,3.73251335846107,16.4183681997634));
#6205=CARTESIAN_POINT('',(15.8387391680106,3.73251335846112,16.3382568277823));
#6206=CARTESIAN_POINT('',(12.127963764295,3.73251335845845,21.3051618906136));
#6207=CARTESIAN_POINT('',(15.4474085219047,3.73251335846192,16.0686280655364));
#6208=CARTESIAN_POINT('',(15.6223900967552,3.73251335846273,15.7925888474203));
#6209=CARTESIAN_POINT('',(15.2955626170732,3.73251335846261,15.7925888474203));
#6210=CARTESIAN_POINT('',(15.2955626170732,3.73251335846249,16.4343486727659));
#6211=CARTESIAN_POINT('',(15.2955626170732,3.73251335846249,15.2238378126632));
#6212=CARTESIAN_POINT('',(15.1955626170732,3.73251335846249,15.2238378126632));
#6213=CARTESIAN_POINT('',(15.2404229202109,3.73251335846249,15.134464700362));
#6214=CARTESIAN_POINT('',(15.4198641327617,3.73251335846249,14.7769722511575));
#6215=CARTESIAN_POINT('',(15.2566883931304,3.7325133584625,14.4117686394616));
#6216=CARTESIAN_POINT('',(15.2158944582226,3.7325133584625,14.3204677365376));
#6217=CARTESIAN_POINT('',(15.3158944582226,3.7325133584625,14.3204677367124));
#6218=CARTESIAN_POINT('',(15.3158944582226,3.73251335846249,16.4343486727659));
#6219=CARTESIAN_POINT('',(15.3158944586506,3.7325133584625,14.0756674850615));
#6220=CARTESIAN_POINT('',(15.4158944590785,3.7325133584625,14.0756674852363));
#6221=CARTESIAN_POINT('',(15.3363959162923,3.7325133584625,14.0150046325598));
#6222=CARTESIAN_POINT('',(15.6543900874374,3.7325133584625,14.257656043266));
#6223=CARTESIAN_POINT('',(15.353821343629,3.7325133584625,13.9937272076956));
#6224=CARTESIAN_POINT('',(15.4289635295811,3.7325133584625,14.0597094165882));
#6225=CARTESIAN_POINT('',(15.4058207908348,3.7325133584625,13.9624241985779));
#6226=CARTESIAN_POINT('',(15.4058207908348,3.73251335846249,13.9624241985779));
#6227=CARTESIAN_POINT('',(16.0163662681972,3.7325133584625,13.8171843074173));
#6228=CARTESIAN_POINT('',(16.0395090069435,3.7325133584625,13.9144695254276));
#6229=CARTESIAN_POINT('',(16.0395090072361,3.7325133584625,13.8144695254276));
#6230=CARTESIAN_POINT('',(17.7165271224109,3.73251335846249,13.8144695303351));
#6231=CARTESIAN_POINT('',(16.1875532800741,3.73251335846249,13.8144695258608));
#6232=CARTESIAN_POINT('',(16.1875532373715,3.73251335846249,13.8144695258609));
#6233=CARTESIAN_POINT('',(16.1873712002689,3.73251335846249,12.6555853485315));
#6234=CARTESIAN_POINT('',(16.1873712002689,3.73251335846249,12.6555853485315));
#6235=CARTESIAN_POINT('',(16.2701076382059,3.73251335846249,12.5385393586071));
#6236=CARTESIAN_POINT('',(17.8543763569142,3.73251335846249,12.5385395680621));
#6237=CARTESIAN_POINT('',(16.9373528240134,3.73251335846249,12.5385395680621));
#6238=CARTESIAN_POINT('',(16.9372912191236,3.73251335846249,12.1463506626328));
#6239=CARTESIAN_POINT('',(16.9375532466245,3.73251335846249,13.8144695280556));
#6240=CARTESIAN_POINT('',(17.7165271224109,3.73251335846249,13.8144695303351));
#6241=CARTESIAN_POINT('',(18.7575533117814,3.73251335846249,13.8144695333815));
#6242=CARTESIAN_POINT('',(18.7575532690788,3.73251335846249,13.8144695333815));
#6243=CARTESIAN_POINT('',(16.9374497504848,3.09249693563637,13.1563491245944));
#6244=CARTESIAN_POINT('',(16.9373527051857,3.09249693565439,12.5385395680621));
#6245=CARTESIAN_POINT('',(16.9375533246032,4.1525135695971,13.8144695280555));
#6246=CARTESIAN_POINT('',(16.9375532856139,4.15251356959711,13.8144695280555));
#6247=CARTESIAN_POINT('',(16.9375532466245,4.21251335843166,13.8144695280556));
#6248=CARTESIAN_POINT('',(17.8304552604075,3.99251335846251,14.974084328849));
#6249=CARTESIAN_POINT('',(16.5623937717765,3.99251335846251,12.7989432627155));
#6250=CARTESIAN_POINT('',(16.3923937717765,3.99251335846251,12.7989432627155));
#6251=CARTESIAN_POINT('',(16.8623938089868,3.99251335846251,12.6687416623922));
#6252=CARTESIAN_POINT('',(16.8623938089868,3.99251335846251,12.5385395680621));
#6253=CARTESIAN_POINT('',(17.8304552604075,3.99251335846251,12.5385395680621));
#6254=CARTESIAN_POINT('',(16.2701079924799,3.99251335846251,12.5385395680621));
#6255=CARTESIAN_POINT('',(16.547292264362,3.99251335846251,12.1464111624539));
#6256=CARTESIAN_POINT('',(16.2623938089868,3.99251335846251,12.5494527070118));
#6257=CARTESIAN_POINT('',(16.2623938089868,3.99251335846251,12.6687416623922));
#6258=CARTESIAN_POINT('',(16.5472911048596,3.09249950280613,12.146410342835));
#6259=CARTESIAN_POINT('',(16.2623938089868,3.09249840120329,12.5494502470593));
#6260=CARTESIAN_POINT('',(16.2701062536135,3.09250003833979,12.5385395680621));
#6261=CARTESIAN_POINT('',(16.1873710811932,3.09249831209553,12.6555837676744));
#6262=CARTESIAN_POINT('',(19.1323937772807,4.19251356959716,12.7985400620689));
#6263=CARTESIAN_POINT('',(19.1323937772807,3.99251335846251,12.7985400620689));
#6264=CARTESIAN_POINT('',(19.4323937772807,3.99251335846251,12.7985400620689));
#6265=CARTESIAN_POINT('',(18.8323937772807,3.99251335846251,12.7985400620689));
#6266=CARTESIAN_POINT('',(18.8323937772807,6.49251335846251,12.7985400620689));
#6267=CARTESIAN_POINT('',(19.4323937772807,6.49251335846251,12.7985400620689));
#6268=CARTESIAN_POINT('',(17.8304552604075,3.99251335846251,14.974084328849));
#6269=CARTESIAN_POINT('',(19.1323937400705,3.99251335846251,12.7985395680621));
#6270=CARTESIAN_POINT('',(18.9623937400705,3.99251335846251,12.7985395680621));
#6271=CARTESIAN_POINT('',(19.4323937772807,3.99251335846251,12.6685398150655));
#6272=CARTESIAN_POINT('',(17.8304552604075,3.99251335846251,12.5385395680621));
#6273=CARTESIAN_POINT('',(18.8323937772807,3.99251335846251,12.5385395680621));
#6274=CARTESIAN_POINT('',(18.8323937772807,3.99251335846251,12.6685398150655));
#6275=CARTESIAN_POINT('',(18.7573507782325,3.092498153704,12.5261292587191));
#6276=CARTESIAN_POINT('',(18.7573527276394,3.09249815370364,12.5385395680621));
#6277=CARTESIAN_POINT('',(18.757553354484,4.21251335843166,13.8144695333815));
#6278=CARTESIAN_POINT('',(18.7573507782325,3.092498153704,13.1749292587191));
#6279=CARTESIAN_POINT('',(18.7574514337908,4.21251335843166,13.8144695333812));
#6280=CARTESIAN_POINT('',(18.7574514337908,4.15251356959714,13.8144695333811));
#6281=CARTESIAN_POINT('',(18.7574577244027,4.19251356959716,13.8544695333812));
#6282=CARTESIAN_POINT('',(17.7165271224109,4.21251335843166,13.8144695303351));
#6283=CARTESIAN_POINT('',(17.3583805177012,4.15251356959711,13.814469529287));
#6284=CARTESIAN_POINT('',(16.1873710811933,3.09249831209553,13.3043837676744));
#6285=CARTESIAN_POINT('',(16.1874514020835,4.21251335843166,13.8144695258605));
#6286=CARTESIAN_POINT('',(16.1874514020835,4.15251356959715,13.8144695258605));
#6287=CARTESIAN_POINT('',(16.1874576926954,4.19251356959718,13.8544695258606));
#6288=CARTESIAN_POINT('',(17.7165271224109,4.21251335843166,13.8144695303351));
#6289=CARTESIAN_POINT('',(16.1875533227767,4.21251335843166,13.8144695258608));
#6290=CARTESIAN_POINT('',(16.0395090072361,3.9625133584625,13.8144695254276));
#6291=CARTESIAN_POINT('',(16.0395090072361,4.15251356959713,13.8144695254276));
#6292=CARTESIAN_POINT('',(17.3583805177012,4.15251356959712,13.814469529287));
#6293=CARTESIAN_POINT('',(17.7165271224109,4.21251335843166,13.8144695303351));
#6294=CARTESIAN_POINT('',(19.5075532783319,4.21251335843166,13.8144695355762));
#6295=CARTESIAN_POINT('',(19.5075533173212,4.1525135695971,13.8144695355762));
#6296=CARTESIAN_POINT('',(17.3583805177012,4.1525135695971,13.814469529287));
#6297=CARTESIAN_POINT('',(19.6895755533256,4.1525135695971,13.8144695361088));
#6298=CARTESIAN_POINT('',(19.6895755533256,3.96251335846249,13.8144695361088));
#6299=CARTESIAN_POINT('',(15.4289635295811,3.7325133584625,14.0597094165882));
#6300=CARTESIAN_POINT('',(15.4289635295811,4.15251356959713,14.0597094165882));
#6301=CARTESIAN_POINT('',(15.4058207908348,4.15251356959708,13.9624241985779));
#6302=CARTESIAN_POINT('',(15.3538213436291,4.15251356959713,13.9937272076956));
#6303=CARTESIAN_POINT('',(15.4058207908348,3.7325133584625,13.9624241985779));
#6304=CARTESIAN_POINT('',(15.353821343629,3.7325133584625,13.9937272076956));
#6305=CARTESIAN_POINT('',(15.6543900874374,3.7325133584625,14.257656043266));
#6306=CARTESIAN_POINT('',(15.6543900874374,4.15251356959712,14.257656043266));
#6307=CARTESIAN_POINT('',(15.3363959162923,4.15251356959712,14.0150046325598));
#6308=CARTESIAN_POINT('',(15.3363959162923,3.7325133584625,14.0150046325598));
#6309=CARTESIAN_POINT('',(15.4158944590785,3.7325133584625,14.0756674852363));
#6310=CARTESIAN_POINT('',(15.4158944590785,4.15251356959712,14.0756674852363));
#6311=CARTESIAN_POINT('',(15.3158944590785,4.15251356959712,14.0756674848867));
#6312=CARTESIAN_POINT('',(15.3158944590785,3.7325133584625,14.0756674848867));
#6313=CARTESIAN_POINT('',(15.3158944591874,3.7325133584625,14.0445346936653));
#6314=CARTESIAN_POINT('',(15.3158944557567,4.15251356959712,15.0256916112603));
#6315=CARTESIAN_POINT('',(15.3158944582226,4.15251356959712,14.3204677368872));
#6316=CARTESIAN_POINT('',(15.3158944582226,4.1925133584625,14.3204677368872));
#6317=CARTESIAN_POINT('',(15.2158944582226,4.1925133584625,14.3204677365376));
#6318=CARTESIAN_POINT('',(15.2158944582226,4.15251356959712,14.3204677365376));
#6319=CARTESIAN_POINT('',(15.2566883931304,4.1525135695971,14.4117686394616));
#6320=CARTESIAN_POINT('',(15.2566883931304,4.1925133584625,14.4117686394615));
#6321=CARTESIAN_POINT('',(15.4198641327617,4.1925133584625,14.7769722511575));
#6322=CARTESIAN_POINT('',(15.4198641327617,4.15251356959713,14.7769722511575));
#6323=CARTESIAN_POINT('',(15.2404229202109,4.15251356959713,15.1344647003621));
#6324=CARTESIAN_POINT('',(15.2404229202109,4.1925133584625,15.134464700362));
#6325=CARTESIAN_POINT('',(15.1955626170732,4.1925133584625,15.2238378126632));
#6326=CARTESIAN_POINT('',(15.1955626170732,4.1525135695971,15.2238378126632));
#6327=CARTESIAN_POINT('',(15.2955626170732,4.15251356959711,15.2238378126632));
#6328=CARTESIAN_POINT('',(15.2955626170732,4.1925133584625,15.2238378126632));
#6329=CARTESIAN_POINT('',(15.2955626170732,3.89505939216025,14.6830561247924));
#6330=CARTESIAN_POINT('',(15.2955626170732,4.15251356959712,15.3449523311008));
#6331=CARTESIAN_POINT('',(15.2955626170732,4.15251356959715,15.7925888474205));
#6332=CARTESIAN_POINT('',(15.2955626170732,3.89505939215966,15.7925888474203));
#6333=CARTESIAN_POINT('',(15.6223900967552,3.89505939215967,15.7925888474204));
#6334=CARTESIAN_POINT('',(15.6223900967552,4.1525135695972,15.7925888474205));
#6335=CARTESIAN_POINT('',(15.4474085218738,4.15251356959567,16.0686280655143));
#6336=CARTESIAN_POINT('',(15.4474085219047,3.89505939215952,16.0686280655365));
#6337=CARTESIAN_POINT('',(12.127963764295,3.89505939215672,21.3051618906137));
#6338=CARTESIAN_POINT('',(12.127963764295,4.15251356959415,21.3051618906138));
#6339=CARTESIAN_POINT('',(15.8387391680115,4.15251356959429,16.3382568277812));
#6340=CARTESIAN_POINT('',(15.8387391680106,3.89505939215938,16.3382568277824));
#6341=CARTESIAN_POINT('',(15.8323679913936,3.89505939215825,18.5127989469174));
#6342=CARTESIAN_POINT('',(15.8323679913936,4.15251356959682,18.5127989469175));
#6343=CARTESIAN_POINT('',(16.9592658761098,4.15251356960179,17.3769727465654));
#6344=CARTESIAN_POINT('',(17.4323679912799,4.15251356948098,18.5127989469174));
#6345=CARTESIAN_POINT('',(16.9592658761133,3.89505939215886,17.3769727465619));
#6346=CARTESIAN_POINT('',(17.4323679911641,3.61087554400083,18.5127989469172));
#6347=CARTESIAN_POINT('',(17.4323679911641,3.61087554400002,20.0642278738469));
#6348=CARTESIAN_POINT('',(17.4323679912026,4.15251356963557,18.035538205628));
#6349=CARTESIAN_POINT('',(17.4323679911826,4.15251356961555,20.0242278738472));
#6350=CARTESIAN_POINT('',(17.4323679911641,3.7213805326144,19.1692275993372));
#6351=CARTESIAN_POINT('',(17.4323679911641,3.98688552118894,19.1692275993374));
#6352=CARTESIAN_POINT('',(17.4323679911641,3.98688552118847,20.0642278738471));
#6353=CARTESIAN_POINT('',(17.4323679911641,3.98688552118874,19.5492275993374));
#6354=CARTESIAN_POINT('',(17.4323679911641,3.72138053261421,19.5492275993373));
#6355=CARTESIAN_POINT('',(17.4323679911641,3.73251335846207,19.5492275993373));
#6356=CARTESIAN_POINT('',(17.4323679911641,3.73251335846222,20.064227873847));
#6357=CARTESIAN_POINT('',(17.4323679911641,3.73251335846208,19.5692275993372));
#6358=CARTESIAN_POINT('',(17.4323679911641,3.93237803830939,19.5692275993373));
#6359=CARTESIAN_POINT('',(17.4323679911641,3.98688552118872,19.5692275993373));
#6360=CARTESIAN_POINT('',(17.4323679911641,3.98688552118847,20.0642278738471));
#6361=CARTESIAN_POINT('',(17.4323679911641,3.98688552118853,19.9492275993373));
#6362=CARTESIAN_POINT('',(17.4323679911641,3.9323780383092,19.9492275993373));
#6363=CARTESIAN_POINT('',(17.4323679911641,3.73251335846202,19.9492275993372));
#6364=CARTESIAN_POINT('',(17.4323679911641,3.73251335846243,20.064227873847));
#6365=CARTESIAN_POINT('',(17.4323679911641,3.732513358462,20.024227873847));
#6366=CARTESIAN_POINT('',(17.4323679911641,3.61087554400004,20.0242278738469));
#6367=CARTESIAN_POINT('',(17.4723679911641,3.61087554400004,20.0242278738469));
#6368=CARTESIAN_POINT('',(17.4723679911641,4.15251356959553,20.0242278738472));
#6369=CARTESIAN_POINT('',(17.4723679911641,4.15251356959631,20.064227873848));
#6370=CARTESIAN_POINT('',(17.4723679911641,3.73251335846154,20.024227873847));
#6371=CARTESIAN_POINT('',(17.4723679911641,3.732513358462,20.064227873847));
#6372=CARTESIAN_POINT('',(17.4723679911641,3.61087554400002,20.0642278738469));
#6373=CARTESIAN_POINT('',(16.3985965233326,3.89505939216019,14.8199561846725));
#6374=CARTESIAN_POINT('',(15.9555626170732,3.89505939216017,14.8199561846724));
#6375=CARTESIAN_POINT('',(16.0211205064917,3.89505939216018,14.8199561846724));
#6376=CARTESIAN_POINT('',(16.0211205064919,3.89505939216065,13.9199561846724));
#6377=CARTESIAN_POINT('',(16.6556943012429,3.89505939216032,14.5581693927897));
#6378=CARTESIAN_POINT('',(16.6556943012429,4.15251335846231,14.5581693927897));
#6379=CARTESIAN_POINT('',(16.6556943012429,4.15251335846224,14.5581693927898));
#6380=CARTESIAN_POINT('',(16.60237244159,4.15251335846226,14.6111871843252));
#6381=CARTESIAN_POINT('',(16.5440249957122,4.16710560657953,14.6558645119735));
#6382=CARTESIAN_POINT('',(16.4834153721619,4.19251343530185,14.6921501092635));
#6383=CARTESIAN_POINT('',(17.8543336913282,4.1725133584626,15.7636832303445));
#6384=CARTESIAN_POINT('',(17.8543336913282,4.15251335846236,15.7636832303445));
#6385=CARTESIAN_POINT('',(17.5278710378832,4.15251335846341,14.0953241155547));
#6386=CARTESIAN_POINT('',(17.5240303007837,4.17251335846347,14.0756963612626));
#6387=CARTESIAN_POINT('',(17.5643580403269,4.17251335846347,14.2817877813245));
#6388=CARTESIAN_POINT('',(17.5643580403269,4.15251335846434,14.2817877813245));
#6389=CARTESIAN_POINT('',(17.7543580403161,4.15251335846434,14.2817898286234));
#6390=CARTESIAN_POINT('',(17.7743580403142,4.17251335846347,14.2817900441285));
#6391=CARTESIAN_POINT('',(17.7743521690423,4.17251335846295,14.826674644185));
#6392=CARTESIAN_POINT('',(17.7743456609562,4.17251335846295,15.4306589068936));
#6393=CARTESIAN_POINT('',(17.754345660958,4.15251335846354,15.4306586913885));
#6394=CARTESIAN_POINT('',(17.7543521690445,4.15251335846394,14.8266744286798));
#6395=CARTESIAN_POINT('',(17.5143456609718,4.17251335846277,15.4306561053267));
#6396=CARTESIAN_POINT('',(17.5143456609718,4.17251335846277,15.6906561053263));
#6397=CARTESIAN_POINT('',(17.5143456609718,4.15251335846314,15.6706561053266));
#6398=CARTESIAN_POINT('',(17.5143456609718,4.15251335846314,15.4306561053267));
#6399=CARTESIAN_POINT('',(19.9306924911385,4.17251335846295,15.6906561053263));
#6400=CARTESIAN_POINT('',(16.4553188942562,4.17251335846295,15.6906561053263));
#6401=CARTESIAN_POINT('',(16.4553188942562,4.15251335846328,15.6706561053266));
#6402=CARTESIAN_POINT('',(19.9306924911385,4.1525133584632,15.6706561053266));
#6403=CARTESIAN_POINT('',(16.4553188942562,4.17251335846277,15.3306561053267));
#6404=CARTESIAN_POINT('',(16.0794947734238,4.19251344584862,15.386837032815));
#6405=CARTESIAN_POINT('',(16.107536750185,4.16928502259647,15.4173108692857));
#6406=CARTESIAN_POINT('',(16.1348614749944,4.15251335846307,15.4538866212048));
#6407=CARTESIAN_POINT('',(16.1580233257046,4.15251335846311,15.4956268449128));
#6408=CARTESIAN_POINT('',(16.1580233257046,4.15251335846314,15.4956268449128));
#6409=CARTESIAN_POINT('',(16.4553188942562,4.15251335846317,15.3306561053267));
#6410=CARTESIAN_POINT('',(15.6623900967552,3.89505939215968,15.7706561053266));
#6411=CARTESIAN_POINT('',(15.9194098535824,3.89505939215995,15.265448983125));
#6412=CARTESIAN_POINT('',(16.1580233257046,3.89505939215983,15.4956268449127));
#6413=CARTESIAN_POINT('',(16.0055626170732,3.89505939216004,15.0961040648579));
#6414=CARTESIAN_POINT('',(15.8155626170732,3.89505939216003,15.096104064858));
#6415=CARTESIAN_POINT('',(15.8155626170732,3.89505939216007,15.0141834565785));
#6416=CARTESIAN_POINT('',(15.8155626170732,3.8950593921601,14.9599561846724));
#6417=CARTESIAN_POINT('',(15.9555626170732,3.8950593921601,14.9599561846724));
#6418=CARTESIAN_POINT('',(17.9221305933765,4.1725133584625,17.074964518209));
#6419=CARTESIAN_POINT('',(17.5438735830014,4.1725133584625,16.6967071187892));
#6420=CARTESIAN_POINT('',(17.558015731488,4.15251335055681,16.6825649848481));
#6421=CARTESIAN_POINT('',(17.9362727362729,4.1525133584625,17.060822389858));
#6422=CARTESIAN_POINT('',(16.9424247119518,4.15251335846208,16.066973343345));
#6423=CARTESIAN_POINT('',(16.9282825690554,4.17251335846208,16.081115471696));
#6424=CARTESIAN_POINT('',(17.0237420336064,4.17251335846208,15.9856561053267));
#6425=CARTESIAN_POINT('',(17.0237420336064,4.15251335846166,15.9856561053267));
#6426=CARTESIAN_POINT('',(17.0237420336064,4.15251329373007,15.8706560895167));
#6427=CARTESIAN_POINT('',(17.0237420336064,4.17251329373048,15.8506561053269));
#6428=CARTESIAN_POINT('',(19.3649920425733,4.17251329373048,15.8506561053269));
#6429=CARTESIAN_POINT('',(19.3649920425733,4.15251326061874,15.8706560737066));
#6430=CARTESIAN_POINT('',(17.5143383337966,4.15251324480824,15.8706560895166));
#6431=CARTESIAN_POINT('',(17.5143383337966,4.17251329373024,15.8506561053268));
#6432=CARTESIAN_POINT('',(17.5143383337966,4.17251329373024,16.1106561053267));
#6433=CARTESIAN_POINT('',(17.5143383337966,4.15251322899796,16.1106561053267));
#6434=CARTESIAN_POINT('',(17.7543383337826,4.15251322899796,16.1106586913885));
#6435=CARTESIAN_POINT('',(17.7743383337814,4.17251329373024,16.1106589068935));
#6436=CARTESIAN_POINT('',(17.7743428811426,4.17251329373036,15.6886401135241));
#6437=CARTESIAN_POINT('',(17.7543428811437,4.1525132289981,15.688639898019));
#6438=CARTESIAN_POINT('',(17.7543330475457,4.15251329372957,16.6012489915746));
#6439=CARTESIAN_POINT('',(17.7743330475446,4.17251335846176,16.6012492070799));
#6440=CARTESIAN_POINT('',(17.6393330475524,4.17251335846176,16.6012477524199));
#6441=CARTESIAN_POINT('',(17.6393330475524,4.1525133426511,16.6012477524199));
#6442=CARTESIAN_POINT('',(17.9343336913283,4.17251329373077,15.3686505792067));
#6443=CARTESIAN_POINT('',(17.9343336913283,4.17251329373077,15.1858362453139));
#6444=CARTESIAN_POINT('',(17.9543336755181,4.15251329373073,15.1858362453139));
#6445=CARTESIAN_POINT('',(17.954333659708,4.15251326061932,15.3686505792067));
#6446=CARTESIAN_POINT('',(17.9543336755182,4.15251324480962,14.3911862941002));
#6447=CARTESIAN_POINT('',(17.9343336913284,4.17251329373114,14.3911862941002));
#6448=CARTESIAN_POINT('',(18.1443336913282,4.17251329373114,14.3911862941002));
#6449=CARTESIAN_POINT('',(18.1443336913282,4.15251322899976,14.3911862941002));
#6450=CARTESIAN_POINT('',(18.1836122770141,4.15251322899919,14.2052906440523));
#6451=CARTESIAN_POINT('',(18.1877468649808,4.17251329373079,14.1857226808901));
#6452=CARTESIAN_POINT('',(17.8543336913282,4.17251329373079,15.7636832303445));
#6453=CARTESIAN_POINT('',(17.8543336913282,4.15251322899875,15.7636832303445));
#6454=CARTESIAN_POINT('',(18.3557500259981,4.15251329132231,14.2518652938998));
#6455=CARTESIAN_POINT('',(18.3620460649836,4.17251329373079,14.2328821375709));
#6456=CARTESIAN_POINT('',(18.3085297557566,4.17251335846295,14.394238899582));
#6457=CARTESIAN_POINT('',(18.3085297557566,4.15251334190748,14.394238899582));
#6458=CARTESIAN_POINT('',(18.4360588398056,4.15251335018504,14.4732093385977));
#6459=CARTESIAN_POINT('',(18.4530627256546,4.1725133584625,14.4837387354053));
#6460=CARTESIAN_POINT('',(18.9461752111892,4.1725133584625,14.7890911164505));
#6461=CARTESIAN_POINT('',(18.4034712285967,4.1725133584625,14.9937185517521));
#6462=CARTESIAN_POINT('',(18.3847572981624,4.1525133584625,15.0007746702108));
#6463=CARTESIAN_POINT('',(18.9461752111892,4.1525133584625,14.7890911164505));
#6464=CARTESIAN_POINT('',(18.2444028199057,4.1725133584625,15.0536955586509));
#6465=CARTESIAN_POINT('',(18.2444028199057,4.1525133584625,15.0536955586509));
#6466=CARTESIAN_POINT('',(18.3473358836624,4.15251335846214,15.1628046067897));
#6467=CARTESIAN_POINT('',(18.361060292163,4.17251335846213,15.1773524798746));
#6468=CARTESIAN_POINT('',(18.7260946903215,4.17251335846213,14.8329804078972));
#6469=CARTESIAN_POINT('',(18.2209911635855,4.17251335846246,15.3094931665377));
#6470=CARTESIAN_POINT('',(18.2072667550846,4.1525133584621,15.2949452934525));
#6471=CARTESIAN_POINT('',(18.7123702818207,4.15251335846177,14.8184325348121));
#6472=CARTESIAN_POINT('',(18.1043336913282,4.17251335846246,15.1858362453139));
#6473=CARTESIAN_POINT('',(18.1043336913282,4.15251335846242,15.1858362453139));
#6474=CARTESIAN_POINT('',(19.3146998740721,4.17251329373028,16.1106561053267));
#6475=CARTESIAN_POINT('',(19.3146998740721,4.17251329373028,15.8506561053268));
#6476=CARTESIAN_POINT('',(19.3146998740721,4.15251322899825,15.8706561053268));
#6477=CARTESIAN_POINT('',(19.3146998740721,4.15251322899802,16.1106561053267));
#6478=CARTESIAN_POINT('',(19.532349443362,4.15251322899811,16.0095192426703));
#6479=CARTESIAN_POINT('',(19.5504869074692,4.17251329373028,16.0010911707823));
#6480=CARTESIAN_POINT('',(20.0463900967552,4.17251329373034,15.7706561053267));
#6481=CARTESIAN_POINT('',(20.0463900967552,4.15251322899823,15.7706561053267));
#6482=CARTESIAN_POINT('',(19.539604886701,4.15251322899804,16.0245500646736));
#6483=CARTESIAN_POINT('',(19.5574863489876,4.17251329373018,16.015591643692));
#6484=CARTESIAN_POINT('',(19.2803236835415,4.17251329373018,16.154447168907));
#6485=CARTESIAN_POINT('',(19.2803236835415,4.15251322899787,16.154447168907));
#6486=CARTESIAN_POINT('',(19.4661870063811,4.1525132289958,16.3770562999511));
#6487=CARTESIAN_POINT('',(19.4790051665755,4.17251329372878,16.3924086538145));
#6488=CARTESIAN_POINT('',(23.5808164292154,4.17251329372878,21.3051618906138));
#6489=CARTESIAN_POINT('',(23.5808164292154,4.15251322899507,21.3051618906138));
#6490=CARTESIAN_POINT('',(19.2253199443361,4.15251322899636,16.5885900030857));
#6491=CARTESIAN_POINT('',(19.2388884692119,4.17251329373,16.6032833734526));
#6492=CARTESIAN_POINT('',(18.8928910848991,4.17251329373,16.2286024291165));
#6493=CARTESIAN_POINT('',(18.8928910848991,4.15251322899758,16.2286024291165));
#6494=CARTESIAN_POINT('',(18.8928910848991,4.15251322899782,16.7186024291163));
#6495=CARTESIAN_POINT('',(18.8928910848991,4.17251329373027,16.7386024291164));
#6496=CARTESIAN_POINT('',(19.7390359084118,4.17251329373027,16.7386024291164));
#6497=CARTESIAN_POINT('',(19.7390359084118,4.15251322899804,16.7186024291165));
#6498=CARTESIAN_POINT('',(18.1943336913282,4.15251322899773,16.7186024291165));
#6499=CARTESIAN_POINT('',(18.1943336913282,4.17251329372995,16.7386024291164));
#6500=CARTESIAN_POINT('',(18.1943336913282,4.17251329372995,16.4786024291165));
#6501=CARTESIAN_POINT('',(18.1943336913282,4.15251322899742,16.4786024291165));
#6502=CARTESIAN_POINT('',(17.9543336913286,4.15251322899784,16.4786024291165));
#6503=CARTESIAN_POINT('',(17.9343336913283,4.17251329373038,16.4786024291165));
#6504=CARTESIAN_POINT('',(17.9343336913283,4.17251329373038,15.8826280445319));
#6505=CARTESIAN_POINT('',(17.9543336913282,4.15251322899825,15.8826280445319));
#6506=CARTESIAN_POINT('',(17.9543336913282,4.15251322899811,16.1106561053267));
#6507=CARTESIAN_POINT('',(17.9343336913284,4.17251329373024,16.1106561053265));
#6508=CARTESIAN_POINT('',(18.1943336913282,4.17251329373024,16.1106561053267));
#6509=CARTESIAN_POINT('',(18.1943336913282,4.15251322899797,16.1106561053267));
#6510=CARTESIAN_POINT('',(18.1943336913282,4.15251322899825,15.870656105327));
#6511=CARTESIAN_POINT('',(18.1943336913282,4.1725132937305,15.8506561053269));
#6512=CARTESIAN_POINT('',(19.3649920425733,4.1725132937305,15.8506561053269));
#6513=CARTESIAN_POINT('',(19.3649920425733,4.15251322899853,15.8706561053268));
#6514=CARTESIAN_POINT('',(18.8075979609909,4.1725133584625,15.5261775060463));
#6515=CARTESIAN_POINT('',(18.8075979609909,4.15251335845829,15.5261775060463));
#6516=CARTESIAN_POINT('',(18.7418788837247,4.15251335431948,15.3913405568378));
#6517=CARTESIAN_POINT('',(18.8353134110302,4.1525133584604,15.3787602281292));
#6518=CARTESIAN_POINT('',(18.8390088043692,4.1725133584625,15.3591045910712));
#6519=CARTESIAN_POINT('',(18.7229559249804,4.19251335847757,15.3560724627768));
#6520=CARTESIAN_POINT('',(18.7292969218238,4.17910778408242,15.3678907146844));
#6521=CARTESIAN_POINT('',(18.7356053748756,4.16577226478707,15.3796483115333));
#6522=CARTESIAN_POINT('',(18.7418787882596,4.15251335845829,15.3913406033295));
#6523=CARTESIAN_POINT('',(18.9461752111892,4.1725133584625,14.7890911164505));
#6524=CARTESIAN_POINT('',(19.483623354395,4.1725133584625,15.0071495796311));
#6525=CARTESIAN_POINT('',(19.5021560489882,4.15251335846249,15.0146688369822));
#6526=CARTESIAN_POINT('',(18.9461752111892,4.1525133584625,14.7890911164505));
#6527=CARTESIAN_POINT('',(19.641151258438,4.17251335846249,15.0710632671151));
#6528=CARTESIAN_POINT('',(19.7981258133672,4.17251335846249,15.0058023361935));
#6529=CARTESIAN_POINT('',(19.779658233957,4.15251330635149,15.0134800864169));
#6530=CARTESIAN_POINT('',(19.641151258438,4.15251335846249,15.0710632671151));
#6531=CARTESIAN_POINT('',(17.8405607754259,4.17251329373099,15.8196445335694));
#6532=CARTESIAN_POINT('',(17.8405607754259,4.15251324555532,15.8196445335694));
#6533=CARTESIAN_POINT('',(19.7877190201866,4.15251323620906,15.0331492668144));
#6534=CARTESIAN_POINT('',(19.8062633766737,4.17251329373099,15.0256588388323));
#6535=CARTESIAN_POINT('',(19.5651866425585,4.17251329373072,15.1230344429039));
#6536=CARTESIAN_POINT('',(19.5651866425585,4.15251322899909,15.1230344429039));
#6537=CARTESIAN_POINT('',(19.7083260768434,4.15251322899881,15.3156768638618));
#6538=CARTESIAN_POINT('',(19.7202543630338,4.17251329373072,15.3317303989418));
#6539=CARTESIAN_POINT('',(20.0463900967552,4.17251329373049,15.7706561053267));
#6540=CARTESIAN_POINT('',(20.0463900967552,4.15251322899852,15.7706561053267));
#6541=CARTESIAN_POINT('',(19.5323494433619,4.15251322899844,15.5317929679831));
#6542=CARTESIAN_POINT('',(19.5504869074692,4.17251329373049,15.5402210398711));
#6543=CARTESIAN_POINT('',(19.3146998740721,4.17251329373051,15.4306561053267));
#6544=CARTESIAN_POINT('',(19.3146998740721,4.15251322899855,15.4306561053267));
#6545=CARTESIAN_POINT('',(19.3146998740721,4.15251322899857,15.6706561053267));
#6546=CARTESIAN_POINT('',(19.3146998740721,4.17251329373051,15.6906561053266));
#6547=CARTESIAN_POINT('',(19.9306924911385,4.17251329373055,15.6906561053267));
#6548=CARTESIAN_POINT('',(19.9306924911385,4.15251322899852,15.6706561053267));
#6549=CARTESIAN_POINT('',(18.8178886622778,4.1525132854511,15.6706560970491));
#6550=CARTESIAN_POINT('',(18.8178886622778,4.17251329373055,15.6906561053267));
#6551=CARTESIAN_POINT('',(18.8178886622778,4.17251335846073,15.5206561053267));
#6552=CARTESIAN_POINT('',(18.8178886622778,4.15251334190368,15.5206561053267));
#6553=CARTESIAN_POINT('',(18.9461752111892,4.1725133584625,14.7890911164505));
#6554=CARTESIAN_POINT('',(18.9461752111892,4.1525133584625,14.7890911164505));
#6555=CARTESIAN_POINT('',(18.9461752111892,4.1525133584625,15.0890911164505));
#6556=CARTESIAN_POINT('',(18.2364122018873,3.72138053261441,19.1692275993372));
#6557=CARTESIAN_POINT('',(18.2764122018873,3.72138053261441,19.1692275993372));
#6558=CARTESIAN_POINT('',(18.2764122018873,3.98688552118893,19.1692275993374));
#6559=CARTESIAN_POINT('',(18.2764122018873,3.98688552118892,19.1692275993374));
#6560=CARTESIAN_POINT('',(18.2764122018873,3.98688552118891,19.1828458856775));
#6561=CARTESIAN_POINT('',(18.2631456846825,3.96918816813341,19.203715458939));
#6562=CARTESIAN_POINT('',(18.2457591935441,3.94959601930517,19.2092275993373));
#6563=CARTESIAN_POINT('',(18.2364122018873,3.93989848974161,19.2092275993373));
#6564=CARTESIAN_POINT('',(18.2364122018873,3.9398984897416,19.2092275993373));
#6565=CARTESIAN_POINT('',(18.2364122018873,3.72138053261439,19.2092275993372));
#6566=CARTESIAN_POINT('',(17.8764122019338,3.8318855212283,19.2092275993373));
#6567=CARTESIAN_POINT('',(17.8764122019233,4.28688552123691,19.2092275993375));
#6568=CARTESIAN_POINT('',(17.8850888362068,3.78696081088793,19.2092275993372));
#6569=CARTESIAN_POINT('',(17.8236913568445,3.78696081088793,19.2092275993372));
#6570=CARTESIAN_POINT('',(17.8236913568446,3.78696081088793,19.2092275993372));
#6571=CARTESIAN_POINT('',(17.8323679911281,4.28688552123691,19.2092275993375));
#6572=CARTESIAN_POINT('',(17.4723679911641,3.93989848974159,19.2092275993373));
#6573=CARTESIAN_POINT('',(17.4723679911642,3.72138053261438,19.2092275993372));
#6574=CARTESIAN_POINT('',(17.4723679911641,3.7213805326144,19.1692275993372));
#6575=CARTESIAN_POINT('',(17.4723679911641,3.93989848974162,19.2092275993373));
#6576=CARTESIAN_POINT('',(17.4630134299022,3.94960387279136,19.2092275993373));
#6577=CARTESIAN_POINT('',(17.4456873768992,3.96912474421849,19.2037598638035));
#6578=CARTESIAN_POINT('',(17.4323679911641,3.98688552118893,19.1828393375779));
#6579=CARTESIAN_POINT('',(17.4323679911641,3.98688552118894,19.1692275993374));
#6580=CARTESIAN_POINT('',(18.6302996421743,4.19251356959712,17.7580984532006));
#6581=CARTESIAN_POINT('',(18.6302996421743,3.89251356959713,17.7580984532006));
#6582=CARTESIAN_POINT('',(18.8002996421743,3.89251356959713,17.7580984532006));
#6583=CARTESIAN_POINT('',(15.4183628438607,4.19251356959712,14.7743226567241));
#6584=CARTESIAN_POINT('',(15.4183628438607,3.89251356959713,14.7743226567241));
#6585=CARTESIAN_POINT('',(15.5883628438607,3.89251356959713,14.7743226567241));
#6586=CARTESIAN_POINT('',(16.4553188942562,3.89505939215992,15.3306561053266));
#6587=CARTESIAN_POINT('',(16.4553188942562,3.89505939215974,15.6706561053266));
#6588=CARTESIAN_POINT('',(19.3057345884586,3.89505939215979,15.6706561053266));
#6589=CARTESIAN_POINT('',(17.5143456609718,3.89505939215975,15.6706561053266));
#6590=CARTESIAN_POINT('',(17.5143456609718,3.89505939215988,15.4306561053266));
#6591=CARTESIAN_POINT('',(17.7543456609579,3.89505939215988,15.4306586913883));
#6592=CARTESIAN_POINT('',(17.7543571251134,3.89505939216044,14.3667253821758));
#6593=CARTESIAN_POINT('',(17.7543580403159,3.89505939216049,14.2817898286233));
#6594=CARTESIAN_POINT('',(17.5643580403269,3.89505939216049,14.2817877813243));
#6595=CARTESIAN_POINT('',(17.527871037883,3.89505939216058,14.0953241155536));
#6596=CARTESIAN_POINT('',(17.8543336913282,3.89505939215972,15.7636832303444));
#6597=CARTESIAN_POINT('',(18.9461752111892,4.1925133584625,14.7890911164505));
#6598=CARTESIAN_POINT('',(18.9461752111892,3.89251335846249,14.7890911164505));
#6599=CARTESIAN_POINT('',(18.9461752111892,3.89251335846249,14.9590911164505));
#6600=CARTESIAN_POINT('',(15.6623900967552,3.89505939215968,15.7706561053266));
#6601=CARTESIAN_POINT('',(15.6623900967552,4.13251335846256,15.7706561053267));
#6602=CARTESIAN_POINT('',(15.6623900967552,4.13251335846243,16.0056561053268));
#6603=CARTESIAN_POINT('',(18.1743336913282,3.89505939215967,15.8706561053266));
#6604=CARTESIAN_POINT('',(18.1943336913282,3.89505939215966,15.8706561053266));
#6605=CARTESIAN_POINT('',(19.3146998740721,3.89505939215968,15.8706561053266));
#6606=CARTESIAN_POINT('',(18.1943336913282,3.89505939215954,16.1106561053266));
#6607=CARTESIAN_POINT('',(17.9543336913282,3.89505939215953,16.1106561053265));
#6608=CARTESIAN_POINT('',(17.9543336913282,3.89505939215934,16.4786024291164));
#6609=CARTESIAN_POINT('',(17.9543336913282,3.89505939215934,16.4786024291165));
#6610=CARTESIAN_POINT('',(18.1943336913282,3.89505939215934,16.4786024291164));
#6611=CARTESIAN_POINT('',(18.1943336913282,3.89505939215921,16.7186024291164));
#6612=CARTESIAN_POINT('',(18.9224214230053,3.89505939215923,16.7186024291164));
#6613=CARTESIAN_POINT('',(18.8928910848991,3.89505939215924,16.7186024291164));
#6614=CARTESIAN_POINT('',(18.8928910848991,3.89505939215949,16.2286024291164));
#6615=CARTESIAN_POINT('',(19.2253199443369,3.8950593921593,16.5885900030865));
#6616=CARTESIAN_POINT('',(23.5808164292154,3.89505939215691,21.3051618906137));
#6617=CARTESIAN_POINT('',(19.4661870063797,3.89505939215942,16.3770562999494));
#6618=CARTESIAN_POINT('',(19.2803236835415,3.89505939215954,16.1544471689069));
#6619=CARTESIAN_POINT('',(19.5396048867009,3.89505939215961,16.0245500646735));
#6620=CARTESIAN_POINT('',(20.0463900967552,3.89505939215975,15.7706561053266));
#6621=CARTESIAN_POINT('',(19.5323494433619,3.89505939215961,16.0095192426703));
#6622=CARTESIAN_POINT('',(19.3146998740721,3.89505939215956,16.1106561053266));
#6623=CARTESIAN_POINT('',(17.0237420336064,3.89505939215959,15.9856561053266));
#6624=CARTESIAN_POINT('',(16.9424247119518,3.89505939215954,16.0669733433449));
#6625=CARTESIAN_POINT('',(17.0237420336064,3.89505939215965,15.8706561053266));
#6626=CARTESIAN_POINT('',(17.5136696194947,3.89505939215926,16.6382188384242));
#6627=CARTESIAN_POINT('',(17.5580157258978,3.89505939215924,16.6825649904382));
#6628=CARTESIAN_POINT('',(17.6393330475524,3.89505939215928,16.6012477524198));
#6629=CARTESIAN_POINT('',(17.7543330475457,3.89505939215928,16.6012489915745));
#6630=CARTESIAN_POINT('',(17.7543385493133,3.89505939215954,16.0906563208541));
#6631=CARTESIAN_POINT('',(17.7543383337826,3.89505939215953,16.1106586913882));
#6632=CARTESIAN_POINT('',(17.5143383337966,3.89505939215953,16.1106561053266));
#6633=CARTESIAN_POINT('',(17.5143383337966,3.89505939215965,15.8706561053266));
#6634=CARTESIAN_POINT('',(18.1743336913282,3.89505939215967,15.8706561053266));
#6635=CARTESIAN_POINT('',(20.0463900967552,3.89505939215975,15.7706561053266));
#6636=CARTESIAN_POINT('',(20.0463900967552,4.13251335846256,15.7706561053267));
#6637=CARTESIAN_POINT('',(20.0463900967552,4.13251335846243,16.0056561053268));
#6638=CARTESIAN_POINT('',(18.9461752111892,4.1925133584625,14.7890911164505));
#6639=CARTESIAN_POINT('',(19.5021560489882,4.39251333879399,15.0146688369823));
#6640=CARTESIAN_POINT('',(18.8353134110306,4.04378637531056,15.3787602281271));
#6641=CARTESIAN_POINT('',(18.8075979609909,4.04378637531056,15.5261775060463));
#6642=CARTESIAN_POINT('',(18.7418787877046,4.04378637531057,15.3913406036753));
#6643=CARTESIAN_POINT('',(18.8178886622779,4.04378637531057,15.5206561053267));
#6644=CARTESIAN_POINT('',(18.8178886622779,4.04378637531049,15.6706561053267));
#6645=CARTESIAN_POINT('',(19.3057345884586,3.89505939215979,15.6706561053266));
#6646=CARTESIAN_POINT('',(19.3146998740721,3.8950593921598,15.6706561053266));
#6647=CARTESIAN_POINT('',(19.3146998740721,3.89505939215992,15.4306561053266));
#6648=CARTESIAN_POINT('',(19.5323494433619,3.89505939215987,15.5317929679829));
#6649=CARTESIAN_POINT('',(20.0463900967552,3.89505939215975,15.7706561053266));
#6650=CARTESIAN_POINT('',(19.7083260768435,3.89505939215998,15.3156768638619));
#6651=CARTESIAN_POINT('',(19.5651866425585,3.89505939216006,15.1230344429038));
#6652=CARTESIAN_POINT('',(19.787719012511,3.89505939216011,15.0331492699146));
#6653=CARTESIAN_POINT('',(17.8405607754259,4.39251333879388,15.8196445335694));
#6654=CARTESIAN_POINT('',(19.7796582186698,4.392513338794,15.0134800927726));
#6655=CARTESIAN_POINT('',(19.641151258438,4.39251333879399,15.0710632671151));
#6656=CARTESIAN_POINT('',(17.9543336913282,3.89505939215988,15.450647498466));
#6657=CARTESIAN_POINT('',(17.9543336913282,3.89505939215988,15.1858362453139));
#6658=CARTESIAN_POINT('',(17.9543336913282,3.89505939216043,14.3911862941001));
#6659=CARTESIAN_POINT('',(18.1043336913282,3.89505939215988,15.1858362453139));
#6660=CARTESIAN_POINT('',(18.2072667550847,3.89505939215988,15.2949452934525));
#6661=CARTESIAN_POINT('',(17.9708016477574,4.19251335846177,15.5180255822457));
#6662=CARTESIAN_POINT('',(18.3473358836623,4.1925133584625,15.1628046067894));
#6663=CARTESIAN_POINT('',(18.2444028199057,4.1925133584625,15.0536955586509));
#6664=CARTESIAN_POINT('',(18.3847572981624,4.1925133584625,15.0007746702108));
#6665=CARTESIAN_POINT('',(18.9461752111892,4.1925133584625,14.7890911164505));
#6666=CARTESIAN_POINT('',(18.436058846843,3.89505939215995,14.4732093429557));
#6667=CARTESIAN_POINT('',(18.3085297557566,3.89505939215999,14.3942388995818));
#6668=CARTESIAN_POINT('',(18.355750028604,3.89505939216006,14.2518652860426));
#6669=CARTESIAN_POINT('',(17.8543336913282,3.89505939215972,15.7636832303444));
#6670=CARTESIAN_POINT('',(18.183612277014,3.89505939216054,14.2052906440528));
#6671=CARTESIAN_POINT('',(18.1443336913282,3.89505939216044,14.3911862941001));
#6672=CARTESIAN_POINT('',(15.6543900874374,3.7325133584625,14.257656043266));
#6673=CARTESIAN_POINT('',(15.6543900874374,4.3925133584625,14.257656043266));
#6674=CARTESIAN_POINT('',(15.6543900874374,4.3925133584625,14.397656043266));
#6675=CARTESIAN_POINT('',(17.8323679911281,4.28688552123665,19.7092275993375));
#6676=CARTESIAN_POINT('',(17.8236913568445,3.78696081088767,19.7092275993373));
#6677=CARTESIAN_POINT('',(17.8236913568443,3.78696081088778,19.5092275993373));
#6678=CARTESIAN_POINT('',(17.8323679911281,4.28688552123675,19.5092275993375));
#6679=CARTESIAN_POINT('',(17.4723679911641,3.93989848974145,19.5092275993373));
#6680=CARTESIAN_POINT('',(17.4323679911641,3.98688552118874,19.5492275993374));
#6681=CARTESIAN_POINT('',(17.4323679911641,3.98688552118877,19.5356093129972));
#6682=CARTESIAN_POINT('',(17.4456345083689,3.96918816813328,19.5147397397357));
#6683=CARTESIAN_POINT('',(17.4630209995073,3.94959601930504,19.5092275993373));
#6684=CARTESIAN_POINT('',(17.4723679911641,3.93989848974146,19.5092275993373));
#6685=CARTESIAN_POINT('',(17.4723679911641,3.72138053261421,19.5492275993372));
#6686=CARTESIAN_POINT('',(17.4723679911641,3.73251335846165,19.5492275993372));
#6687=CARTESIAN_POINT('',(17.4723679911641,3.73251335846208,19.5092275993373));
#6688=CARTESIAN_POINT('',(17.4723679911641,3.72138053261423,19.5092275993372));
#6689=CARTESIAN_POINT('',(17.8543763569142,3.73251335846249,16.4343486727659));
#6690=CARTESIAN_POINT('',(18.2364122018873,3.73251335846168,19.5492275993372));
#6691=CARTESIAN_POINT('',(18.2764122018873,3.73251335846209,19.5492275993372));
#6692=CARTESIAN_POINT('',(18.2364122018873,3.7325133584621,19.5092275993373));
#6693=CARTESIAN_POINT('',(18.2764122018873,3.73251335846249,16.4343486727659));
#6694=CARTESIAN_POINT('',(18.2764122018873,3.7325133584621,19.5692275993372));
#6695=CARTESIAN_POINT('',(18.2364122018873,3.7325133584617,19.5692275993372));
#6696=CARTESIAN_POINT('',(18.2364122018873,3.73251335846209,19.6092275993372));
#6697=CARTESIAN_POINT('',(17.8543763569142,3.73251335846249,19.6092275993372));
#6698=CARTESIAN_POINT('',(17.4723679911641,3.73251335846207,19.6092275993372));
#6699=CARTESIAN_POINT('',(17.4723679911641,3.73251335846167,19.5692275993372));
#6700=CARTESIAN_POINT('',(17.8543763569142,3.73251335846249,19.5092275993373));
#6701=CARTESIAN_POINT('',(17.4723679911641,3.93237803830939,19.5692275993373));
#6702=CARTESIAN_POINT('',(17.4723679911641,3.93237803830937,19.6092275993373));
#6703=CARTESIAN_POINT('',(17.4723679911641,3.9398984897414,19.6092275993373));
#6704=CARTESIAN_POINT('',(17.4723679911641,3.93989848974141,19.6092275993373));
#6705=CARTESIAN_POINT('',(17.4630134299022,3.94960387279115,19.6092275993373));
#6706=CARTESIAN_POINT('',(17.4456873768992,3.96912474421827,19.6037598638035));
#6707=CARTESIAN_POINT('',(17.4323679911641,3.98688552118871,19.5828393375779));
#6708=CARTESIAN_POINT('',(17.4323679911641,3.98688552118872,19.5692275993373));
#6709=CARTESIAN_POINT('',(17.8323679911281,4.28688552123665,19.7092275993375));
#6710=CARTESIAN_POINT('',(17.8236913568445,3.78696081088767,19.7092275993373));
#6711=CARTESIAN_POINT('',(17.8236913568443,3.78696081088773,19.6092275993372));
#6712=CARTESIAN_POINT('',(17.8236913568443,3.78696081088757,19.9092275993372));
#6713=CARTESIAN_POINT('',(17.8323679911281,4.28688552123655,19.9092275993375));
#6714=CARTESIAN_POINT('',(17.4723679911641,3.93989848974125,19.9092275993373));
#6715=CARTESIAN_POINT('',(17.4323679911641,3.98688552118852,19.9492275993373));
#6716=CARTESIAN_POINT('',(17.4323679911641,3.98688552118854,19.9356093129972));
#6717=CARTESIAN_POINT('',(17.4456345083689,3.96918816813307,19.9147397397357));
#6718=CARTESIAN_POINT('',(17.4630209995073,3.94959601930482,19.9092275993373));
#6719=CARTESIAN_POINT('',(17.4723679911641,3.93989848974125,19.9092275993373));
#6720=CARTESIAN_POINT('',(17.8323679911281,4.2868855212367,19.6092275993375));
#6721=CARTESIAN_POINT('',(17.4723679911641,3.9323780383092,19.9492275993373));
#6722=CARTESIAN_POINT('',(17.4723679911641,3.73251335846154,19.9492275993372));
#6723=CARTESIAN_POINT('',(17.4723679911641,3.73251335846203,19.9092275993372));
#6724=CARTESIAN_POINT('',(17.4723679911641,3.93237803830922,19.9092275993373));
#6725=CARTESIAN_POINT('',(17.8543763569142,3.73251335846249,16.4343486727659));
#6726=CARTESIAN_POINT('',(18.2364122018873,3.73251335846158,19.9492275993372));
#6727=CARTESIAN_POINT('',(18.2764122018873,3.73251335846203,19.9492275993372));
#6728=CARTESIAN_POINT('',(18.2364122018873,3.73251335846205,19.9092275993372));
#6729=CARTESIAN_POINT('',(18.2764122018873,3.73251335846249,16.4343486727659));
#6730=CARTESIAN_POINT('',(18.2764122018873,3.73251335846204,20.024227873847));
#6731=CARTESIAN_POINT('',(18.2364122018873,3.73251335846158,20.024227873847));
#6732=CARTESIAN_POINT('',(18.2364122018873,3.73251335846203,20.064227873847));
#6733=CARTESIAN_POINT('',(17.8543763569142,3.73251335846249,20.064227873847));
#6734=CARTESIAN_POINT('',(17.8543763569142,3.73251335846249,19.9092275993372));
#6735=CARTESIAN_POINT('',(18.2364122018873,3.93237803830921,19.9492275993373));
#6736=CARTESIAN_POINT('',(18.2364122018873,3.93237803830923,19.9092275993373));
#6737=CARTESIAN_POINT('',(18.2364122018873,3.93989848974125,19.9092275993373));
#6738=CARTESIAN_POINT('',(18.2364122018873,3.93989848974125,19.9092275993373));
#6739=CARTESIAN_POINT('',(18.2457667631492,3.949603872791,19.9092275993373));
#6740=CARTESIAN_POINT('',(18.2630928161522,3.96912474421811,19.9146953348712));
#6741=CARTESIAN_POINT('',(18.2764122018873,3.98688552118854,19.9356158610968));
#6742=CARTESIAN_POINT('',(18.2764122018873,3.98688552118852,19.9492275993373));
#6743=CARTESIAN_POINT('',(18.2764122018873,3.98688552118852,19.9492275993373));
#6744=CARTESIAN_POINT('',(18.2764122018873,3.93237803830921,19.9492275993373));
#6745=CARTESIAN_POINT('',(17.8764122019233,4.28688552123665,19.7092275993375));
#6746=CARTESIAN_POINT('',(17.8850888362069,3.78696081088767,19.7092275993373));
#6747=CARTESIAN_POINT('',(17.885088836207,3.78696081088757,19.9092275993372));
#6748=CARTESIAN_POINT('',(17.885088836207,3.78696081088773,19.6092275993372));
#6749=CARTESIAN_POINT('',(17.8764122019233,4.2868855212367,19.6092275993375));
#6750=CARTESIAN_POINT('',(18.2364122018873,3.93989848974141,19.6092275993373));
#6751=CARTESIAN_POINT('',(18.2764122018873,3.98688552118872,19.5692275993373));
#6752=CARTESIAN_POINT('',(18.2764122018873,3.9868855211887,19.5828458856775));
#6753=CARTESIAN_POINT('',(18.2631456846825,3.9691881681332,19.603715458939));
#6754=CARTESIAN_POINT('',(18.2457591935441,3.94959601930497,19.6092275993373));
#6755=CARTESIAN_POINT('',(18.2364122018873,3.93989848974141,19.6092275993373));
#6756=CARTESIAN_POINT('',(18.2764122018873,3.98688552118872,19.5692275993373));
#6757=CARTESIAN_POINT('',(18.2764122018873,3.98688552118865,19.7092275993373));
#6758=CARTESIAN_POINT('',(17.8764122019233,4.28688552123655,19.9092275993375));
#6759=CARTESIAN_POINT('',(18.2364122018873,3.9323780383094,19.5692275993373));
#6760=CARTESIAN_POINT('',(18.2764122018873,3.9323780383094,19.5692275993373));
#6761=CARTESIAN_POINT('',(18.2364122018873,3.93237803830938,19.6092275993373));
#6762=CARTESIAN_POINT('',(18.2364122018873,3.72138053261422,19.5492275993372));
#6763=CARTESIAN_POINT('',(18.2364122018873,3.72138053261424,19.5092275993372));
#6764=CARTESIAN_POINT('',(18.2364122018873,3.93989848974145,19.5092275993373));
#6765=CARTESIAN_POINT('',(18.2364122018873,3.93989848974146,19.5092275993373));
#6766=CARTESIAN_POINT('',(18.2457667631492,3.94960387279121,19.5092275993373));
#6767=CARTESIAN_POINT('',(18.2630928161522,3.96912474421831,19.5146953348712));
#6768=CARTESIAN_POINT('',(18.2764122018873,3.98688552118876,19.5356158610968));
#6769=CARTESIAN_POINT('',(18.2764122018873,3.98688552118872,19.5492275993374));
#6770=CARTESIAN_POINT('',(18.2764122018873,3.98688552118873,19.5492275993374));
#6771=CARTESIAN_POINT('',(18.2764122018873,3.72138053261422,19.5492275993372));
#6772=CARTESIAN_POINT('',(17.8764122019233,4.28688552123665,19.7092275993375));
#6773=CARTESIAN_POINT('',(17.8850888362069,3.78696081088767,19.7092275993373));
#6774=CARTESIAN_POINT('',(17.885088836207,3.78696081088778,19.5092275993373));
#6775=CARTESIAN_POINT('',(18.2764122018873,3.98688552118865,19.7092275993373));
#6776=CARTESIAN_POINT('',(17.8764122019233,4.28688552123675,19.5092275993375));
#6777=CARTESIAN_POINT('',(17.7096271084387,4.4325133584625,15.614342233162));
#6778=CARTESIAN_POINT('',(15.6543900874374,4.4325133584625,14.257656043266));
#6779=CARTESIAN_POINT('',(15.4043900874374,4.4325133584625,14.257656043266));
#6780=CARTESIAN_POINT('',(15.6543900874374,4.4325133584625,14.257656043266));
#6781=CARTESIAN_POINT('',(15.6543900874374,4.4325133584625,14.437656043266));
#6782=CARTESIAN_POINT('',(17.696896199446,3.89251356959713,16.9392603508696));
#6783=CARTESIAN_POINT('',(15.4183628438607,3.89251356959713,14.7743226567241));
#6784=CARTESIAN_POINT('',(15.4183628438607,3.89251356959713,14.4743226567241));
#6785=CARTESIAN_POINT('',(17.7571271084387,4.4325133584625,15.6143422332829));
#6786=CARTESIAN_POINT('',(20.0543900897034,4.4325133584625,14.2576560699082));
#6787=CARTESIAN_POINT('',(19.8043900897034,4.4325133584625,14.2576560699082));
#6788=CARTESIAN_POINT('',(20.0543900897034,4.4325133584625,14.2576560699082));
#6789=CARTESIAN_POINT('',(19.8993900897034,4.4325133584625,14.2576560699082));
#6790=CARTESIAN_POINT('',(18.9461752111892,4.19251335846249,14.7890911164505));
#6791=CARTESIAN_POINT('',(18.9461752111892,3.89251335846249,14.7890911164505));
#6792=CARTESIAN_POINT('',(18.9461752111892,3.89251335846249,14.4890911164505));
#6793=CARTESIAN_POINT('',(17.741636635778,4.4325133584625,16.6143486735904));
#6794=CARTESIAN_POINT('',(20.0463900967552,4.43251335846251,15.7706561053267));
#6795=CARTESIAN_POINT('',(19.7963900967552,4.43251335846251,15.7706561053267));
#6796=CARTESIAN_POINT('',(20.0463900967552,4.4325133584625,15.7706561053268));
#6797=CARTESIAN_POINT('',(20.0463900967552,4.4325133584625,15.6006561053268));
#6798=CARTESIAN_POINT('',(17.696896199446,3.89251356959713,16.9392603508696));
#6799=CARTESIAN_POINT('',(18.6302996421743,3.89251356959713,17.7580984532006));
#6800=CARTESIAN_POINT('',(18.6302996421743,3.89251356959713,17.4580984532006));
#6801=CARTESIAN_POINT('',(17.741636635778,4.4325133584625,16.6143486735904));
#6802=CARTESIAN_POINT('',(15.6623900967552,4.4325133584625,15.7706561053267));
#6803=CARTESIAN_POINT('',(15.4123900967552,4.4325133584625,15.7706561053267));
#6804=CARTESIAN_POINT('',(15.6623900967552,4.4325133584625,15.7706561053268));
#6805=CARTESIAN_POINT('',(15.6623900967552,4.4325133584625,15.6006561053268));
#6806=CARTESIAN_POINT('',(17.8236913568445,3.78696081088793,19.2092275993372));
#6807=CARTESIAN_POINT('',(17.8764122019338,3.78696081088779,19.5092275993373));
#6808=CARTESIAN_POINT('',(18.9461752111892,3.89251335846249,14.7890911164505));
#6809=CARTESIAN_POINT('',(15.6623900967552,4.13251335846249,15.7706561053268));
#6810=CARTESIAN_POINT('',(15.6623900967552,4.13251335846249,15.7706561053268));
#6811=CARTESIAN_POINT('',(15.6623900967552,4.13251335846249,15.6006561053268));
#6812=CARTESIAN_POINT('',(20.0463900967552,4.13251335846249,15.7706561053268));
#6813=CARTESIAN_POINT('',(20.0463900967552,4.13251335846249,15.7706561053268));
#6814=CARTESIAN_POINT('',(20.0463900967552,4.13251335846249,15.6006561053268));
#6815=CARTESIAN_POINT('',(15.6543900874374,4.4125133584625,14.257656043266));
#6816=CARTESIAN_POINT('',(17.8764122019338,3.83188552122815,19.5092275993373));
#6817=CARTESIAN_POINT('',(17.8764122019233,4.25388053261849,19.6092275993375));
#6818=CARTESIAN_POINT('',(17.8236913568445,3.78696081088773,19.6092275993372));
#6819=CARTESIAN_POINT('',(17.8236913568445,3.78696081088773,19.6092275993372));
#6820=CARTESIAN_POINT('',(17.8764122019233,3.78696081088757,19.9092275993372));
#6821=CARTESIAN_POINT('',(17.8764122019233,4.25388053261834,19.9092275993375));
#6822=CARTESIAN_POINT('',(20.0543900897034,4.1925133584625,14.2576560699082));
#6823=CARTESIAN_POINT('',(20.0543900897034,4.65251335846249,14.2576560699082));
#6824=CARTESIAN_POINT('',(20.0543900897034,4.65251335846249,14.1026560699082));
#6825=CARTESIAN_POINT('',(20.0463900967552,4.19251335846249,15.7706561053268));
#6826=CARTESIAN_POINT('',(15.6623900967552,4.19251335846249,15.7706561053268));
#6827=CARTESIAN_POINT('',(20.0543900897034,4.67251335846249,14.2576560699082));
#6828=CARTESIAN_POINT('',(20.0543900897034,4.6925133584625,14.2576560699082));
#6829=CARTESIAN_POINT('',(20.0543900897034,4.6925133584625,14.1426560699082));
#6830=CARTESIAN_POINT('',(17.7096271084387,4.6925133584625,15.614342233162));
#6831=CARTESIAN_POINT('',(30.4468249338523,3.89505939216619,3.7825529110557));
#6832=CARTESIAN_POINT('',(30.4468249338523,4.15251356960314,3.78255291105583));
#6833=CARTESIAN_POINT('',(16.7593970718646,4.1525135695995,17.1757160371715));
#6834=CARTESIAN_POINT('',(16.759397071862,3.89505939215896,17.1757160371739));
#6835=CARTESIAN_POINT('',(16.6879222527393,3.89505939215893,17.245654225822));
#6836=CARTESIAN_POINT('',(16.6879222527393,4.15251356959617,17.2456542258222));
#6837=CARTESIAN_POINT('',(16.7552292211357,4.15251356959663,17.1716963188399));
#6838=CARTESIAN_POINT('',(16.755229221136,3.89505939215897,17.1716963188394));
#6839=CARTESIAN_POINT('',(16.7573741522722,3.89505933906017,17.1736483591023));
#6840=CARTESIAN_POINT('',(16.7417780732974,4.1525135695971,17.159454815268));
#6841=CARTESIAN_POINT('',(15.8461949202179,4.1525135695965,16.3444102927815));
#6842=CARTESIAN_POINT('',(15.8461949202182,3.89505939215938,16.3444102927809));
#6843=CARTESIAN_POINT('',(15.7788879518216,3.89505939215934,16.4183681997635));
#6844=CARTESIAN_POINT('',(15.7788879518216,4.15251356959591,16.4183681997637));
#6845=CARTESIAN_POINT('',(18.2764122018873,3.61087554400003,20.0642278738469));
#6846=CARTESIAN_POINT('',(18.0193154752966,4.15251356959711,20.0642278738472));
#6847=CARTESIAN_POINT('',(18.2364122018873,4.15251356959633,20.064227873848));
#6848=CARTESIAN_POINT('',(18.2364122018873,3.61087554400003,20.0642278738469));
#6849=CARTESIAN_POINT('',(18.2364122018873,3.61087554400005,20.0242278738469));
#6850=CARTESIAN_POINT('',(18.2364122018873,4.15251356959555,20.0242278738472));
#6851=CARTESIAN_POINT('',(18.2764122018881,4.15251356959634,20.0242278738472));
#6852=CARTESIAN_POINT('',(18.2764122018873,3.61087554400005,20.0242278738469));
#6853=CARTESIAN_POINT('',(18.2764122018873,3.61087554400068,18.8277992374631));
#6854=CARTESIAN_POINT('',(18.2764122018873,4.15251356959712,17.4173238874361));
#6855=CARTESIAN_POINT('',(18.2764122018873,4.15251356959711,18.435928553772));
#6856=CARTESIAN_POINT('',(18.2764122018873,3.7529674680794,18.435928553772));
#6857=CARTESIAN_POINT('',(18.3764122018873,3.7529674680794,18.435928553772));
#6858=CARTESIAN_POINT('',(18.3764122018873,4.1525135695971,18.435928553772));
#6859=CARTESIAN_POINT('',(18.3264128125785,4.1525135695971,18.3493256608137));
#6860=CARTESIAN_POINT('',(18.3264128125785,3.7529674680794,18.3493256608137));
#6861=CARTESIAN_POINT('',(18.5147574194381,3.89505939215811,18.240586622187));
#6862=CARTESIAN_POINT('',(18.7161676638606,4.1525135695971,18.1243042570413));
#6863=CARTESIAN_POINT('',(18.4630904165113,4.15251356959713,18.2704160944542));
#6864=CARTESIAN_POINT('',(18.4630904165113,4.1925133584625,18.2704160944542));
#6865=CARTESIAN_POINT('',(18.51308980582,4.1925133584625,18.3570189874125));
#6866=CARTESIAN_POINT('',(18.51308980582,4.15251356959713,18.3570189874125));
#6867=CARTESIAN_POINT('',(18.5350623472553,4.15251356959712,18.2594628116834));
#6868=CARTESIAN_POINT('',(18.5350623472553,4.1925133584625,18.2594628116834));
#6869=CARTESIAN_POINT('',(18.6449250544316,4.1925133584625,17.7716819330382));
#6870=CARTESIAN_POINT('',(18.6449250544316,4.15251356959712,17.7716819330382));
#6871=CARTESIAN_POINT('',(19.0657866653235,4.15251356959715,17.5017272989282));
#6872=CARTESIAN_POINT('',(19.0657866653235,4.1925133584625,17.5017272989282));
#6873=CARTESIAN_POINT('',(19.192045148591,4.1925133584625,17.4207409086952));
#6874=CARTESIAN_POINT('',(19.192045148591,4.1525135695971,17.4207409086952));
#6875=CARTESIAN_POINT('',(19.0859791314131,4.15251356959711,17.3146748915172));
#6876=CARTESIAN_POINT('',(19.0859791314131,4.1925133584625,17.3146748915172));
#6877=CARTESIAN_POINT('',(20.7838420348424,2.39555281943742,15.6168119880879));
#6878=CARTESIAN_POINT('',(19.930927075978,4.1525135695971,16.4697269469524));
#6879=CARTESIAN_POINT('',(20.3174645442344,4.1525135695971,16.0831894786959));
#6880=CARTESIAN_POINT('',(20.3174645442344,3.29403302421799,16.0831894786959));
#6881=CARTESIAN_POINT('',(20.0863626170732,3.29403302421799,15.8520875515346));
#6882=CARTESIAN_POINT('',(20.0863626170732,4.15251356959712,15.8520875515346));
#6883=CARTESIAN_POINT('',(20.4131900967552,4.15251356959712,15.8520875515771));
#6884=CARTESIAN_POINT('',(20.4131900967552,3.29403302421799,15.8520875515346));
#6885=CARTESIAN_POINT('',(20.4131900967552,4.19251322899857,15.9874639261751));
#6886=CARTESIAN_POINT('',(20.4131900967552,4.15251356959712,15.9971562317921));
#6887=CARTESIAN_POINT('',(20.4131900967552,4.15251356959712,14.0628183719764));
#6888=CARTESIAN_POINT('',(20.4131900967552,3.96251329373053,14.0628183719764));
#6889=CARTESIAN_POINT('',(20.3131900967552,3.96251329373053,14.0628183719764));
#6890=CARTESIAN_POINT('',(20.3131900967552,4.15251356959712,14.0628183719764));
#6891=CARTESIAN_POINT('',(20.3363328360709,4.15251356959712,13.9655331541015));
#6892=CARTESIAN_POINT('',(20.3363328360709,3.96251329373053,13.9655331541015));
#6893=CARTESIAN_POINT('',(20.3246308170376,3.7325133584625,13.9627494138594));
#6894=CARTESIAN_POINT('',(19.3421534178317,4.15251356959716,13.7290323206557));
#6895=CARTESIAN_POINT('',(19.7127182923487,4.15251356959713,13.8171843182339));
#6896=CARTESIAN_POINT('',(19.7127182923487,3.96251335846249,13.8171843182339));
#6897=CARTESIAN_POINT('',(19.689575553033,3.96251335846249,13.9144695361088));
#6898=CARTESIAN_POINT('',(19.689575553033,4.1525135695971,13.9144695361088));
#6899=CARTESIAN_POINT('',(16.0395090069435,3.9625133584625,13.9144695254276));
#6900=CARTESIAN_POINT('',(16.0395090069435,4.15251356959711,13.9144695254276));
#6901=CARTESIAN_POINT('',(16.0163662681972,4.15251356959711,13.8171843074173));
#6902=CARTESIAN_POINT('',(16.0163662681972,3.9625133584625,13.8171843074173));
#6903=CARTESIAN_POINT('',(16.2043576766392,3.7325133584625,13.7724638849203));
#6904=CARTESIAN_POINT('',(16.6900398935339,4.15251356959712,13.656927147796));
#6905=CARTESIAN_POINT('',(18.2364122018873,4.15251356959502,20.0242278738472));
#6906=CARTESIAN_POINT('',(18.2364122018873,4.17251356959712,20.0442278738472));
#6907=CARTESIAN_POINT('',(18.2564122018873,4.17251356959712,20.0242278738472));
#6908=CARTESIAN_POINT('',(17.4723679911641,4.152513569595,20.0242278738472));
#6909=CARTESIAN_POINT('',(17.4723679911641,4.17251356959712,20.0442278738472));
#6910=CARTESIAN_POINT('',(17.4523679911641,4.17251356959712,20.0242278738472));
#6911=CARTESIAN_POINT('',(18.0193154752966,4.17251356959712,20.0442278738472));
#6912=CARTESIAN_POINT('',(15.7788879518216,4.17251356959683,16.4183681997637));
#6913=CARTESIAN_POINT('',(15.8507094112484,4.17251356959555,16.3222345533862));
#6914=CARTESIAN_POINT('',(15.8596563138975,4.17251356959712,16.3296187113844));
#6915=CARTESIAN_POINT('',(12.127963764295,4.17251356959555,21.3051618906138));
#6916=CARTESIAN_POINT('',(15.5887840455504,4.19251356959711,16.1128287945157));
#6917=CARTESIAN_POINT('',(15.5490504417447,4.1925135695969,16.0863453506858));
#6918=CARTESIAN_POINT('',(15.5116994457654,4.19711441744284,16.056575228952));
#6919=CARTESIAN_POINT('',(15.4706500706074,4.19592372186215,16.031963754096));
#6920=CARTESIAN_POINT('',(15.4706500706079,4.19592372186237,16.0319637540949));
#6921=CARTESIAN_POINT('',(15.4581164081552,4.17251356959555,16.0517360208988));
#6922=CARTESIAN_POINT('',(15.6223900967552,4.17251356959716,15.7925888474205));
#6923=CARTESIAN_POINT('',(15.3389536790531,4.19590463157698,15.7925888474226));
#6924=CARTESIAN_POINT('',(15.3365810852292,4.19353203775238,15.8888097705948));
#6925=CARTESIAN_POINT('',(15.3881065699406,4.19352943009305,15.9824741507774));
#6926=CARTESIAN_POINT('',(15.4706500706087,4.19592372186284,16.0319637540938));
#6927=CARTESIAN_POINT('',(15.3389536790529,4.19590463157687,15.7925888474236));
#6928=CARTESIAN_POINT('',(15.3155626170732,4.17251356959712,15.7925888474205));
#6929=CARTESIAN_POINT('',(15.3155626170732,4.17251356959712,15.3449523311008));
#6930=CARTESIAN_POINT('',(15.3355626170732,4.19251356959711,15.6454211320776));
#6931=CARTESIAN_POINT('',(15.3355626170732,4.19251356959711,15.6945291287871));
#6932=CARTESIAN_POINT('',(15.34016595051,4.19711690303395,15.7434249840084));
#6933=CARTESIAN_POINT('',(15.3389536790529,4.19590463157681,15.7925888474226));
#6934=CARTESIAN_POINT('',(15.3155626170732,4.17251356959712,15.2238378126632));
#6935=CARTESIAN_POINT('',(15.1955626170732,4.17251356959712,15.2238378126632));
#6936=CARTESIAN_POINT('',(15.2493949808384,4.17251356959712,15.1165900779018));
#6937=CARTESIAN_POINT('',(15.4198641327617,4.17251356959712,14.7769722511575));
#6938=CARTESIAN_POINT('',(15.2648471801119,4.17251356959712,14.4300288200464));
#6939=CARTESIAN_POINT('',(15.2158944582226,4.17251356959712,14.3204677365376));
#6940=CARTESIAN_POINT('',(15.3358944582226,4.17251356959712,14.3204677369572));
#6941=CARTESIAN_POINT('',(15.3561190970881,4.19273820846264,14.3204677370279));
#6942=CARTESIAN_POINT('',(15.3548527470142,4.19251356959711,14.3375145537216));
#6943=CARTESIAN_POINT('',(15.3555557685749,4.19251356959707,14.3317838256915));
#6944=CARTESIAN_POINT('',(15.3560087350928,4.19262784648708,14.3261154156536));
#6945=CARTESIAN_POINT('',(15.3561190970881,4.19273820846264,14.3204677370279));
#6946=CARTESIAN_POINT('',(15.3358944557567,4.17251356959712,15.0256916113303));
#6947=CARTESIAN_POINT('',(15.3358944590785,4.17251356959712,14.0756674849566));
#6948=CARTESIAN_POINT('',(15.3558944590785,4.19251356959712,14.0756674850265));
#6949=CARTESIAN_POINT('',(15.3561190970881,4.19273820846265,14.3204677370279));
#6950=CARTESIAN_POINT('',(15.3565961176196,4.1932152289089,14.296056628368));
#6951=CARTESIAN_POINT('',(15.3582521804301,4.19487129154859,14.2472316485203));
#6952=CARTESIAN_POINT('',(15.3558944586493,4.19251356959711,14.198415345703));
#6953=CARTESIAN_POINT('',(15.3558944587347,4.19251356959711,14.1739878913479));
#6954=CARTESIAN_POINT('',(15.3558944587347,4.19251356959712,14.1739878913479));
#6955=CARTESIAN_POINT('',(15.3558944557567,4.19251356959712,15.0256916114002));
#6956=CARTESIAN_POINT('',(15.4158944590785,4.17251356959712,14.0756674852363));
#6957=CARTESIAN_POINT('',(15.3522956248495,4.17251356959712,14.0271372030951));
#6958=CARTESIAN_POINT('',(15.3681953334068,4.19251356959712,14.0392697736304));
#6959=CARTESIAN_POINT('',(15.4158944590785,4.19251356959712,14.0756674852363));
#6960=CARTESIAN_POINT('',(15.6543900874374,4.17251356959712,14.257656043266));
#6961=CARTESIAN_POINT('',(15.3688497808194,4.17251356959712,14.0069236494741));
#6962=CARTESIAN_POINT('',(15.3838782180098,4.19251356959713,14.0201200912527));
#6963=CARTESIAN_POINT('',(15.6543900874374,4.19251356959712,14.257656043266));
#6964=CARTESIAN_POINT('',(15.4289635295811,4.17251356959712,14.0597094165882));
#6965=CARTESIAN_POINT('',(15.4289635295811,4.19251356959714,14.0597094165882));
#6966=CARTESIAN_POINT('',(15.4150778863333,4.19251356959711,14.0013382857821));
#6967=CARTESIAN_POINT('',(15.4104493385841,4.17251356959712,13.98188124218));
#6968=CARTESIAN_POINT('',(16.6946684412831,4.17251356959712,13.6763841913981));
#6969=CARTESIAN_POINT('',(16.6992969890324,4.19251356959707,13.6958412350001));
#6970=CARTESIAN_POINT('',(15.5285578730832,4.19251356959711,13.9743430470397));
#6971=CARTESIAN_POINT('',(15.5285578730831,4.19251356959711,13.9743430470397));
#6972=CARTESIAN_POINT('',(15.5654302811261,4.19251356959711,13.9655716373257));
#6973=CARTESIAN_POINT('',(15.6022982861054,4.19251356959711,13.9568012750365));
#6974=CARTESIAN_POINT('',(15.6391706941484,4.19251356959711,13.9480298653225));
#6975=CARTESIAN_POINT('',(16.0209948159464,4.17251356959711,13.8366413510193));
#6976=CARTESIAN_POINT('',(16.0395090069435,4.17251356959711,13.9144695254276));
#6977=CARTESIAN_POINT('',(16.0395090071775,4.17251356959712,13.8344695254276));
#6978=CARTESIAN_POINT('',(19.689575553033,4.17251356959711,13.9144695361088));
#6979=CARTESIAN_POINT('',(19.7080897444856,4.17251356959712,13.8366413618089));
#6980=CARTESIAN_POINT('',(19.6895755532671,4.17251356959711,13.8344695361088));
#6981=CARTESIAN_POINT('',(19.3375248699686,4.17251356959712,13.7484893642306));
#6982=CARTESIAN_POINT('',(20.3317042882077,4.17251356959712,13.9849901976765));
#6983=CARTESIAN_POINT('',(20.3270757403447,4.19251356959711,14.0044472412514));
#6984=CARTESIAN_POINT('',(19.9669016142563,4.19251356959711,13.9187670516973));
#6985=CARTESIAN_POINT('',(19.9942030932369,4.1925135695971,13.9252616767265));
#6986=CARTESIAN_POINT('',(20.0336849240686,4.19650477603825,13.9387564130434));
#6987=CARTESIAN_POINT('',(20.0832838941229,4.20728375112102,13.9616350537166));
#6988=CARTESIAN_POINT('',(20.1204008967933,4.2180550469105,13.9815365221845));
#6989=CARTESIAN_POINT('',(20.1625519890924,4.20709817954153,13.9803010313405));
#6990=CARTESIAN_POINT('',(20.2167038769621,4.19650593936075,13.9822951575868));
#6991=CARTESIAN_POINT('',(20.2579852426513,4.19251356959711,13.9880116160635));
#6992=CARTESIAN_POINT('',(20.2851051324136,4.19251356959711,13.994463043657));
#6993=CARTESIAN_POINT('',(20.2851051324136,4.19251356959711,13.994463043657));
#6994=CARTESIAN_POINT('',(19.3328963221055,4.19251356959712,13.7679464078056));
#6995=CARTESIAN_POINT('',(20.3131900967552,4.17251356959712,14.0628183719764));
#6996=CARTESIAN_POINT('',(20.3131900967552,4.19251356959711,14.0628183719764));
#6997=CARTESIAN_POINT('',(20.3731900967552,4.19251356959712,14.0628183719764));
#6998=CARTESIAN_POINT('',(20.3931900967552,4.17251356959712,14.0628183719764));
#6999=CARTESIAN_POINT('',(20.3931900967552,4.17251356959712,15.9971562317921));
#7000=CARTESIAN_POINT('',(20.3931900967552,4.17251356959712,15.8520875516196));
#7001=CARTESIAN_POINT('',(20.3721783478471,4.19352531850528,15.8520875516301));
#7002=CARTESIAN_POINT('',(20.3731900967552,4.19251356959712,15.9971562317921));
#7003=CARTESIAN_POINT('',(20.3731900967552,4.19251356959711,14.1132034634805));
#7004=CARTESIAN_POINT('',(20.3731900967552,4.19251356959711,14.1132034634805));
#7005=CARTESIAN_POINT('',(20.3731900967552,4.19251356959712,14.1612855260005));
#7006=CARTESIAN_POINT('',(20.3571788751837,4.20852479116866,14.2567731442682));
#7007=CARTESIAN_POINT('',(20.3731900967552,4.19251356959712,14.3533505851522));
#7008=CARTESIAN_POINT('',(20.3731900967552,4.19251356959711,14.4021086763359));
#7009=CARTESIAN_POINT('',(20.3731900967552,4.19251356959711,15.6453494414975));
#7010=CARTESIAN_POINT('',(20.3731900967552,4.19251356959711,15.6798074436413));
#7011=CARTESIAN_POINT('',(20.3675913456499,4.19811232070246,15.7486686488371));
#7012=CARTESIAN_POINT('',(20.3707866235632,4.19491704278914,15.8176159276582));
#7013=CARTESIAN_POINT('',(20.3721783478457,4.19352531850657,15.8520875516303));
#7014=CARTESIAN_POINT('',(20.0863626170732,4.17251356959712,15.8520875515346));
#7015=CARTESIAN_POINT('',(20.3033224086107,4.17251356959712,16.0690473430721));
#7016=CARTESIAN_POINT('',(20.3721783478475,4.19352531850484,15.8520875516407));
#7017=CARTESIAN_POINT('',(20.3729129968462,4.19279066949942,15.8702840757926));
#7018=CARTESIAN_POINT('',(20.3713608538677,4.19251356959719,15.8904906014998));
#7019=CARTESIAN_POINT('',(20.3671250772445,4.19251356959712,15.9107598964622));
#7020=CARTESIAN_POINT('',(19.9167849403542,4.17251356959712,16.4555848113286));
#7021=CARTESIAN_POINT('',(19.0718369957893,4.17251356959712,17.3005327558934));
#7022=CARTESIAN_POINT('',(19.192045148591,4.17251356959712,17.4207409086952));
#7023=CARTESIAN_POINT('',(19.0489522008879,4.17251356959712,17.5125254842926));
#7024=CARTESIAN_POINT('',(18.6449250544316,4.17251356959712,17.7716819330382));
#7025=CARTESIAN_POINT('',(18.5394568555424,4.17251356959712,18.2399515765376));
#7026=CARTESIAN_POINT('',(18.51308980582,4.17251356959712,18.3570189874125));
#7027=CARTESIAN_POINT('',(18.4530905386496,4.17251356959712,18.2530955158624));
#7028=CARTESIAN_POINT('',(18.7061677859989,4.17251356959712,18.1069836784496));
#7029=CARTESIAN_POINT('',(18.3164129347167,4.17251356959711,18.3320050822221));
#7030=CARTESIAN_POINT('',(18.3764122018873,4.17251356959711,18.435928553772));
#7031=CARTESIAN_POINT('',(18.2564122018873,4.17251356959712,18.435928553772));
#7032=CARTESIAN_POINT('',(18.2564122018873,4.17251356959712,17.4173238874361));
#7033=CARTESIAN_POINT('',(17.4523679911641,4.17251356959712,18.035538205628));
#7034=CARTESIAN_POINT('',(17.4523679913936,4.17251356959598,18.5127989469174));
#7035=CARTESIAN_POINT('',(15.8323679913936,4.17251356959598,18.5127989469175));
#7036=CARTESIAN_POINT('',(16.9733520996722,4.17251356960016,17.3627749190575));
#7037=CARTESIAN_POINT('',(30.4468249338523,4.17251356960016,3.78255291105583));
#7038=CARTESIAN_POINT('',(16.7736920356865,4.17251356959648,17.1617283994444));
#7039=CARTESIAN_POINT('',(16.6879222527393,4.17251356959648,17.2456542258222));
#7040=CARTESIAN_POINT('',(16.7686906148154,4.17251356959712,17.156904737443));
#7041=CARTESIAN_POINT('',(16.7552394669768,4.17251356959712,17.1446632338715));
#7042=CARTESIAN_POINT('',(18.6302996421743,4.19251356959712,17.7580984532006));
#7043=CARTESIAN_POINT('',(18.6302996421743,4.1525135695971,17.7580984532006));
#7044=CARTESIAN_POINT('',(18.6302996421743,4.1525135695971,18.0580984532006));
#7045=CARTESIAN_POINT('',(18.6302996421743,4.17251356959711,17.7580984532006));
#7046=CARTESIAN_POINT('',(15.4183628438607,4.19251356959712,14.7743226567241));
#7047=CARTESIAN_POINT('',(15.4183628438607,4.15251356959711,14.7743226567241));
#7048=CARTESIAN_POINT('',(15.4183628438607,4.15251356959711,15.0743226567241));
#7049=CARTESIAN_POINT('',(15.4183628438607,4.17251356959712,14.7743226567241));
#7050=CARTESIAN_POINT('',(15.4000018784506,4.19251356959711,14.4348187908415));
#7051=CARTESIAN_POINT('',(15.4093601402743,4.1925135695971,14.4343126796042));
#7052=CARTESIAN_POINT('',(15.4285863775776,4.19557131055742,14.4311583108035));
#7053=CARTESIAN_POINT('',(15.4445320831988,4.2140034513949,14.4137872837998));
#7054=CARTESIAN_POINT('',(15.441965254736,4.23414848965391,14.3933995433013));
#7055=CARTESIAN_POINT('',(15.4367229620242,4.24642386413183,14.3808247046161));
#7056=CARTESIAN_POINT('',(15.4334317938685,4.25251356959711,14.3746065990711));
#7057=CARTESIAN_POINT('',(15.4334317938685,4.25251356959711,14.3746065990711));
#7058=CARTESIAN_POINT('',(15.7106443189185,4.25251356959711,14.5012447569628));
#7059=CARTESIAN_POINT('',(15.7037899478708,4.24642438760674,14.5028277013026));
#7060=CARTESIAN_POINT('',(15.690846602249,4.23415045316046,14.5070893324653));
#7061=CARTESIAN_POINT('',(15.6737390121661,4.21395412406641,14.518553959183));
#7062=CARTESIAN_POINT('',(15.6710679998395,4.19559790629196,14.5418907075338));
#7063=CARTESIAN_POINT('',(15.6812698938904,4.19251356959712,14.5585269953946));
#7064=CARTESIAN_POINT('',(15.6870156891452,4.19251356959711,14.5659344403573));
#7065=CARTESIAN_POINT('',(15.7106443189185,4.25251356959711,14.5012447569628));
#7066=CARTESIAN_POINT('',(15.4334317938685,4.25251356959712,14.3746065990711));
#7067=CARTESIAN_POINT('',(15.4445050509664,4.23202453012045,14.3955276453693));
#7068=CARTESIAN_POINT('',(15.4722892564075,4.19320218653858,14.4356149774941));
#7069=CARTESIAN_POINT('',(15.5480302590759,4.1592120264937,14.4907681937606));
#7070=CARTESIAN_POINT('',(15.6389994167336,4.19318569594705,14.5117840322472));
#7071=CARTESIAN_POINT('',(15.6875892578054,4.23203226475668,14.5065690789521));
#7072=CARTESIAN_POINT('',(15.7106443189185,4.25251356959711,14.5012447569628));
#7073=CARTESIAN_POINT('',(20.0463900967552,4.1925133584625,15.7706561053267));
#7074=CARTESIAN_POINT('',(20.0463900967552,4.29251356959711,15.7706561053267));
#7075=CARTESIAN_POINT('',(20.2963900967552,4.29251356959711,15.7706561053267));
#7076=CARTESIAN_POINT('',(20.0463900967552,4.29251356959711,15.7706561053267));
#7077=CARTESIAN_POINT('',(20.0543900897034,4.19251356959712,14.2576560699082));
#7078=CARTESIAN_POINT('',(20.0543900897034,4.29251356959711,14.2576560699082));
#7079=CARTESIAN_POINT('',(19.8043900897034,4.29251356959711,14.2576560699082));
#7080=CARTESIAN_POINT('',(17.7622187487059,4.19251356959712,16.0068485374091));
#7081=CARTESIAN_POINT('',(20.0543900897034,4.19251356959711,14.2576560699082));
#7082=CARTESIAN_POINT('',(15.6623900967552,4.1925133584625,15.7706561053267));
#7083=CARTESIAN_POINT('',(15.6623900967552,4.29251356959711,15.7706561053267));
#7084=CARTESIAN_POINT('',(15.9123900967552,4.29251356959711,15.7706561053267));
#7085=CARTESIAN_POINT('',(15.6623900967552,4.29251356959711,15.7706561053267));
#7086=CARTESIAN_POINT('',(17.7622187487059,4.19251356959712,16.0068485374091));
#7087=CARTESIAN_POINT('',(15.6543900874374,4.19251356959711,14.257656043266));
#7088=CARTESIAN_POINT('',(15.6543900874374,4.19251356959712,14.257656043266));
#7089=CARTESIAN_POINT('',(15.6543900874374,4.25251356959711,14.257656043266));
#7090=CARTESIAN_POINT('',(15.6543900874374,4.25251356959711,14.257656043266));
#7091=CARTESIAN_POINT('',(17.8305190218148,3.89251356959713,16.0288086335624));
#7092=CARTESIAN_POINT('',(19.4781671544775,3.89251356959713,14.2591343784519));
#7093=CARTESIAN_POINT('',(19.4781671544775,3.89251356959713,13.9591343784519));
#7094=CARTESIAN_POINT('',(19.4781671544775,3.89251356959713,14.2591343784519));
#7095=CARTESIAN_POINT('',(19.4781671544775,3.89251356959713,14.0891343784519));
#7096=CARTESIAN_POINT('',(19.4781671544775,4.19251356959715,14.2591343784519));
#7097=CARTESIAN_POINT('',(20.0543900897034,4.29251356959711,14.2576560699082));
#7098=CARTESIAN_POINT('',(19.7376935535459,4.19251356959711,14.1086483386125));
#7099=CARTESIAN_POINT('',(19.7512733099187,4.1925135695971,14.1320678217447));
#7100=CARTESIAN_POINT('',(19.7709596760046,4.20712765167375,14.1798547690418));
#7101=CARTESIAN_POINT('',(19.7816644977058,4.23394083557938,14.2586000865652));
#7102=CARTESIAN_POINT('',(19.7713811541816,4.20714673531586,14.3367065406279));
#7103=CARTESIAN_POINT('',(19.7519135443947,4.19251356959711,14.3848121762596));
#7104=CARTESIAN_POINT('',(19.7384622805141,4.19251356959711,14.4082868084074));
#7105=CARTESIAN_POINT('',(19.4781671544775,4.19251356959713,14.2591343784519));
#7106=CARTESIAN_POINT('',(17.3583805176427,4.17251356959712,13.834469529287));
#7107=CARTESIAN_POINT('',(17.3583805176427,4.17251356959712,13.834469529287));
#7108=CARTESIAN_POINT('',(17.3583805176427,4.17251356959712,13.834469529287));
#7109=CARTESIAN_POINT('',(19.5075533563106,4.15251356959715,13.8144695355762));
#7110=CARTESIAN_POINT('',(16.1873710811933,3.09249831209553,12.6555837676744));
#7111=CARTESIAN_POINT('',(16.5623936043274,3.09249788822516,12.7989410396493));
#7112=CARTESIAN_POINT('',(19.5074497187787,3.09249645848155,13.1559454299398));
#7113=CARTESIAN_POINT('',(19.1323935726213,3.09249741107034,12.7985373449947));
#7114=CARTESIAN_POINT('',(17.9662674665451,1.69251356959712,12.5385395680621));
#7115=CARTESIAN_POINT('',(18.8323937772807,6.49251335846251,12.5385395680621));
#7116=CARTESIAN_POINT('',(17.9662674665451,1.69251356959712,12.5385395680621));
#7117=CARTESIAN_POINT('',(16.8623938089868,6.49251335846251,12.5385395680621));
#7118=CARTESIAN_POINT('',(18.8323937772807,6.49251335846251,12.6685398150655));
#7119=CARTESIAN_POINT('',(19.4323937772807,6.49251335846251,12.6685398150655));
#7120=CARTESIAN_POINT('',(16.2623938089868,6.49251335846251,12.6687416623922));
#7121=CARTESIAN_POINT('',(16.8623938089868,6.49251335846251,12.6687416623922));
#7122=MECHANICAL_DESIGN_GEOMETRIC_PRESENTATION_REPRESENTATION('',(#4093),
#7123);
#7123=(
GEOMETRIC_REPRESENTATION_CONTEXT(3)
GLOBAL_UNCERTAINTY_ASSIGNED_CONTEXT((#7124))
GLOBAL_UNIT_ASSIGNED_CONTEXT((#7127,#7126,#7125))
REPRESENTATION_CONTEXT('NH36_1.4_MainMount (1) (1):1__Body1',
'TOP_LEVEL_ASSEMBLY_PART')
);
#7124=UNCERTAINTY_MEASURE_WITH_UNIT(LENGTH_MEASURE(0.002),#7127,
'DISTANCE_ACCURACY_VALUE','Maximum Tolerance applied to model');
#7125=(
NAMED_UNIT(*)
SI_UNIT($,.STERADIAN.)
SOLID_ANGLE_UNIT()
);
#7126=(
NAMED_UNIT(*)
PLANE_ANGLE_UNIT()
SI_UNIT($,.RADIAN.)
);
#7127=(
LENGTH_UNIT()
NAMED_UNIT(*)
SI_UNIT(.CENTI.,.METRE.)
);
#7128=PRODUCT_DEFINITION_SHAPE('','',#7129);
#7129=PRODUCT_DEFINITION('','',#7131,#7130);
#7130=PRODUCT_DEFINITION_CONTEXT('',#7137,'design');
#7131=PRODUCT_DEFINITION_FORMATION_WITH_SPECIFIED_SOURCE('','',#7133,
 .NOT_KNOWN.);
#7132=PRODUCT_RELATED_PRODUCT_CATEGORY('','',(#7133));
#7133=PRODUCT('NH36_1.4_MainMount (1) (1):1__Body1',
'NH36_1.4_MainMount (1) (1):1__Body1',
'NH36_1.4_MainMount (1) (1):1__Body1',(#7135));
#7134=PRODUCT_CATEGORY('','');
#7135=PRODUCT_CONTEXT('',#7137,'mechanical');
#7136=APPLICATION_PROTOCOL_DEFINITION('international standard',
'ap242_managed_model_based_3d_engineering',2020,#7137);
#7137=APPLICATION_CONTEXT('managed model based 3d engineering');
ENDSEC;
END-ISO-10303-21;
